ticker,date,signal_time,prob,hit,avg_best,avg_fwd2,avg_worst,gap_sig_p,gap_sig_med,gap_sig_n,gap_down_p,gap_down_med,gap_down_n,open,high,low,close,volume,close_vs_vwap,close_pos,last_hour_ret,ret_1,ret_5,ret_21,rsi14,atr14_pct,vol_ratio,px_sma50,px_sma200,dist_52w_high,dollar_vol21,gap,streak,body_pct,range_ratio,trend_sma20_50,touch_high_5d,bbw_pct120,adr_ratio_5_21,vol_dry5,quiet10,close_to_10d_high,max_abs_ret10,sma20_slope5,tier
FROG,2026-09-01,15:30 ET,0.5383772209355042,0.4756217277486911,0.024857309783522307,0.007010465132144847,-0.014380278288459336,0.46534653465346537,-0.001337525021726571,101.0,0.2830188679245283,-0.0044740959380037415,53,98.5999984741211,99.69999694824219,91.29000091552734,91.45999908447266,2048093.6666666665,-0.023386256414258066,0.02021382272762323,-0.006625400373340695,-0.08603977852112343,0.022127801221027088,0.10995142464588814,50.62200069887218,0.06662184384622111,0.9256230232171009,0.03431467689105061,0.402538615374104,-0.1352118264269497,202671504.1377773,0.0017779569919980087,-1.0,0.07241378803390577,1.499856248157181,0.037430292475703814,0.1340211724338232,0.2916666666666667,1.1801375405932901,1.0943987136743252,3.0,-0.12083052813921391,0.1210128810154858,0.04977641966766555,momentum
MRNA,2026-09-01,15:30 ET,0.5314944123638446,0.4756217277486911,0.024857309783522307,0.007010465132144847,-0.014380278288459336,0.5227272727272727,0.00037110898080394694,132.0,0.24528301886792453,-0.00742671485650781,53,139.9600067138672,154.6999969482422,138.08999633789062,152.6107940673828,22736015.25,0.036128505456270776,0.8742201803678828,0.00633564266118114,0.08743621241052568,-0.03915637909698677,1.7676966948975483,67.1087482415988,0.09499891271329616,0.7329381172858161,0.9033140137195519,1.8815215158693235,-0.13613273574206722,4435658787.044136,0.04369873485186915,2.0,0.09038858778692949,0.8718062166447494,0.298081726851179,0.4662512955455545,0.9333333333333333,0.7799472774990672,0.7800521018948394,0.0,-0.1248377692732553,1.7696951623021624,0.2711292800327041,momentum
CHTR,2026-09-01,15:30 ET,0.5273264952632133,0.4756217277486911,0.024857309783522307,0.007010465132144847,-0.014380278288459336,0.5,0.0003151784032872085,38.0,0.16666666666666666,-0.005758952787894456,54,146.3300018310547,150.49000549316406,144.8300018310547,145.8699951171875,1301934.8333333333,-0.005663291788942093,0.18374427795780382,0.0030255274947801336,-0.0430989715232003,-0.05975250940396404,0.012283059949354858,47.73243930485839,0.04896934003078703,0.5069267229687198,0.02816580000059775,-0.2024675835514784,-0.4896438619437845,380584447.36696565,-0.03704925397518244,-2.0,0.0031436254227502044,0.8191033881361685,0.07053089620893817,0.013230787268236179,0.1,0.7020785913173322,0.7068179949735784,3.0,-0.05975250940396404,0.0430989715232003,0.008228169323197587,momentum
AXON,2026-09-01,15:30 ET,0.5256396274829898,0.4756217277486911,0.024857309783522307,0.007010465132144847,-0.014380278288459336,0.5529411764705883,0.0013650408829570804,85.0,0.375,-0.005789131225299893,32,553.43798828125,558.969970703125,511.18341064453125,519.969970703125,1215699.3333333333,-0.006262039994615831,0.18387094714120586,-0.006268570084806524,-0.08223317399080998,-0.15212151057779466,-0.09708625704249763,39.33353368155922,0.06550143828564507,1.334803883893116,-0.07533705133702769,0.027531063551965784,-0.3436048420383197,547062270.2713487,-0.06335066452056615,-3.0,0.06047293154209173,1.6492348642227876,0.0663126562504391,0.019304597450684267,0.21666666666666667,0.7900806275120082,0.8281992186016526,2.0,-0.1947438606600176,0.08223317399080998,0.011692356935336434,momentum
IREN,2026-09-01,15:30 ET,0.48836737530258956,0.4368455497382199,0.019569532265949853,0.0048958296258040995,-0.011883623371941113,0.4915254237288136,-0.000826635999832348,177.0,0.3333333333333333,-0.02599211374829291,33,36.07500076293945,37.2599983215332,35.13999938964844,37.02000045776367,30031838.416666664,0.017681904967484785,0.8867934034494237,0.0072098865990326555,-0.002559644790700477,-0.12295661547688053,-0.06867923376695162,43.43351562958927,0.0935085786468107,0.6665480377746619,-0.09185241938781864,-0.1907060082025059,-0.5184077125662684,1810216145.447353,0.007400150223006996,-1.0,0.026195417181945988,0.7637709169635082,-0.00039372300807934005,-0.00535609303479097,0.14166666666666666,0.8095905262900682,1.1086251501995341,2.0,-0.1358543341291898,0.12533920970538848,0.0058316153663666714,momentum
TEAM,2026-09-01,15:30 ET,0.48760843040217045,0.4368455497382199,0.019569532265949853,0.0048958296258040995,-0.011883623371941113,0.4444444444444444,-0.0016165400284158804,108.0,0.23529411764705882,-0.006947741298711785,34,190.5800018310547,193.64500427246094,185.4499969482422,187.21499633789062,3069753.9166666665,-0.006810079706433325,0.2153749618297869,0.0007215870510726141,-0.035819137336568385,0.12448189177083968,0.8051778805378491,73.06896376735757,0.04932609147714123,0.54433617433394,0.5698936343790216,0.7228091187436652,-0.05111508645654497,870454080.3247321,0.011517425437966411,-1.0,0.017656655791970618,0.8499986626481753,0.3701717239684387,0.18832906748011136,0.8083333333333333,1.1215536365806738,0.8662421397214288,3.0,-0.035819137336568385,0.10179850283266223,0.14284165077397915,momentum
EXPE,2026-09-01,15:30 ET,0.48570778587650854,0.4368455497382199,0.019569532265949853,0.0048958296258040995,-0.011883623371941113,0.5769230769230769,0.0038372749591751854,26.0,0.3191489361702128,-0.003382972545205587,47,313.6600036621094,315.3500061035156,303.8599853515625,304.1600036621094,1716226.4166666665,-0.01736035581551476,0.0261112070224831,-0.008022932275300376,-0.04086778397650059,-0.09874108605754095,0.02203964831478622,46.31797409064426,0.04081774361513824,1.1348189499460546,0.04407152229572318,0.18305015341205635,-0.10936120673720816,487083410.90929,-0.035604436477571055,-2.0,0.03028757217714595,1.0206250741510454,0.10587134544483241,0.03351225803821263,0.18333333333333332,1.0128053947848417,0.8848019758395506,4.0,-0.10182384447869919,0.054410295095943084,0.0162024441229065,momentum
NXT,2026-09-01,15:30 ET,0.48554555808246785,0.4368455497382199,0.019569532265949853,0.0048958296258040995,-0.011883623371941113,0.5534591194968553,0.0017164610015625303,159.0,0.26785714285714285,-0.007579273075990101,56,79.9800033569336,83.26000213623047,79.01000213623047,83.13999938964844,2241233.583333333,0.013864628787582767,0.9717640596277574,0.008124144040598358,0.013531642409724265,-0.019691053142544157,-0.08304840555159432,35.67845840394838,0.061273644151791186,1.0432712680328788,-0.1772894742745141,-0.23427966815197795,-0.4903451425176281,201274321.7341946,-0.04785710289364764,1.0,0.03950982620758916,1.069640005353423,-0.07361942643543018,-0.04311738445223093,0.8916666666666667,0.9378863260626783,0.7902094145019051,3.0,-0.0974815793442515,0.04624405133757492,-0.021495091148549195,momentum
NBIS,2026-09-01,15:30 ET,0.4815263417614784,0.4368455497382199,0.019569532265949853,0.0048958296258040995,-0.011883623371941113,0.5621621621621622,0.003982430189248376,185.0,0.28125,-0.018986739857385415,32,199.14999389648438,202.8074951171875,194.8000030517578,200.43499755859375,9402851.25,0.008970640434956767,0.7037152782409357,0.0014239503912090168,-0.02852369889836759,-0.09701763095769544,-0.05713145247836171,44.70309804426242,0.09740247727532916,0.3945718033009771,-0.07250891376452305,0.31107809539933723,-0.3315713754751261,5278758609.194099,-0.03200722625868979,-3.0,0.00645244138333895,0.5919243533717743,0.024445347648036155,-0.013131984933759298,0.6416666666666667,0.5886655100582463,0.46330232927807274,2.0,-0.10480123705916322,0.09874008574846371,0.019095323770372596,momentum
CRDO,2026-09-01,15:30 ET,0.4754181398354735,0.4368455497382199,0.019569532265949853,0.0048958296258040995,-0.011883623371941113,0.519774011299435,0.004362128156166989,177.0,0.2619047619047619,-0.008538773699856672,42,220.0,221.74000549316406,210.1199951171875,213.72999572753906,4933691.75,-0.004134436476888159,0.31067103156938214,0.0060249413870723245,-0.05508646084875002,-0.056421346029882136,-0.021158737104803538,42.86334955211635,0.0876130858316393,1.1681081692181663,-0.09642656384983367,0.22096035440982678,-0.3075777159105953,1028126676.0145465,-0.051724137931034475,-3.0,0.028500019420276988,0.8329696408074168,0.014776238442652035,0.0008592732349098964,0.25833333333333336,0.724213264711376,0.8779083748379393,3.0,-0.11034802347429751,0.060709080606274224,0.020754550541613348,momentum
MDB,2026-09-01,15:30 ET,0.4744607580071593,0.4368455497382199,0.019569532265949853,0.0048958296258040995,-0.011883623371941113,0.4266666666666667,-0.0030309563689085994,75.0,0.2692307692307692,-0.010892310091034807,52,443.19000244140625,448.68060302734375,430.5249938964844,434.7550048828125,1831109.5833333333,-0.006597791738021552,0.23298645370913545,-0.009602014548077076,-0.04105915793912074,0.07368119743580603,0.2145012246843787,57.95058735120449,0.049783054145868796,1.2184125542436168,0.17744957596795274,0.27112194058358957,-0.0810505193954978,645079078.1426784,-0.0011719118876873935,-1.0,0.01903246353060262,0.933224845629338,0.15448785986970992,0.06355788385870292,0.35833333333333334,0.9201759187140849,1.0441055652228068,4.0,-0.04105915793912074,0.08487848726709601,0.05689716135681033,momentum
DDOG,2026-09-01,15:30 ET,0.4691811820999573,0.4368455497382199,0.019569532265949853,0.0048958296258040995,-0.011883623371941113,0.4411764705882353,-0.0012194832406238754,68.0,0.1590909090909091,-0.01731772802389009,44,232.6199951171875,237.3800048828125,223.67999267578125,223.70799255371094,2384925.833333333,-0.016266689981230487,0.0020437848891344153,-0.0031726478078766274,-0.05624367663699992,0.003219817224359156,-0.18235384662574972,41.31697128570061,0.06264632562039466,0.4745455281066702,-0.10436826847710196,0.2715051093750177,-0.2357611655479564,1194518079.515086,-0.005748728407050763,-1.0,0.038311420989356235,1.244720111129288,-0.03620777329645001,0.009126681212130363,0.3416666666666667,1.028912337528833,0.6859288353970798,4.0,-0.0791256769505787,0.06702681350009088,-0.03876210854363904,momentum
MU,2026-09-01,15:30 ET,0.46880733482479087,0.4368455497382199,0.019569532265949853,0.0048958296258040995,-0.011883623371941113,0.54375,0.009445258412147606,160.0,0.34285714285714286,-0.026714672929267547,35,939.47998046875,969.4400024414062,922.3900146484375,931.9312133789062,24748987.25,-0.012001870552422411,0.2027885484785313,0.0027828661662896437,-0.02795236159897818,-0.0011133877368377787,0.12348548930549286,50.26308793727249,0.06161057981374489,0.841860702239203,-0.01474970842548877,0.5654711156947275,-0.2573111024503618,26992886740.782524,0.00868590568191352,-1.0,0.008035048374396782,1.1593520886000095,-0.017532985662364792,0.03167057625920132,0.025,0.8655702349764284,0.7336535547372821,5.0,-0.04351585496418908,0.058286305998766164,0.029835192544373612,momentum
PANW,2026-09-01,15:30 ET,0.467269841182355,0.4368455497382199,0.019569532265949853,0.0048958296258040995,-0.011883623371941113,0.5,-0.00021428146053981134,30.0,0.17777777777777778,-0.006786080935482497,45,374.82000732421875,375.9200134277344,357.2699890136719,359.2084045410156,6174546.083333333,-0.00660737079375362,0.10393635334236587,0.00019042682460512772,-0.05998377528303811,0.05680615178360826,0.034795032086842204,50.54339123541294,0.051324449794432826,1.0975370849642065,0.03590406972952677,0.5540137647875714,-0.09945748058605255,2085407737.176026,0.013027046822212895,-1.0,0.0416509323892604,1.0580975042449487,0.061994328012633645,0.03963169417774452,0.25,1.234820518714194,1.1793522611081082,1.0,-0.06175160294005,0.12831926220329892,0.020783827892659312,momentum
MRVL,2026-09-01,15:30 ET,0.4637697038962258,0.4368455497382199,0.019569532265949853,0.0048958296258040995,-0.011883623371941113,0.5495495495495496,0.002763915789873339,111.0,0.3333333333333333,-0.017541738458735023,30,205.05169677734375,210.02999877929688,200.6199951171875,209.64500427246094,17943329.083333332,0.01601475356430737,0.9590866783202042,0.005732824858306174,-0.009519981833058688,-0.12786005485495833,0.08187122300084893,44.90978153483882,0.07998978556955394,0.7189398319472736,-0.06657568387933895,0.3995188188562924,-0.3643242415509769,5556651983.2414875,-0.05200326452016968,-4.0,0.022400729022519866,0.7000969723775169,6.231572433074068e-05,0.09126081520496986,0.06666666666666667,0.8189095312175786,1.246509087942974,2.0,-0.1647941960065996,0.10283703518280563,0.04122377074877259,momentum
RKLB,2026-09-01,15:30 ET,0.4604125695332603,0.4368455497382199,0.019569532265949853,0.0048958296258040995,-0.011883623371941113,0.5191256830601093,0.0007938907180686794,183.0,0.43137254901960786,-0.004562061182557864,51,62.084999084472656,63.93519973754883,61.93000030517578,62.71200180053711,12383480.416666666,0.0037110887819780114,0.3899868924438458,0.0067376002270240765,-0.018898567005827815,-0.06274101975501101,-0.10958396239097401,33.4896511655279,0.07225650090198554,0.6929839103731558,-0.17830014314841397,-0.20807265686317114,-0.5846887297977675,1320511659.7268646,-0.025812026825348777,-3.0,0.010099101639855952,0.6646335102862161,-0.0320917902254795,-0.08583389282761951,0.35,0.6006641805465757,0.7674203306270779,3.0,-0.17310120215280922,0.05911534978045907,-0.005658828759723011,momentum
FSLR,2026-09-01,15:30 ET,0.4561141120488147,0.4368455497382199,0.019569532265949853,0.0048958296258040995,-0.011883623371941113,0.5222222222222223,0.00043101979256432443,90.0,0.0967741935483871,-0.012948864946098815,31,199.0019989013672,202.61000061035156,198.610107421875,199.02999877929688,1134524.0833333333,-0.007504315102114689,0.10497564250754376,-0.0031553885167641127,-0.014214934145362013,-0.03766564292162489,-0.14480298013538107,35.56448750501973,0.04836230532561813,0.4808476994748014,-0.10216621499243402,-0.1396563904781104,-0.3798722816345897,522509338.21664655,-0.021670540688177864,-3.0,0.0001407014908607289,0.5808733719670751,-0.004772691181018044,-0.04768377451010865,0.5583333333333333,0.6162939846357016,0.6579156320370081,6.0,-0.10508091618053295,0.03749998456282566,-0.01588448643192031,momentum
CRWV,2026-09-01,15:30 ET,0.45594319301336933,0.4368455497382199,0.019569532265949853,0.0048958296258040995,-0.011883623371941113,0.5144508670520231,0.0009340558733259563,173.0,0.3617021276595745,-0.020373477656171035,47,82.27999877929688,82.80000305175781,80.38999938964844,81.80000305175781,12992870.583333332,0.003016470171996355,0.58506287118056,0.009689608936906069,-0.03640000424204759,-0.07087684914674963,-0.04617536130866884,42.60405164418282,0.07921184313864431,0.46111830672936105,-0.05571726715675301,-0.10455739192172421,-0.466057410696989,2613653591.1943054,-0.004235731402092213,-1.0,0.005833686614733374,0.5171683541114349,0.05703675944262351,-0.038851108639935614,0.4,0.719737399508141,0.5088944106815759,4.0,-0.09981291318014607,0.03640000424204759,0.02323204053255168,momentum
ASTS,2026-09-01,15:30 ET,0.4547502084512884,0.4368455497382199,0.019569532265949853,0.0048958296258040995,-0.011883623371941113,0.4702702702702703,-0.002460129957926327,185.0,0.2972972972972973,-0.02894285729523649,37,57.36000061035156,58.499900817871094,55.81999969482422,56.20000076293945,6575947.083333333,-0.004938686477683474,0.1417966748277629,0.004827471058295174,-0.049069336481480486,-0.09369452855760207,-0.11523928907543857,37.79282464571824,0.08006930865013863,0.6087092670930875,-0.16289321343577304,-0.3093228706713263,-0.5801583706358251,711870036.2522994,-0.0013927231592971712,-1.0,0.020223149146946978,0.8072966971645676,-0.01523772528072872,-0.07068202835740137,0.2916666666666667,0.7816997941723461,0.690538894761871,2.0,-0.18135470482467786,0.0917698894643566,-0.00721541658415259,momentum
FTAI,2026-09-01,15:30 ET,0.45382247046800617,0.4368455497382199,0.019569532265949853,0.0048958296258040995,-0.011883623371941113,0.5727272727272728,0.0017826530312342603,110.0,0.40625,-0.008042639083683634,32,186.4600067138672,191.77000427246094,186.4600067138672,189.36000061035156,831815.8333333333,-0.001736495964606899,0.5461384613616248,0.0026208937748684047,-0.0038927168301146065,-0.055419766262784886,-0.1570925005944891,37.322313586535955,0.05888693871941516,0.6654180649272904,-0.13956561636450118,-0.1876339777224882,-0.4113840427652695,259071230.3650889,-0.0288541316986084,-4.0,0.015552900311403346,0.6036147922014842,-0.04789954277385374,-0.039437135836410044,0.43333333333333335,0.7018496134322704,0.8553587681429196,5.0,-0.10217629641826853,0.06211182910272306,-0.01655105963206971,momentum
TSLA,2026-09-01,15:30 ET,0.4525859990928965,0.4368455497382199,0.019569532265949853,0.0048958296258040995,-0.011883623371941113,0.5757575757575758,0.0031546028266538073,33.0,0.25,-0.018468480900724504,32,360.8550109863281,362.69989013671875,352.9599914550781,356.614990234375,31143504.166666664,-0.0027825901244509232,0.3752604517525857,0.006377726229287228,-0.030805874702019342,0.018172705879728746,0.10722492890554292,53.3074855337352,0.03862032392024559,0.906819076076491,-0.006240158953679135,-0.10890823685865353,-0.2850971276108075,11769747117.380537,0.03929904054335198,-1.0,0.01174992898217996,0.7417487921717296,-0.04536256219146009,0.07406906267638119,0.275,1.0887078126018268,1.0953121830977042,2.0,-0.030805874702019342,0.05505379844310054,0.031019296339326097,momentum
HOOD,2026-09-01,15:30 ET,0.44531008665318716,0.4368455497382199,0.019569532265949853,0.0048958296258040995,-0.011883623371941113,0.5217391304347826,0.001190960933016516,115.0,0.32432432432432434,-0.016367324517697623,37,105.33999633789062,106.95999908447266,102.44999694824219,103.5250015258789,20895028.916666664,-0.014684919759499593,0.2383601038679828,0.002614926925021077,-0.012260242941008359,-0.07641176814916562,0.14594870182054898,53.13637512941625,0.05689137339713818,1.1419249793580288,0.022413610506781197,0.08828085261011624,-0.32714804942673426,1847941133.5949388,0.018565057077344127,-1.0,0.017229873505880008,0.705073629374364,-0.017868169222566156,0.10371182813680833,0.45,0.9144638807617936,0.8528447210020843,4.0,-0.07641176814916562,0.13701365918362884,0.04412089697101518,momentum
STRL,2026-09-01,15:30 ET,0.44520909990790875,0.4368455497382199,0.019569532265949853,0.0048958296258040995,-0.011883623371941113,0.572463768115942,0.0038282823577310277,138.0,0.4727272727272727,0.0,55,463.44000244140625,470.3900146484375,450.260009765625,456.4849853515625,498422.1666666666,-0.004939264895527318,0.30923865255753313,-0.001116007332846669,-0.028899997364193464,-0.061483641514496035,-0.2534629544822068,33.13514723937469,0.0784830270155327,0.7865580410567983,-0.2689169197394823,-0.12321709585762111,-0.5460932019369231,331846817.5695752,-0.016050950230560024,-3.0,0.015007373237538096,0.7353426441210051,-0.16132282296979086,-0.033029166763078384,0.375,0.8643472337018716,0.6732456618167453,2.0,-0.14579909338127217,0.07079804579499027,-0.038906423838829696,momentum
GH,2026-09-01,15:30 ET,0.4418939428383674,0.4368455497382199,0.019569532265949853,0.0048958296258040995,-0.011883623371941113,0.5596330275229358,0.0020022261864696134,109.0,0.3333333333333333,-0.005559647615202945,30,158.14999389648438,165.6300048828125,156.32000732421875,165.4250030517578,1721477.3333333333,0.021553957158412684,0.9779804635001803,0.006418494651765139,0.0402779437002323,0.00306212035180331,0.04152238962836585,53.99169159866303,0.046668294540464825,0.835277325589388,0.04670286280586486,0.4213360483837142,-0.06317249214874045,334420572.89910114,-0.011624277696429153,1.0,0.046000691976221184,1.2827221443538592,0.03787143384837206,0.04200926733579344,0.025,1.124436803632749,0.8199087660829717,2.0,-0.0321495154227418,0.04399794749667896,0.01496025833293313,momentum
TSEM,2026-09-01,15:30 ET,0.4414573222189042,0.4368455497382199,0.019569532265949853,0.0048958296258040995,-0.011883623371941113,0.535483870967742,0.002174354846386395,155.0,0.25806451612903225,-0.005782709415227849,31,204.07000732421875,205.74000549316406,196.36000061035156,200.2550048828125,1502195.5,-0.00025985253225180305,0.41524544188649287,0.005447641330733166,-0.023384531078182835,-0.05855390643567082,-0.14537812127272576,38.546159979589554,0.08272861463843102,0.835523190816003,-0.14634534886676584,0.0857947792367568,-0.3740857555957319,415459680.6220616,-0.02939354423677165,-4.0,0.018694576882849413,0.8102278868078715,-0.014322069040978415,-0.04322942593174292,0.5416666666666666,0.7320828043959637,0.6518986139471223,5.0,-0.11571580435465045,0.05857408505149331,-0.008176698100366142,momentum
ZS,2026-09-01,15:30 ET,0.4408332464531872,0.4368455497382199,0.019569532265949853,0.0048958296258040995,-0.011883623371941113,0.576271186440678,0.0035466907146957105,59.0,0.24444444444444444,-0.01205534778830486,45,184.63999938964844,186.38999938964844,176.38999938964844,178.4149932861328,1731914.1666666665,-0.004352254805954137,0.2024993896484375,0.0040800879889999475,-0.05292354227470797,0.05934565506384426,0.1550886024279512,54.504955184790994,0.05035562024190083,0.7722485794588938,0.12849957932123637,0.023222111539817257,-0.4705629292963687,394777721.6460001,0.004406231575508235,-1.0,0.03371428793378029,1.1556689781456961,0.12644868668347928,0.0578033726725808,0.15,1.1028099436762178,1.1064284108231823,2.0,-0.05292354227470797,0.09975929620525537,0.040184385540364076,momentum
FTNT,2026-09-01,15:30 ET,0.44079259689119826,0.4368455497382199,0.019569532265949853,0.0048958296258040995,-0.011883623371941113,,,,0.2,-0.005089303046292126,40,167.55999755859375,169.92999267578125,160.60000610351562,160.72999572753906,3018743.0,-0.015964745684157622,0.013932455638236977,-0.001987006011517467,-0.0596735352793788,0.04601062018048796,-0.015195214045153338,51.174602262521695,0.04499462555278309,0.6628954461859405,0.015509672133879398,0.4753965570303231,-0.07568004892921279,723630122.4463639,0.005762253420817043,-1.0,0.04076152978377979,1.3824249241186743,0.011184949685335458,0.0795679941345873,0.6,1.4904601378395264,1.0506487146331867,3.0,-0.06974188642720192,0.0967373755404719,0.00852591718189788,momentum
SOFI,2026-09-01,15:30 ET,0.4356802280401273,0.4368455497382199,0.019569532265949853,0.0048958296258040995,-0.011883623371941113,0.5221238938053098,0.001627714530664015,113.0,0.2903225806451613,-0.01373507171122107,62,17.52199935913086,17.65999984741211,16.979999542236328,17.104999542236328,36862176.0,-0.010572300549418379,0.1838234469140235,0.0008776705391759787,-0.04334449971512444,-0.09973686619808797,-0.0513034447688242,43.27343235818674,0.05044730404619555,0.8107813031143404,-0.04060264039339901,-0.1495930897796124,-0.4773907796679547,824805198.4696703,-0.012845106527838879,-3.0,0.023798643542195384,0.7621612169062651,0.023661023101813297,0.05091573427104014,0.041666666666666664,1.0954463522088367,0.7774417226506712,2.0,-0.10818564806693498,0.05839420341047452,0.01757686816758386,momentum
SNDK,2026-09-01,15:30 ET,0.43267893648214456,0.4368455497382199,0.019569532265949853,0.0048958296258040995,-0.011883623371941113,0.5989583333333334,0.0123414192870267,192.0,0.3333333333333333,-0.029207933160290023,48,1526.530029296875,1609.60498046875,1513.030029296875,1539.330810546875,10979551.916666666,-0.012417721835994211,0.2723354340940059,0.0012363208533290315,-0.017469293086100013,0.039547526113584475,0.19510475340950162,51.7894880338752,0.08720496256461992,0.7731643229019961,-0.024253650994771954,0.5650666852307842,-0.3461869610469389,20906029811.680073,0.026998119095585693,-1.0,0.008385541721636544,0.9950067424446513,-0.06277516379100007,0.059612356129086955,0.2833333333333333,0.8400669146166713,0.835900845857721,5.0,-0.03829090274848479,0.06450802201163175,0.047799293223616424,momentum
SITM,2026-09-01,15:30 ET,0.42850128726234343,0.4368455497382199,0.019569532265949853,0.0048958296258040995,-0.011883623371941113,0.5510204081632653,0.001984950786799722,147.0,0.25,-0.013820092456689304,32,551.3400268554688,558.8599853515625,536.110107421875,558.3049926757812,239866.24999999997,0.01814576139750912,0.9756045866489239,0.009045734670583894,-0.012583549307463304,-0.06025077323871808,0.014509712976613853,42.32404609214989,0.07670752862669057,0.5309947313660814,-0.09401120788188463,0.1268576854723769,-0.38090618402186627,284948745.2813176,-0.0191424109550129,-1.0,0.012632795518287908,0.637869712919782,0.031150201601091592,-0.05593691614084147,0.5833333333333334,0.8240433114923188,0.563482488719694,4.0,-0.0976305977787193,0.09021259272149973,0.017602495851297917,momentum
LITE,2026-09-01,15:30 ET,0.42780602644499605,0.4368455497382199,0.019569532265949853,0.0048958296258040995,-0.011883623371941113,0.6030150753768844,0.004357477410681376,199.0,0.35135135135135137,-0.02166330601673061,37,901.0399780273438,909.1400146484375,854.1259765625,872.6799926757812,3451831.4999999995,0.004454700709117576,0.33725966605647084,0.005971173113292538,-0.04600115510146241,-0.01455004401721205,0.11897828704624724,50.91889944821904,0.08236850379520778,0.6972875764841819,0.07060603566485117,0.291422564452265,-0.19619045252522208,4305265042.096394,0.007221222041729591,-1.0,0.031474724810381126,0.9182750955969863,0.08184079969674972,0.08425842630895758,0.05,0.7294996842793045,0.7371955620336529,1.0,-0.08728849404273042,0.0667273217191775,0.056217398890539005,momentum
STX,2026-09-01,15:30 ET,0.42387512707717917,0.4368455497382199,0.019569532265949853,0.0048958296258040995,-0.011883623371941113,0.55,0.004685645363892377,160.0,0.29411764705882354,-0.01075999403197847,51,815.0999755859375,832.756591796875,802.1099853515625,816.5050048828125,1878525.9999999998,-0.001559141204630854,0.4697100658416216,0.0014657091508716302,-0.014335208394702703,-0.006285951945147916,-0.01751376882359812,45.49535462067296,0.06996839162982933,0.45456549487910075,-0.0566325424078699,0.3971269426101207,-0.2863867198551784,3461406006.492013,-0.013793132987371393,-3.0,0.001723750875915546,0.6872051471202103,-0.011364762285147193,-0.009916308174048287,0.2833333333333333,0.6995699836413145,0.686180631730477,4.0,-0.039677015594459575,0.07870042016378209,0.0011445479871847741,momentum
AMD,2026-09-01,15:30 ET,0.4225475911608035,0.38956151832460734,0.015269451278909345,0.003432913859247055,-0.009627668006060637,0.5833333333333334,0.004938572155060328,120.0,0.24561403508771928,-0.010396370365931773,57,459.29998779296875,461.5,452.29998779296875,460.2900085449219,13208926.25,0.007103727637034707,0.8684793641737377,0.00854665820749334,-0.022157530270083048,-0.039421479234506784,-0.05024349077155621,43.75651676148075,0.05156925964840651,0.6048225930820254,-0.08475694926018075,0.36291847941560823,-0.21281613065926697,10382751338.172337,-0.014842806850018708,-1.0,0.002155499190649621,0.5849819459838747,-0.048693260121897654,0.005231711935781232,0.08333333333333333,0.7570296170768167,0.6177674131184052,5.0,-0.04291681626264021,0.04910781100335271,-0.0041764401542415674,momentum
TER,2026-09-01,15:30 ET,0.4224944879707303,0.38956151832460734,0.015269451278909345,0.003432913859247055,-0.009627668006060637,0.5128205128205128,2.851865473241233e-05,117.0,0.23529411764705882,-0.024214342349487383,34,341.29998779296875,342.30499267578125,328.1000061035156,334.760009765625,1718298.8333333333,0.00531743098963644,0.46884969783164937,0.009286110582058749,-0.04307800184398303,-0.08642846803803539,-0.08485505484738143,39.18876778623308,0.0720099824078269,0.661609392346739,-0.11335520901365585,0.06769399546264533,-0.3138898418703971,984358212.8739828,-0.044940671079315986,-3.0,0.019161963847800882,0.7582464590545697,0.00942318863843416,-0.02376180165334267,0.35,0.7200883185666775,0.754603268064941,4.0,-0.12629514524782404,0.060946385336405506,-0.006158116257658164,momentum
LRCX,2026-09-01,15:30 ET,0.4182410454694829,0.38956151832460734,0.015269451278909345,0.003432913859247055,-0.009627668006060637,0.5294117647058824,0.0014573949738104774,102.0,0.15151515151515152,-0.028866564459948174,33,295.8399963378906,296.3399963378906,286.5899963378906,289.8500061035156,5165888.0,-0.0031143467130960722,0.33435997596153844,0.006703225152028702,-0.038608194327813594,-0.0788470007940234,-0.016156883624859897,40.40215668213083,0.058847544929841254,0.6459059540041473,-0.11377982261404325,0.12139766847570427,-0.3389965653283566,2481817385.1859536,-0.02424224428355304,-3.0,0.020247398284624078,0.7805616003506429,-0.03828678533769842,0.012840889427299504,0.058333333333333334,0.790599558940503,0.719707455034713,6.0,-0.09018137258987224,0.06327762609881937,0.011132257792708433,momentum
SHOP,2026-09-01,15:30 ET,0.4158742052119573,0.38956151832460734,0.015269451278909345,0.003432913859247055,-0.009627668006060637,0.5,3.4621492093434014e-05,68.0,0.1875,-0.01981541742716919,32,143.19000244140625,145.5449981689453,139.6699981689453,140.1699981689453,5703172.583333333,-0.01190870524014842,0.0851063829787234,-0.0016737339296655218,-0.04885660030399541,-0.08909543981564116,0.19793176318166794,47.17851141073561,0.04384498300969984,0.5692419602703825,0.06052809511060806,0.06753447180697456,-0.23063836494527137,1436504035.812405,-0.04983407205651924,-3.0,0.02109088777826323,1.254161684263467,0.13538624583650646,0.02842788339525091,0.016666666666666666,0.9152353596589999,0.5782815031579153,5.0,-0.09175146435629766,0.04885660030399541,0.04747577865962094,momentum
SMTC,2026-09-01,15:30 ET,0.4145348858036242,0.38956151832460734,0.015269451278909345,0.003432913859247055,-0.009627668006060637,0.5547945205479452,0.0019007109808880651,146.0,0.25806451612903225,-0.015507327700584495,31,127.62999725341797,134.73980712890625,124.83000183105469,133.6199951171875,1704299.9999999998,0.030340730015808948,0.8869995950413351,0.009519450748154412,0.0049638114470060835,0.04783562291955845,0.12210272978296977,50.65747938432475,0.08318732109704426,0.5379607490352973,-0.004393161844633941,0.2564079903721395,-0.24657462352047396,415756735.6795901,-0.03529860688297082,2.0,0.04693252364392037,0.9363890995749585,-0.007142560304787984,0.06888498595085447,0.15,1.1182136618399985,1.4325930118655636,5.0,-0.06185493232909367,0.10414057997399961,0.037675308106250194,momentum
SMCI,2026-09-01,15:30 ET,0.41384734260534517,0.38956151832460734,0.015269451278909345,0.003432913859247055,-0.009627668006060637,0.52,0.0021246269981824994,125.0,0.21875,-0.04129708711491836,32,36.38999938964844,37.150001525878906,35.720001220703125,36.8650016784668,21861903.916666664,0.013014448893885477,0.8006994499367774,0.008756424286632258,-0.011131896845998579,-0.04147159240702647,0.28718584022704885,56.011544730819665,0.06251673083205607,0.39756292811541966,0.17518614447665484,0.17686405592633586,-0.37283085328250887,1924883274.9549916,-0.004105131968268894,-1.0,0.01305309966434018,0.7107356411363859,0.14317250803351633,0.07248172942758015,0.275,0.722738780007338,0.5402479176946662,3.0,-0.04147159240702647,0.09354566638653905,0.06680797425840246,momentum
LULU,2026-09-01,15:30 ET,0.4097994852197171,0.38956151832460734,0.015269451278909345,0.003432913859247055,-0.009627668006060637,,,,0.31666666666666665,-0.0036122771581106328,60,118.06400299072266,122.56999969482422,117.25189971923828,119.30000305175781,3096637.9166666665,-0.007222955522222851,0.3851193738218273,0.0019737169238056573,-0.00798269638632787,0.008197424200905967,-0.03533593581215777,49.64739068104385,0.03787218378573988,0.9159577541375004,0.00879249908928367,-0.2232410225848298,-0.47207715148558466,405385674.03086555,-0.00786552108636418,-2.0,0.010468898476466868,1.3345297860437786,0.0206307820201691,0.0009113239018974824,0.19166666666666668,1.1963474891135055,1.931230308154373,5.0,-0.028343343884491556,0.05052171790081528,-0.00509405056525547,momentum
PLTR,2026-09-01,15:30 ET,0.40971499344019946,0.38956151832460734,0.015269451278909345,0.003432913859247055,-0.009627668006060637,0.47058823529411764,-0.001847376322415717,68.0,0.3125,-0.006972039526211005,32,182.75,186.5500030517578,180.4044952392578,181.625,19962517.25,-0.008479984797597817,0.1986011242650564,0.003785771799221571,-0.025512419563473165,0.05149658132622048,0.4454834683196758,63.71676788647046,0.04053285087598064,0.44835232208120646,0.2427632439033893,0.20014543991284053,-0.12478317145012378,7443180507.205517,-0.009458224685602534,-1.0,0.006155950752393981,0.9114038400743689,0.1974814873372882,0.0649844911731561,0.30833333333333335,0.8182739466114987,0.6003211274047437,3.0,-0.025512419563473165,0.047492916483274694,0.08060850810450382,momentum
WDC,2026-09-01,15:30 ET,0.4088138313033736,0.38956151832460734,0.015269451278909345,0.003432913859247055,-0.009627668006060637,0.5555555555555556,0.005420457518614752,171.0,0.2857142857142857,-0.01527777158814636,49,443.3900146484375,457.6199951171875,439.2799987792969,455.05499267578125,4544634.25,0.01150132505659629,0.8601416055843518,0.005935401524361117,0.009998901353610812,0.009550732503119885,-0.13687830893640318,44.711686528959596,0.07773367620005787,0.5898587080600394,-0.12440947013200415,0.23543948371158221,-0.43108880761415236,3573596749.456698,-0.029568788418735892,1.0,0.02630861688798489,0.7044632632662202,-0.10178491508754678,0.004427374785135184,0.05,0.7690389483841928,0.6858092985595855,3.0,-0.02983689474769735,0.06866737962099179,-0.033115575054395774,momentum
CHYM,2026-09-01,15:30 ET,0.4080995785365651,0.38956151832460734,0.015269451278909345,0.003432913859247055,-0.009627668006060637,0.38202247191011235,-0.0017371561001910951,89.0,0.20512820512820512,-0.00916234690760287,39,32.6349983215332,32.94499969482422,31.530000686645508,31.604999542236328,3665577.4999999995,-0.016725692192142705,0.053002761950592225,-0.005193607590491034,-0.04545457687622956,-0.04516613295476779,0.3027617165728702,60.00139749868741,0.04317013341187529,0.37072469557830007,0.2388724651480303,0.40105192681581103,-0.07479509123502946,299804279.01743525,-0.014346187860529769,-3.0,0.03156117151129932,1.0976638797478588,0.24658481936424426,0.04899888900057793,0.21666666666666667,0.6981016131846957,0.5126307581541611,6.0,-0.052607944724397226,0.04545457687622956,0.0801674535676915,momentum
ARM,2026-09-01,15:30 ET,0.4068363291730269,0.38956151832460734,0.015269451278909345,0.003432913859247055,-0.009627668006060637,0.5428571428571428,0.005923388432717225,105.0,0.19444444444444445,-0.02813564057854334,36,233.68699645996094,235.97999572753906,229.3300018310547,235.35000610351562,2294423.083333333,0.008256023835073067,0.9052646312417683,0.00551144389634084,-0.027117512543038402,-0.025707863544632503,-0.015519080954431885,39.105802916801785,0.07416893856925874,0.5605135750051504,-0.1608494599077917,0.175403459243449,-0.4801192848303171,1051072519.4970113,-0.02143169687732982,-1.0,0.007116397868717618,0.5288265524043241,-0.0762355843018988,-0.014941246350137332,0.125,0.8284420860885799,0.7472839609308574,3.0,-0.07781826765365796,0.06332041548914424,-0.0006094710216971722,momentum
MKSI,2026-09-01,15:30 ET,0.40667032483175625,0.38956151832460734,0.015269451278909345,0.003432913859247055,-0.009627668006060637,0.6288659793814433,0.011673391433938862,97.0,0.23333333333333334,-0.027556790592148273,30,250.9600067138672,252.0,243.72000122070312,247.27000427246094,1207203.8333333333,0.001550880838388391,0.4287443931313325,0.0047950260154017155,-0.035006190695330175,-0.08581043245757769,-0.20156150180326404,31.837682861081902,0.06735583292923694,0.8452772477695893,-0.2374368482281149,-0.049941829593095406,-0.4470756910510172,411294279.77563775,-0.028717385357704517,-1.0,0.0147035477474043,0.6833127873668339,-0.11780485624599908,-0.05003135880846318,0.65,0.8787539111149693,0.816058236051078,6.0,-0.12196694170455269,0.06208366707792745,-0.029797684323629503,momentum
IBKR,2026-09-01,15:30 ET,0.403385398813243,0.38956151832460734,0.015269451278909345,0.003432913859247055,-0.009627668006060637,,,,0.21153846153846154,-0.007556790382034884,52,94.625,94.9000015258789,90.70999908447266,90.80000305175781,4072967.1666666665,-0.021211182258601968,0.021480647933691678,-0.003703128874342876,-0.06670775827625408,-0.07526223857727599,0.03475786953570159,46.40101870979069,0.03751395442223661,0.958088222610092,-0.014198547095994935,0.15774639088193762,-0.08050629821004747,389275405.66453564,-0.009162303664921434,-1.0,0.040422689017090487,1.4069850704207323,0.0021192588644209105,0.05402858674271637,0.5666666666666667,0.9947649667452956,0.8205003822935225,6.0,-0.07526223857727599,0.06670775827625408,0.020108638189864303,momentum
ENTG,2026-09-01,15:30 ET,0.4030814221859022,0.38956151832460734,0.015269451278909345,0.003432913859247055,-0.009627668006060637,0.5280898876404494,0.0005912253269746426,89.0,0.20588235294117646,-0.021906576893145013,34,131.4600067138672,132.26499938964844,126.70999908447266,128.89999389648438,1440329.5833333333,0.0047583518177833906,0.3942384683527788,0.005107402270929651,-0.04723187010685892,-0.07179377526649866,0.029552692000238245,40.22023465298645,0.06370882623642547,0.6514793262953481,-0.10498826696352499,0.029757485565533554,-0.30988990533059824,318317892.4409927,-0.033382303574506,-1.0,0.019473700643838222,0.9378694421537797,0.017661022478205623,-0.008556005437169579,0.35833333333333334,0.8726549352542702,0.8729415649728202,4.0,-0.11293100225600328,0.07150230241700228,0.025880800983437036,momentum
AFRM,2026-09-01,15:30 ET,0.4012469981380365,0.38956151832460734,0.015269451278909345,0.003432913859247055,-0.009627668006060637,0.5306122448979592,0.002471936477126513,98.0,0.3389830508474576,-0.008830991831687451,59,73.31999969482422,73.31999969482422,69.55000305175781,70.04000091552734,6244897.75,-0.009423349571136774,0.12997302389398976,0.003150977107773123,-0.059234334633763375,-0.1014176510391569,-0.0739124228599386,39.2431586993205,0.06002615334691092,1.293373294976783,-0.09276373085409759,0.05371518939625686,-0.248497819646674,373105662.9360247,-0.032717721069749794,-2.0,0.044735389974754944,0.890115761289356,-0.014831320991483052,0.02239785260477989,0.10833333333333334,1.4121819495815633,3.51067188913911,4.0,-0.1014176510391569,0.059234334633763375,0.005008089713836039,momentum
DKNG,2026-09-01,15:30 ET,0.39902058824200604,0.38956151832460734,0.015269451278909345,0.003432913859247055,-0.009627668006060637,0.5178571428571429,0.0013405723580345308,56.0,0.21666666666666667,-0.007521122265043978,60,23.8799991607666,24.110000610351562,23.329999923706055,23.5049991607666,5524815.833333333,-0.005425401892826587,0.22435779872599004,0.0017046242454126226,-0.032317897289947495,-0.08860029754341792,0.0002127302453873714,43.21851374316732,0.052461154132519,0.4220807811874298,-0.05195783152921283,-0.1239113269862209,-0.5181426865729536,308353977.04256386,-0.03826019999430008,-2.0,0.01570351813982064,0.6166501651608224,-0.0031440057106662408,0.022041052217448703,0.5166666666666667,1.0111331715266552,0.8428265305467955,3.0,-0.10183419594031373,0.05282855665761432,0.006505674081574764,momentum
MCHP,2026-09-01,15:30 ET,0.39892762798487347,0.38956151832460734,0.015269451278909345,0.003432913859247055,-0.009627668006060637,0.4473684210526316,-0.001500688157577812,38.0,0.15625,-0.018510168992472098,32,71.91500091552734,72.37000274658203,70.44999694824219,71.86499786376953,10501943.833333332,0.005767095996663585,0.7369774178551135,0.009623455404002668,-0.021579294082061717,-0.022244927023543748,-0.038854329757378125,39.332007484120396,0.04431712829954996,1.0883305750123407,-0.10888242139990369,-0.057542874575986704,-0.31394358761256386,747999264.5459133,-0.021697744175646072,-1.0,0.0006953076704615075,0.894919431340068,-0.0499537626792381,-0.014714107193887329,0.325,0.7072467146311247,0.8645240145841113,5.0,-0.06204752789315282,0.033911745013075256,-0.004238801395958891,momentum
ALAB,2026-09-01,15:30 ET,0.3987463141077282,0.38956151832460734,0.015269451278909345,0.003432913859247055,-0.009627668006060637,0.5662650602409639,0.004832090912127218,166.0,0.3235294117647059,-0.006840499656466381,34,287.3500061035156,288.70001220703125,276.67999267578125,281.364990234375,2433633.583333333,0.0032084866510673216,0.3897662184669131,0.006312532519065606,-0.052579366200750766,-0.004546271678250946,-0.12361002668589072,42.25306552341138,0.08464892394211411,0.6082076872965254,-0.16515989553844704,0.2619217870386404,-0.43667967468349095,1234546982.3218093,-0.017472425291879312,-1.0,0.020828313005097236,0.8072323652073076,-0.09695868780608757,-0.0008567461876159084,0.125,0.6083984268610745,0.5707988200319006,1.0,-0.07473118608697882,0.052579366200750766,-0.013160268042653578,momentum
INTC,2026-09-01,15:30 ET,0.3986073795842073,0.38956151832460734,0.015269451278909345,0.003432913859247055,-0.009627668006060637,0.5517241379310345,0.00312858208017075,145.0,0.3333333333333333,-0.009234419708575303,66,86.89749908447266,89.41000366210938,85.72000122070312,88.79499816894531,61976845.666666664,0.011413751503670078,0.8333319549431828,0.007008587297500091,-0.00798797844063226,0.01503194743427616,-0.024230789352249316,40.75792433746945,0.06078965480457104,0.6170179142087071,-0.13781972067977755,0.21143820721820142,-0.37622062267862216,9475965787.53231,-0.03447223239474828,-1.0,0.021836060927692594,0.9669820657191752,-0.07573292025739474,-0.032558856185484465,0.2916666666666667,0.8859989252482541,0.7481578771442932,5.0,-0.043157378783476474,0.04363099011023275,-0.00364516362345213,momentum
CG,2026-09-01,15:30 ET,0.3950071695917155,0.38956151832460734,0.015269451278909345,0.003432913859247055,-0.009627668006060637,,,,0.30612244897959184,-0.006626955567577086,49,47.45000076293945,47.904998779296875,46.15999984741211,46.654998779296875,2184028.1666666665,-0.004846555110623152,0.28366718330888574,-0.00032139254846630383,-0.035854528461157886,-0.04630007102261646,-0.03928187028186536,44.378231760342004,0.033142052449649205,0.5193050263433733,0.014865138420996394,-0.07236192494342049,-0.3133843097708715,200518049.6752007,-0.02786315451930632,-3.0,0.01675451993382284,1.4256520823126513,0.05820009926226788,0.012186202703453608,0.06666666666666667,0.73840720340015,0.5659615727102875,6.0,-0.05556685550189755,0.035854528461157886,0.00871767651936528,momentum
CEG,2026-09-01,15:30 ET,0.3932231216032372,0.38956151832460734,0.015269451278909345,0.003432913859247055,-0.009627668006060637,0.5416666666666666,0.0007654509219749972,48.0,0.2702702702702703,-0.006965992477790617,37,268.00201416015625,284.25,268.00201416015625,280.989990234375,1834699.7499999998,0.009043543218126171,0.799359145326757,0.005996769877479435,0.022637120025482904,0.00923057496837476,0.028175589880385266,57.800226646862775,0.03230954489974738,0.7043790947535324,0.06123611222864977,-0.051189196252741785,-0.3153362032927749,700798786.6818819,-0.024276400559220424,1.0,0.04846223307283512,2.1891059891690636,0.0371459425248878,0.028398357865144674,0.008333333333333333,0.8901672569976105,0.7515391493645487,6.0,-0.0050281980429891515,0.027508253288019535,0.013144133410140535,momentum
OKTA,2026-09-01,15:30 ET,0.3903231164168036,0.38956151832460734,0.015269451278909345,0.003432913859247055,-0.009627668006060637,0.5217391304347826,0.00033899710683904516,46.0,0.3191489361702128,-0.004034306805073551,47,170.27000427246094,172.931396484375,162.00999450683594,165.32000732421875,2959760.9166666665,-0.0014449173511085212,0.30307581610769196,0.0044963269226578895,-0.04461388269443911,0.26575305529181836,0.16776152271864042,61.43061513026836,0.05639829668995267,0.8019891253051169,0.1564316958795335,0.6438514850059045,-0.05450385156781107,558739048.3486825,0.03300371522765655,-1.0,0.029071456064107166,1.3749719168548722,0.03556313530431299,0.16886533364460887,0.7666666666666667,1.405594807367098,2.3936579040285233,2.0,-0.04461388269443911,0.2863413630223981,0.03613934606636482,momentum
ADSK,2026-09-01,15:30 ET,0.38975291265362694,0.38956151832460734,0.015269451278909345,0.003432913859247055,-0.009627668006060637,,,,0.13953488372093023,-0.012088603073869053,43,253.47999572753906,256.3699951171875,248.1999969482422,248.74000549316406,1255116.4166666665,-0.011457051594528811,0.06609653193980901,-0.0021662118452226986,-0.03786791990236449,-0.009832415726641397,0.05977588674521539,51.83629516575055,0.03993864614777907,0.6666753866447117,0.09012917306714385,0.0031266762077581307,-0.2441581079305365,468916366.34046316,-0.016413782421301315,-3.0,0.018699661962555528,0.9297826381787251,0.10482182999694407,0.07333612488907801,0.18333333333333332,1.1404469706160736,1.353644681223735,6.0,-0.08071543411533366,0.06205590153736029,0.021670098766392698,momentum
COIN,2026-09-01,15:30 ET,0.38968518881931075,0.38956151832460734,0.015269451278909345,0.003432913859247055,-0.009627668006060637,0.4740740740740741,-0.0016407809706301402,135.0,0.2926829268292683,-0.014743910926785175,41,181.64999389648438,183.99000549316406,175.0,177.2949981689453,6870367.833333333,-0.011365889500823179,0.25528328883563123,0.004641988365761129,-0.057543042893972385,-0.05270894047947283,0.21020476565832968,54.58122466906382,0.06327537205688386,0.7167597343784041,0.10034251801568138,-0.08684642760887201,-0.5591431356811238,1590658417.4011273,0.01759004809967757,-1.0,0.02397465386109957,0.7638716379192765,0.02297658360723801,0.15707619682222315,0.9916666666666667,1.1134558341866445,0.878567867812448,0.0,-0.07039116487956742,0.09553444319818305,0.047469331333949816,momentum
ODFL,2026-09-01,15:30 ET,0.3881445155492849,0.38956151832460734,0.015269451278909345,0.003432913859247055,-0.009627668006060637,,,,0.28888888888888886,-0.003332835273930579,45,199.74000549316406,200.33999633789062,186.47000122070312,186.88999938964844,1558874.4166666665,-0.017748463884293186,0.030281061052779806,5.348087850376437e-05,-0.06536310704830728,-0.05772913764068077,-0.11644291029365872,27.05499962342141,0.03599459795025285,1.0749857197203478,-0.1370425745037946,-0.043936111198220815,-0.25846129312047356,301818100.7554154,0.008482318263552058,-1.0,0.06433366251186674,2.56566698919183,-0.04758386430749892,-0.030077973481551445,0.25,1.06806338694165,0.8882318309758827,7.0,-0.09483218731676635,0.06536310704830728,-0.02210949351498115,momentum
MTSI,2026-09-01,15:30 ET,0.38772387555178933,0.38956151832460734,0.015269451278909345,0.003432913859247055,-0.009627668006060637,0.5972222222222222,0.004635495704685133,72.0,0.24561403508771928,-0.011725984558866642,57,258.95001220703125,263.9200134277344,252.91000366210938,263.69000244140625,609953.5,0.01766400840252702,0.9791089207707829,0.009668193723777696,-0.00053058461124178,-0.009689362972607252,0.02963684559547697,42.857053997352594,0.0624207443472026,0.439200953354743,-0.10784911406663746,0.006148356903563662,-0.3705180083947018,386337017.08792406,-0.030004418281511458,-3.0,0.0183046534502009,0.8068894333617753,-0.036323794803092765,-0.026965173694917913,0.5333333333333333,0.7652415340234406,0.6654331526521013,4.0,-0.04856572885260624,0.07818899725041706,0.015025970919667175,momentum
CRWD,2026-09-01,15:30 ET,0.38526200167810515,0.38956151832460734,0.015269451278909345,0.003432913859247055,-0.009627668006060637,0.4634146341463415,-0.0006314878202626772,41.0,0.15151515151515152,-0.011360186340150902,33,228.1875,231.29859924316406,212.64999389648438,213.7949981689453,11443503.5,-0.014579465637643119,0.061398922395277195,-0.0008173871409213884,-0.07448052740716316,0.15327970944922176,0.05556929621752427,53.91352363694299,0.05973747874932616,1.2119287066092377,0.07802365684920519,0.5128200318828826,-0.0858773999253632,2022006544.197258,0.028636117356926283,-1.0,0.06307313867347987,1.5089577757770645,0.06144071523298224,0.09735459956381455,0.5666666666666667,1.4981108171880095,1.9141147235376827,2.0,-0.07448052740716316,0.2049900387962671,0.027107762800508972,momentum
TLN,2026-09-01,15:30 ET,0.3847374903960167,0.38956151832460734,0.015269451278909345,0.003432913859247055,-0.009627668006060637,0.5,0.00027635198038611364,68.0,0.3157894736842105,-0.007633021477108037,38,291.3699951171875,302.9800109863281,288.5799865722656,296.07501220703125,680603.0833333333,-0.002027292993985519,0.5204870088585597,0.0017085795929847603,0.0010650609649893727,-0.037686484592774794,-0.14054102992776207,32.539021701836745,0.0533286517306031,0.7833739060707557,-0.16322452722600558,-0.17496384276034319,-0.3439217049106806,280992960.49040323,-0.020670859517280205,1.0,0.016147912169032424,0.9583725580398716,-0.07532392196438259,-0.06383932554792512,0.9083333333333333,0.81617439096443,0.7502127948732729,7.0,-0.08151075973005173,0.0283819501224013,-0.02510560923100713,momentum
NTNX,2026-09-01,15:30 ET,0.3829227073881241,0.38956151832460734,0.015269451278909345,0.003432913859247055,-0.009627668006060637,0.38095238095238093,-0.0027308388290735452,21.0,0.23529411764705882,-0.016878368717323178,34,67.73999786376953,68.08499908447266,66.19000244140625,66.66000366210938,1118160.3333333333,-0.0010963385038179618,0.24802219171353687,0.0030093978391800835,-0.02785468924041734,0.003311276529484486,0.09171310453438553,58.46130434717987,0.03851255201840857,0.3811297387976819,0.1316815400279613,0.36560659965510284,-0.19121566193839204,188025335.8470263,-0.014834267608660912,-3.0,0.015943227571871343,0.761409524662022,0.11653382719929586,0.06191858406447273,0.2,1.3255831526113364,1.5041691617443864,6.0,-0.045532543564238304,0.06805317311176862,0.030733429433207782,momentum
RIVN,2026-09-01,15:30 ET,0.3819852261368822,0.38956151832460734,0.015269451278909345,0.003432913859247055,-0.009627668006060637,0.5205479452054794,0.0004838040079788719,73.0,0.11428571428571428,-0.01262064386962658,35,15.6899995803833,15.850099563598633,15.375,15.520000457763672,13138429.416666666,-0.002788440359501987,0.3052001493442103,0.0008061107970631642,-0.03362384969712229,-0.07287929092205725,0.010745745388886618,44.75537737452722,0.05023079959710254,0.6137842531815445,-0.056489036121875294,-0.04705471195605328,-0.31599823303361313,334629597.6826528,-0.013207549885864811,-3.0,0.010834871074959958,0.6718985898138258,-0.029496876255679,0.052367786987771565,0.18333333333333332,1.1251826420952682,1.0285605384491543,2.0,-0.08544483878969567,0.06427603697081796,0.004040940574707275,momentum
LPLA,2026-09-01,15:30 ET,0.3815156019498604,0.38956151832460734,0.015269451278909345,0.003432913859247055,-0.009627668006060637,,,,0.4,-0.001999299515498265,35,369.3999938964844,370.0,354.92999267578125,354.95001220703125,1024053.3333333333,-0.01618389922930763,0.0013284354028034848,-0.0077156895641073975,-0.04103853093493248,-0.01914997397555962,-0.014196717515494783,49.562932801837036,0.02868808072032577,1.7897867456648575,0.05772738985596297,0.07432670831730802,-0.11047706393252013,215803508.34569535,0.0005959185900312747,-2.0,0.03911743889606666,1.4789012476565253,0.08767399246536284,0.015590627172656493,0.008333333333333333,1.2640582716679656,1.169613136370008,6.0,-0.042461329225794375,0.04103853093493248,0.010157822667116179,momentum
TPG,2026-09-01,15:30 ET,0.3814094157088155,0.38956151832460734,0.015269451278909345,0.003432913859247055,-0.009627668006060637,0.43478260869565216,-0.00023610298733023338,23.0,0.32075471698113206,-0.007768889973838844,53,53.11000061035156,54.154998779296875,52.040000915527344,52.529998779296875,1874280.4166666665,-0.005767915368054211,0.2316777109628919,9.514047163827755e-05,-0.029379160827202933,-0.006618802604930307,0.14631737112651133,60.20540250591364,0.03344037780801106,0.5784351924434047,0.14508557351839124,0.09273147773757559,-0.22559780955703096,163460748.70612675,-0.012825253466428932,-1.0,0.010920764910359284,1.406716609148071,0.12785777179851035,0.046005565584249716,0.5916666666666667,0.6440692458073043,0.6694241176651478,5.0,-0.029379160827202933,0.03027455060384543,0.04644919618347676,momentum
MPWR,2026-09-01,15:30 ET,0.3811067265633199,0.38956151832460734,0.015269451278909345,0.003432913859247055,-0.009627668006060637,0.453125,-0.003235970572133595,64.0,0.21621621621621623,-0.01723327972465527,37,1245.1099853515625,1250.0,1211.9599609375,1231.050048828125,447397.1666666666,0.004854115617373367,0.5018419633917799,0.004774810552885311,-0.028964220747783598,-0.056051814758643514,-0.08429223108269723,38.24996547754298,0.050686058711023926,0.7230135451428448,-0.08214738667915109,-0.009891962769122105,-0.28070961605796274,814536757.8677669,-0.013305363925558256,-1.0,0.011292124140718068,0.8640362357095642,-0.004111868328617165,-0.01844224146481877,0.5166666666666667,0.7483934928851063,0.7500590816224325,6.0,-0.06475064467420188,0.041812817010815406,-0.011117324546068619,momentum
FISV,2026-09-01,15:30 ET,0.3785133224012721,0.38956151832460734,0.015269451278909345,0.003432913859247055,-0.009627668006060637,0.21428571428571427,-0.005888336309957498,14.0,0.21052631578947367,-0.00746011550049458,38,52.415000915527344,52.900001525878906,51.720001220703125,52.06999969482422,3942326.9166666665,-0.002790527944448673,0.2966087996637895,0.004824392155003521,-0.02326020721297628,-0.007055662501415649,-0.04195030070483807,47.40182612403273,0.03351570131787437,0.5067437366573583,0.0037396754534472307,-0.10960403822883398,-0.6249910161616778,404426832.2045897,-0.005596626334076538,-1.0,0.006582108455156438,0.9161489579483091,0.01779243299871,0.009678229107714204,0.025,0.6724472665761051,0.6254515901468899,8.0,-0.02326020721297628,0.02335540556623572,-0.009548278533066834,momentum
TTMI,2026-09-01,15:30 ET,0.3704614914580105,0.349967277486911,0.012041452085016217,0.0016896197223727968,-0.00997913929687368,0.5263157894736842,0.0013429467904921832,171.0,0.22641509433962265,-0.014562769270122788,53,116.68000030517578,119.16000366210938,113.81999969482422,116.06999969482422,1133350.8333333333,0.001226274436892938,0.42134800157159696,-0.0012906687687436191,-0.023965678758859577,0.03357076171519657,-0.042405737385298625,42.034177840121835,0.08239759698425082,0.3773383518559211,-0.16901850734924664,-0.02749931008810186,-0.48143681032343,371042552.7752065,-0.018093086701585936,-1.0,0.0052279791631480105,0.7474810127488006,-0.10147037652342318,-0.00617503449731877,0.44166666666666665,0.778256774098062,0.6573382555445368,1.0,-0.06942999622414403,0.08370430668779272,0.005346953448253755,momentum
DOCU,2026-09-01,15:30 ET,0.37022371908068846,0.349967277486911,0.012041452085016217,0.0016896197223727968,-0.00997913929687368,0.5357142857142857,0.002807158153092737,28.0,0.2,-0.008785819523135396,45,65.16999816894531,66.7750015258789,64.36000061035156,64.73999786376953,1928210.9166666665,-0.005505140211646942,0.15734869952833616,0.0032542861993674066,-0.02308735259996353,0.06937556796707889,0.17431519335145262,62.23059757514792,0.04044699343706095,0.6584250463260167,0.19260778281867133,0.2069485836404533,-0.25285635633330866,176950566.57401586,0.024685530385084142,-1.0,0.006598132841143522,1.1224731508425128,0.12861152857586552,0.08167657546107714,0.44166666666666665,0.9279255804207128,1.209763005133664,4.0,-0.02308735259996353,0.07534126526296792,0.032161322755033916,momentum
WDAY,2026-09-01,15:30 ET,0.3694824322103412,0.349967277486911,0.012041452085016217,0.0016896197223727968,-0.00997913929687368,0.46511627906976744,-0.0013704330805537346,43.0,0.23333333333333334,-0.015774724750686198,30,196.36000061035156,205.37289428710938,195.9499969482422,199.25999450683594,2813770.9166666665,-0.0009805272565772682,0.3512717415418298,0.0030201894375632143,0.009166865467555407,0.024894539571411745,0.20727046847948416,61.231255615382,0.05119889945734181,0.5627795084112118,0.24014775216469533,0.2410043069970341,-0.20248153036153885,948185767.5335749,-0.02342471051026751,1.0,0.014768760885466687,1.1870618240422204,0.18976327482578412,0.07091014491309922,0.475,0.976117930381921,1.1452180991257561,5.0,-0.026670607079475883,0.057601867410217,0.044520578196776794,momentum
DASH,2026-09-01,15:30 ET,0.3626528199917998,0.349967277486911,0.012041452085016217,0.0016896197223727968,-0.00997913929687368,0.5,0.00048094445787505435,28.0,0.275,-0.0028994510315128452,40,230.08999633789062,232.8699951171875,226.13999938964844,226.33999633789062,2307763.25,-0.011137526176317802,0.029717247430604207,-0.004004416554936774,-0.023302015307118618,-0.03066382724672112,0.12887778722139953,59.71917219067642,0.03430021713547541,0.5034200847699801,0.12622539653120837,0.20230440528066204,-0.20721542438567206,981465558.60544,-0.024215464970175793,-2.0,0.016297970618822856,0.8946962929064017,0.10108761213137782,0.07068612917548751,0.30833333333333335,0.8069928673531186,0.748376215816507,3.0,-0.04469673179951572,0.024922779222894542,0.04081407145407634,momentum
ASML,2026-09-01,15:30 ET,0.35963591286339436,0.349967277486911,0.012041452085016217,0.0016896197223727968,-0.00997913929687368,0.6,0.002412763309394661,25.0,0.11666666666666667,-0.016865281772587892,60,1679.5,1683.739990234375,1651.2099609375,1663.27001953125,759424.25,0.0008631307924349407,0.37073617375772083,0.004111212316834756,-0.019304125592336185,-0.04637763339559697,0.012633027149295817,39.92994743933207,0.03325049590206873,0.6472825484764543,-0.05340429912662248,0.1338535071345015,-0.16727278234249474,2027028959.5800142,-0.01707754102212633,-4.0,0.009663578725066985,0.8556251721775248,-0.0003235951360564654,-0.006204524593150642,0.16666666666666666,0.8826085444298498,0.836795094027287,7.0,-0.05697486601237123,0.028425163093977135,0.010079009633178426,momentum
LSCC,2026-09-01,15:30 ET,0.35843315469223186,0.349967277486911,0.012041452085016217,0.0016896197223727968,-0.00997913929687368,0.5824175824175825,0.003024251880647144,91.0,0.27450980392156865,-0.014539316790639467,51,113.08000183105469,114.4800033569336,110.62999725341797,112.0999984741211,674103.0833333333,0.0020017358801354135,0.3818178935770508,0.003513657031531503,-0.028090844170637008,-0.034453058161681316,-0.11857211664467171,37.96646423178485,0.056288703184644275,0.39669690478572417,-0.13297570821880655,0.04526382216834554,-0.2860327215077989,207103094.6303391,-0.021460676531094736,-1.0,0.008666460391447035,0.8089948308002478,-0.0520160458229131,-0.01711300878543289,0.575,0.7890305724791471,0.6679957695186834,4.0,-0.06947790040483226,0.05257224722186782,-0.018140381042761278,momentum
UAL,2026-09-01,15:30 ET,0.35722388872006505,0.349967277486911,0.012041452085016217,0.0016896197223727968,-0.00997913929687368,0.3076923076923077,-0.00635326208510012,26.0,0.2903225806451613,-0.012324129158089892,31,106.51000213623047,107.70999908447266,104.16999816894531,104.44999694824219,3671860.833333333,-0.007790065175425465,0.07909567991034386,9.569615666693565e-05,-0.03278082216459599,-0.11038247431764325,-0.1864631400826725,30.960822753079796,0.03798217718268815,1.257555493908342,-0.14917779209228535,-0.03336892791807972,-0.24731574740629733,353024655.17855144,-0.02167723478289041,-5.0,0.019340955278110444,1.0997206110720301,-0.030168556685187267,-0.03552828226058367,0.7166666666666667,1.0936819329377332,0.9626541714520421,2.0,-0.11038247431764325,0.0351528738792144,-0.030558653478355624,momentum
AKAM,2026-09-01,15:30 ET,0.3528308504834422,0.349967277486911,0.012041452085016217,0.0016896197223727968,-0.00997913929687368,0.5428571428571428,0.00018099784991676415,35.0,0.358974358974359,-0.0038027295189746457,39,108.91999816894531,109.98999786376953,105.79000091552734,106.05000305175781,1853463.0833333333,-0.007034461765791589,0.06190531551202357,-0.0029146065890824913,-0.023660464277654447,0.002931768434379034,-0.10035624768660345,39.81390533526893,0.048282750568275884,0.5256574985559611,-0.09103217979375178,-0.02987177937330467,-0.359020821953031,395967886.5746514,0.017373441553962143,-1.0,0.026349570009502422,0.9419141370960031,-0.021563242681755787,-0.025535470983802894,0.5166666666666667,0.7772631870022513,0.7434930292969175,3.0,-0.06017363972434653,0.043108083551613885,-0.01557844519035645,momentum
RVMD,2026-09-01,15:30 ET,0.3500536704538687,0.349967277486911,0.012041452085016217,0.0016896197223727968,-0.00997913929687368,0.6222222222222222,0.0022979739686974643,45.0,0.3333333333333333,-0.004633150489020688,39,205.5,209.4199981689453,202.5399932861328,208.47000122070312,1179016.5833333333,0.005236173633293317,0.8619191462181296,0.0,0.014107086603886598,-0.013766693135060959,0.1426144407108012,54.853250050547366,0.04064886654411591,0.6385401970474475,0.07178827476183897,0.5804607328726706,-0.07061654188531169,378897620.5998805,0.0017549020738163446,1.0,0.01445256068468674,0.7616185390554829,0.07170473086669352,0.0609067596027928,0.275,1.3496795616879809,1.4143853015628394,7.0,-0.05733661779668198,0.06000447379565976,0.03014014014734867,momentum
TRI,2026-09-01,15:30 ET,0.3466339712938056,0.349967277486911,0.012041452085016217,0.0016896197223727968,-0.00997913929687368,0.3333333333333333,-0.0037002506598227125,30.0,0.35294117647058826,-0.004213705171222271,34,107.18000030517578,108.45999908447266,105.61499786376953,106.30000305175781,950239.3333333333,-0.0033793788780833722,0.24077500670421023,-4.700863932671773e-05,-0.00950425499410057,0.01839438444971786,0.05299317301755968,56.48737648697805,0.04155279297393998,0.4774028457765932,0.1059257673091579,0.06412223977671176,-0.3845547555400721,200664148.0025606,0.024273709196701354,-1.0,0.008210461381902732,0.8070096450959854,0.07774947892452301,0.03598994705864254,0.008333333333333333,0.6816017183344573,0.5722847724291515,5.0,-0.021358862420920333,0.047039420453734326,0.00795795250571496,momentum
FLEX,2026-09-01,15:30 ET,0.3439852291514565,0.349967277486911,0.012041452085016217,0.0016896197223727968,-0.00997913929687368,0.5373134328358209,0.001541319700157917,67.0,0.325,-0.008258053372917074,40,107.97000122070312,109.18000030517578,105.375,107.0,1519181.0833333333,0.001786437063202806,0.4270696109510375,0.0016335005305019301,-0.020594965675057253,-0.020594965675057253,-0.08897400783115639,39.000594261854125,0.05746028247156696,0.511895720277898,-0.14976932782306435,0.13691905473783889,-0.35874385947136334,342236278.8182756,-0.021567714420731243,-3.0,0.008983988235031421,0.8544799249156791,-0.0715838629837613,-0.013176168961827174,0.425,0.751819820569604,0.7435053954722258,2.0,-0.07198614771963152,0.0599633999714595,-0.008052600279970346,momentum
INTU,2026-09-01,15:30 ET,0.3432965386333836,0.349967277486911,0.012041452085016217,0.0016896197223727968,-0.00997913929687368,0.34210526315789475,-0.004300637579525368,38.0,0.18,-0.005885272286927978,50,353.4949951171875,357.2049865722656,343.0,344.3500061035156,1912091.9999999998,-0.01443675310449366,0.09503747832830972,-0.002664531929880032,-0.041608634003259204,-0.03667539211366544,0.0815351935070665,52.531821673255855,0.04473289070202362,0.4723127389856633,0.10894047149490846,-0.1978588099942378,-0.5061291362843352,1371024875.1954753,-0.007175938108069491,-1.0,0.02587020789541931,1.0018329059565996,0.1182715267224743,0.03470863623620826,0.25,1.295605589905057,1.2907165771131675,5.0,-0.06912307092358483,0.041608634003259204,0.021909780285473524,momentum
CSGP,2026-09-01,15:30 ET,0.3425199689593157,0.349967277486911,0.012041452085016217,0.0016896197223727968,-0.00997913929687368,0.5,0.0007649822000250772,36.0,0.15789473684210525,-0.005842189427079314,38,31.8700008392334,32.45000076293945,31.399999618530273,32.3489990234375,3785599.9999999995,0.008909628401414071,0.9038079719819874,0.0030697371608527924,0.008699698511637655,-0.014050665362933978,0.07722272007217312,54.86301048759467,0.04204299470915903,0.5453010708390111,0.07121637157019284,-0.26939735908697326,-0.6479595251027755,215458444.4349198,-0.0025039099153590927,1.0,0.015029751226565182,0.8228851406587797,0.051892513339890894,0.0183705635178886,0.275,0.845326562917923,1.7811483794517688,4.0,-0.04094279684378754,0.07488847814909616,0.019610329060787413,momentum
META,2026-09-01,15:30 ET,0.34158077479868293,0.349967277486911,0.012041452085016217,0.0016896197223727968,-0.00997913929687368,,,,0.14285714285714285,-0.01089107156249125,42,557.7999877929688,584.9000244140625,556.469970703125,580.77001953125,13001431.083333332,0.008579529966132426,0.8547310207428971,0.005383870323901752,0.014728993745373842,0.01880542402918972,-0.01604427158411381,50.781502389102286,0.03439305036546581,0.844310450168167,-0.019607142109344573,-0.0656845486180656,-0.26318470852027215,8762431883.48232,-0.03432996368300989,1.0,0.0411796920777394,1.7763240687987225,-0.030164497889287063,0.010885717997501498,0.15,1.2544162256476075,1.0645994008991522,8.0,0.0,0.019730900283262853,0.0016423362013922027,momentum
TTWO,2026-09-01,15:30 ET,0.33779634184057233,0.349967277486911,0.012041452085016217,0.0016896197223727968,-0.00997913929687368,,,,0.3333333333333333,-0.0032908356461366917,30,217.0,219.53990173339844,214.13999938964844,218.13999938964844,2125771.9166666665,0.002813672504947906,0.7407541369020707,0.0040966600213967475,-0.007100580702152914,-0.06349544391528494,-0.11017742271795061,32.82412952034723,0.04084501915097426,0.7790305843234118,-0.09538177700396845,-0.04407869417984296,-0.17973980075558374,638626216.0151315,-0.07090254209494617,-2.0,0.0052534534085181455,0.5646071977972715,-0.013699075030620577,-0.01028855633061351,0.575,1.217533472029222,1.5807196048039533,7.0,-0.09165103088165505,0.06665534849436872,-0.01704203508994606,momentum
APP,2026-09-01,15:30 ET,0.33699819004524906,0.349967277486911,0.012041452085016217,0.0016896197223727968,-0.00997913929687368,0.475177304964539,-0.0006903715997517157,141.0,0.3055555555555556,-0.009633704096746742,36,305.4800109863281,318.7947082519531,305.27899169921875,312.6400146484375,3133647.833333333,-0.0025796259935166876,0.5446269104932906,0.0018586717117909934,0.0018586717117912155,0.006762433328173945,-0.23025405793395792,36.387644989947134,0.05568505977753674,0.47936800651875056,-0.2224803859810853,-0.3613674756794552,-0.5806922911567169,2112601445.3665493,-0.030975857768112625,1.0,0.02343853412533046,1.217960952251568,-0.20334086284413933,-0.008041530794315447,0.44166666666666665,0.9935254130262027,0.654091111578056,6.0,-0.016112773665144076,0.040021475446579746,-0.06724650010172595,momentum
CDW,2026-09-01,15:30 ET,0.3365504546252595,0.349967277486911,0.012041452085016217,0.0016896197223727968,-0.00997913929687368,0.5,-0.00038150259323521674,12.0,0.22727272727272727,-0.00628563807087712,44,151.5800018310547,152.92999267578125,148.07000732421875,150.7949981689453,996745.7499999999,0.0027923784322145817,0.5606993946700827,-0.00228265993182708,-0.0051788075776929565,0.061264002079035595,0.025831860543765073,61.29135342580422,0.04415881923977017,0.49414913526631116,0.09227477450888963,0.15730867561549797,-0.10308632981560709,276793021.5125098,0.021703971471124683,-1.0,0.005178807577692935,0.7162509914835962,0.011203761583279867,0.08579590431205858,0.475,0.7965559481458984,0.8223124240384531,3.0,-0.0051788075776929565,0.07741892263545735,0.0003717197076607004,momentum
KLAC,2026-09-01,15:30 ET,0.3349264852017099,0.349967277486911,0.012041452085016217,0.0016896197223727968,-0.00997913929687368,0.45098039215686275,-0.0031875557991286607,51.0,0.16129032258064516,-0.03793787908569268,31,172.3699951171875,173.1300048828125,168.07000732421875,170.1199951171875,6106188.833333333,0.0024069788118785684,0.40513612293885626,0.006567662543215169,-0.030379036328094355,-0.07210647695410144,-0.06805872651116363,33.124780643699154,0.05544281354952883,0.6442116203840709,-0.18920224765240773,-0.0005847958854373143,-0.44590466171339976,1784713916.0357609,-0.025387342969969806,-4.0,0.013053315911915612,0.7731089067269468,-0.09250769542275966,-0.034548158885348915,0.44166666666666665,0.7764821580748176,0.7254088519123734,7.0,-0.09157905037649117,0.04478429991287436,-0.005692196301240737,momentum
RGLD,2026-09-01,15:30 ET,0.33355908870905926,0.349967277486911,0.012041452085016217,0.0016896197223727968,-0.00997913929687368,,,,0.175,-0.015743725296318123,40,253.65499877929688,261.0400085449219,252.6649932861328,256.07501220703125,492424.8333333333,-0.004216494123752801,0.40716569648274165,-0.0012869740209303648,-0.02063330014336151,-0.043639816000984766,0.2674471427267029,63.43144854867441,0.030775111494563356,0.6488366373053467,0.1802554828354078,0.09091301812251774,-0.1603252370570344,180314179.13162813,-0.0345044244796231,-3.0,0.00954057061512913,1.13945833144761,0.1277943832036948,0.09917433537071954,0.75,1.1397189471951998,0.8278434247401645,3.0,-0.04790667629909906,0.07685634369127214,0.06775795612619206,momentum
QCOM,2026-09-01,15:30 ET,0.33212385484120915,0.3205170157068063,0.01122573137056742,0.0019289367137449612,-0.007871826471188736,0.5370370370370371,0.0013537481579011246,54.0,0.22916666666666666,-0.012966189209261736,48,165.66600036621094,167.2899932861328,162.2100067138672,167.2050018310547,5987385.083333333,0.012886729408382536,0.983269354383309,0.008656557408511567,-0.0192104292501184,0.04138642484742161,0.10315361714927951,51.695375311639985,0.037832286418642384,0.6204303027947964,-0.023943593578878177,0.001137012738107213,-0.35432995301362896,1544298213.000893,0.005315899725519602,-1.0,0.009289784635602533,1.0636485623003196,-0.048631785160006664,0.04604517271760352,0.06666666666666667,0.9411905238915668,1.021857409018565,7.0,-0.0192104292501184,0.038309234378490764,0.01914941369164236,momentum
ADBE,2026-09-01,15:30 ET,0.3309275693149761,0.3205170157068063,0.01122573137056742,0.0019289367137449612,-0.007871826471188736,,,,0.10416666666666667,-0.015625696118313936,48,288.260009765625,294.5299987792969,285.8399963378906,285.94000244140625,3510700.9166666665,-0.010865562700949627,0.011508178989583992,-0.0020416768782463013,-0.02339562793675265,0.04388138297475286,0.1376621572676433,63.32420429980003,0.03610301772888905,0.8179619611013643,0.17211488387194157,0.06407089032482455,-0.22898124970170353,1154858886.6727195,0.0021206879265922574,-1.0,0.008048314874148078,1.0188773220952474,0.11393338273254276,0.0774380218532765,0.45,0.9310496109564519,1.0313820936866736,7.0,-0.02339562793675265,0.057337158027533475,0.030781606239902226,momentum
ALNY,2026-09-01,15:30 ET,0.32762787169876545,0.3205170157068063,0.01122573137056742,0.0019289367137449612,-0.007871826471188736,0.44,0.0,25.0,0.2916666666666667,-0.0037163266357150837,48,242.3979949951172,247.05999755859375,238.02000427246094,246.85499572753906,1137940.9166666665,0.022753086694408342,0.9773227894572492,0.022851576503411852,0.025613831998001713,0.028219734441904842,0.12038757171537307,53.433860671110665,0.04524250657967488,0.6407649693208927,-0.05197354929220122,-0.23802772551320414,-0.5018565194059287,400797762.17287457,0.02737133375810119,3.0,0.018387118806455705,0.9429427670530538,-0.11294497792879309,0.0687346637125487,0.65,1.0135278653014188,0.687391953765958,4.0,0.0,0.06123966564289529,0.013882915424027198,momentum
AMAT,2026-09-01,15:30 ET,0.3270977292136925,0.3205170157068063,0.01122573137056742,0.0019289367137449612,-0.007871826471188736,0.5423728813559322,0.004117247616605368,59.0,0.2807017543859649,-0.014475689178850115,57,450.79998779296875,451.45001220703125,438.8299865722656,443.0050048828125,5043152.833333333,-0.0002510498300853925,0.3308248676647329,0.006966864627897751,-0.03356314333641086,-0.07714982710372076,-0.14421047567797518,34.29558095385248,0.05804192609022274,0.6946127934534189,-0.18494416641704325,0.09923413242113732,-0.4004370594798095,3631776279.5908117,-0.025107622623199655,-3.0,0.017291444368308456,0.7840329585312004,-0.07492792451105676,-0.04065585509311057,0.5333333333333333,0.7394883300536341,0.7862741933225059,6.0,-0.10722272321895043,0.04289321782931166,-0.017858689392845517,momentum
NVDA,2026-09-01,15:30 ET,0.3244870363649509,0.3205170157068063,0.01122573137056742,0.0019289367137449612,-0.007871826471188736,,,,0.25,-0.010812296749577566,56,216.61000061035156,220.41000366210938,215.10000610351562,217.58999633789062,82998207.5,-0.0013768012194028678,0.4689249301716112,0.0012884762893681234,-0.014448783671727194,0.021309519930069465,0.05299069386655608,51.98798311353704,0.033782035420565716,0.6498891738849315,0.042094692253645406,0.11058010563362837,-0.07904118417613049,27477827480.28901,-0.010325739284756219,-1.0,0.004524240454169638,0.8572808119626529,0.04902477149722043,0.0408286939995417,0.025,1.3281586255963183,1.4621210007086825,5.0,-0.04557417134995301,0.0873795275466771,0.02078032409385422,momentum
TXN,2026-09-01,15:30 ET,0.32118177558460953,0.3205170157068063,0.01122573137056742,0.0019289367137449612,-0.007871826471188736,,,,0.15,-0.016489402641838347,40,256.19000244140625,257.6199951171875,250.4250030517578,253.4250030517578,4626390.166666666,0.003101324951959139,0.41695667941238224,0.008496198904323071,-0.028688055288385916,-0.025475812544491383,-0.058039715273636716,36.19344871225403,0.03654225124551471,0.8051195729130681,-0.10218716434412459,0.07390536400604056,-0.23742611432921693,1546005318.584527,-0.019368411707535893,-1.0,0.010792768505011534,0.9838636110407487,-0.042348051052229656,-0.013967885032947536,0.325,0.8266002884364726,0.8503190220765644,5.0,-0.0524397401949519,0.02963905471306738,-0.013571808043709832,momentum
NTAP,2026-09-01,15:30 ET,0.32014752505074645,0.3205170157068063,0.01122573137056742,0.0019289367137449612,-0.007871826471188736,,,,0.2857142857142857,-0.006483490270350889,35,184.99000549316406,185.29750061035156,178.8800048828125,183.42999267578125,1281171.6666666665,0.010853947588652657,0.7089974011893185,0.0060605827288331415,-0.01003832196960186,-0.021341301586236816,0.002788074086710335,45.96448248240272,0.03840201644339053,0.52900755899096,0.03683671501633558,0.42347303953752485,-0.12259640860097634,459997548.2308572,-0.01945297412120406,-4.0,0.008432957300714604,0.9279196870934902,0.09712059483875624,-0.0012622393862297154,0.39166666666666666,0.9338708913588447,0.8088504116251223,5.0,-0.05681819875828531,0.04997318475313772,0.010711421511639507,momentum
MSTR,2026-09-01,15:30 ET,0.3190486972856567,0.3205170157068063,0.01122573137056742,0.0019289367137449612,-0.007871826471188736,0.4888888888888889,-0.0009134687754500659,135.0,0.2692307692307692,-0.01974998333434491,52,128.0,129.88999938964844,123.59149932861328,125.88999938964844,17931110.166666664,-0.008208350390890629,0.36492816365193437,0.003427389672514325,-0.05303146473812592,-0.007411514845346856,0.3271136261821901,59.77686811229727,0.06398925413300806,0.6973708710574457,0.24678375409226938,-0.10114365613128555,-0.6552942078937255,2869453050.3944206,-0.004433439307359954,-1.0,0.016484379768371582,0.7384802794205706,0.08738281486820482,0.2514230545870795,0.8916666666666667,1.1452240574106711,1.1175861995502192,0.0,-0.08376997829786981,0.12678343906763057,0.08384377093109974,momentum
ECHO,2026-09-01,15:30 ET,0.3185827768864091,0.3205170157068063,0.01122573137056742,0.0019289367137449612,-0.007871826471188736,0.5405405405405406,0.0014836568524809746,111.0,0.3181818181818182,-0.007991755694761127,44,85.54000091552734,87.0,85.27999877929688,85.98999786376953,915845.6666666666,-0.0010795827005003478,0.41278987242951687,0.001222515281218861,-0.005205975994063139,-0.006125737400145215,0.004204141327789124,41.597659949205614,0.03794085709368332,0.2791152951598148,-0.06196754590162268,-0.19903315778953962,-0.41602717919341575,281806627.9396659,-0.012582204460910518,-2.0,0.00526066101737092,0.7026150003646402,-0.03683950840461654,-0.01646218348097813,0.008333333333333333,0.7193532369423105,0.5304953758996012,7.0,-0.02770244810044986,0.017333306206597232,5.668493348709447e-06,momentum
VRSK,2026-09-01,15:30 ET,0.3150970680915063,0.3205170157068063,0.01122573137056742,0.0019289367137449612,-0.007871826471188736,,,,0.27586206896551724,-0.007959685965005736,29,193.42999267578125,197.2100067138672,192.97999572753906,194.33999633789062,627499.1666666666,-0.002057610372088403,0.3215123116103572,-0.0033846341646635025,0.002889862535459864,0.031036079761474156,0.006369404606967333,57.03050647293116,0.03250011764059128,0.4965983298973695,0.023300960021691013,-0.0001027110790652045,-0.28384163195189405,229854967.01961336,0.017195987330134166,4.0,0.004704563390201243,0.7840611731644478,-0.017088185010440723,0.041091321129923294,0.14166666666666666,0.7361613641249607,0.6856969156516005,8.0,0.0,0.04243540373470922,-0.009413965164266513,momentum
MELI,2026-09-01,15:30 ET,0.3140371557652112,0.3205170157068063,0.01122573137056742,0.0019289367137449612,-0.007871826471188736,,,,0.25806451612903225,-0.011487678447711591,31,1900.0,1975.0050048828125,1900.0,1953.8299560546875,260552.49999999997,0.0024126359357168337,0.7176848550145579,0.0029155514562249074,0.009105467063017958,-0.02161744814487354,0.028986836806539573,57.64901030850747,0.033073580218612134,0.5293684413697822,0.06463946476768681,0.049922944471062505,-0.23334119833051303,907919547.3754156,-0.02763561924257929,1.0,0.02833155581825658,1.1661769012549046,0.03097944978954351,0.03921288749092334,0.5416666666666666,0.8205184675235225,0.655756364619527,5.0,-0.02161744814487354,0.07279360179598715,0.008614271856754119,momentum
DLTR,2026-09-01,15:30 ET,0.3127568139559076,0.3205170157068063,0.01122573137056742,0.0019289367137449612,-0.007871826471188736,,,,0.375,-0.004546176817958436,48,127.41000366210938,131.69500732421875,126.4749984741211,130.74000549316406,1143512.5,0.00020689040675248016,0.8170497678300256,0.00019132583080816445,0.032783073507612226,-0.02781075515463538,0.010746032656048454,53.49869684735688,0.03728017971219001,0.48882574097862397,0.034160406752956486,0.12036133553219659,-0.08188194454415759,296593549.0269343,-0.0066270924772358075,1.0,0.026136109687947533,0.9697209609322058,0.029133498866631184,0.01595253017573392,0.06666666666666667,1.6364542847087362,1.5367333723412697,3.0,-0.04394877153079291,0.0400821755682268,-7.696508192767126e-06,momentum
AMKR,2026-09-01,15:30 ET,0.3081012564650261,0.3205170157068063,0.01122573137056742,0.0019289367137449612,-0.007871826471188736,0.593103448275862,0.004988850783066212,145.0,0.40425531914893614,-0.005921113927476074,47,46.599998474121094,46.70000076293945,45.34000015258789,45.820098876953125,2021845.5833333333,-0.00018010759004927213,0.35301360948737226,0.005047131467319721,-0.03128753454498767,-0.059135561414157656,-0.0987392065414705,36.843401805874024,0.08123744335961221,0.4776327223089077,-0.2502863825346632,-0.17871826707660649,-0.5260643490657898,216127069.83792755,-0.02977306561565407,-3.0,0.016736043405689793,0.5143722725245627,-0.14206890307921224,-0.013235751959974743,0.425,0.810101269758592,0.9763217033902631,4.0,-0.11441636276516443,0.0746037975479622,-0.006094050395863748,momentum
ON,2026-09-01,15:30 ET,0.3063442807574367,0.3205170157068063,0.01122573137056742,0.0019289367137449612,-0.007871826471188736,0.5,0.00034171293662732527,62.0,0.2,-0.01026852882322049,30,72.62999725341797,73.0999984741211,71.41999816894531,73.08499908447266,3464372.1666666665,0.01053032872376769,0.9910717934977589,0.009043197246128898,-0.013564547214102052,0.007929898376804578,-0.09098261570370392,38.117349899683134,0.048701602856685094,0.4075166231825072,-0.1517377968198281,-0.062471048500226396,-0.45830862676890616,644829730.0690607,-0.012508575937004718,-1.0,0.006264654388834843,0.6879602197088773,-0.10317322084212742,-0.03195639988275287,0.21666666666666667,0.6902610617241565,0.6000927371296982,4.0,-0.045638582698032004,0.035759209309590645,-0.02374334261261357,momentum
CTSH,2026-09-01,15:30 ET,0.30227727618257016,0.3205170157068063,0.01122573137056742,0.0019289367137449612,-0.007871826471188736,0.5833333333333334,0.0005778014216137883,12.0,0.1891891891891892,-0.007051130069626321,37,64.36000061035156,65.08000183105469,63.189998626708984,63.290000915527344,2607724.1666666665,-0.010916612059202246,0.0529111742183416,-0.002285811533452975,-0.019975238137993068,0.0036473126740803608,0.15390803715936996,68.31350375296024,0.03532784237725837,0.3282813405148276,0.2443658581760008,0.018718958263883218,-0.2596090015947311,455333208.79243004,0.016103575233761713,-1.0,0.01662522816465172,0.9574481653514271,0.18128041420757357,0.07487517950501722,0.4166666666666667,0.7163134173135646,0.7110889339607135,5.0,-0.019975238137993068,0.054517161516583146,0.03698034186986088,momentum
ROIV,2026-09-01,15:30 ET,0.3018547248734849,0.3205170157068063,0.01122573137056742,0.0019289367137449612,-0.007871826471188736,,,,0.3,-0.003372545868949084,30,34.63999938964844,34.95000076293945,34.2599983215332,34.5,2900486.333333333,-0.0009638233866378076,0.3478272888102609,-0.002601912465766687,-0.004041552890161837,-0.054017031937602544,0.0354141751495598,43.17503858885828,0.03570877039045926,0.37830785618016605,-0.02022037432116875,0.21997254306104694,-0.09138796705676977,265241118.6460593,-0.0054551372787136065,-3.0,0.004041552890161825,0.566550942601949,0.02364251269217777,0.04260017097954801,0.325,1.0714973929744418,2.0450874668246586,8.0,-0.08195853328856118,0.07637047915762396,0.012599732053845791,momentum
HST,2026-09-01,15:30 ET,0.2994812148448871,0.3205170157068063,0.01122573137056742,0.0019289367137449612,-0.007871826471188736,,,,0.3181818181818182,-0.0014160828606604725,22,21.90999984741211,22.0049991607666,21.562000274658203,21.573999404907227,3439395.9166666665,-0.006794492104806649,0.027086140903043586,-0.001896847866994733,-0.01623351095825265,-0.062000025873598874,-0.1401355411039329,28.18469981314084,0.022689124835561486,0.3563568459642924,-0.0847638213873343,0.07103966859881264,-0.1608712495856654,215674775.45316437,-0.020125257184971712,-7.0,0.01533548356206718,1.09653113012688,-0.030347673632277573,-0.01866847092627872,0.5416666666666666,0.9793488969321502,0.644785305344632,7.0,-0.07048684808694816,0.024782595427139897,-0.032336316199539916,momentum
CDNS,2026-09-01,15:30 ET,0.29945879526051744,0.3205170157068063,0.01122573137056742,0.0019289367137449612,-0.007871826471188736,,,,0.18181818181818182,-0.011563047474043409,44,331.19000244140625,332.8399963378906,312.3900146484375,312.5799865722656,1600147.25,-0.020239044399984696,0.009289588945016079,-0.0030300520228687677,-0.07733636076933703,-0.05821032744653931,-0.07011753012697364,38.6092738531265,0.039399162548035285,0.7813409751214629,-0.09643869167456051,-0.045024547700147306,-0.2498500450194514,666133713.4324461,-0.01496043888238241,-3.0,0.05619135762539537,2.1257774526517625,-0.052548374473373585,0.06036818735291271,0.4166666666666667,1.279083269338339,0.9550236966035793,5.0,-0.10061862307281777,0.07733636076933703,-0.0012782524755634572,momentum
NTRA,2026-09-01,15:30 ET,0.29912158690016416,0.3205170157068063,0.01122573137056742,0.0019289367137449612,-0.007871826471188736,0.5333333333333333,0.003626363532450272,15.0,0.2,-0.005525123858306447,30,320.8399963378906,324.9750061035156,318.3550109863281,324.2652893066406,687592.75,0.005849290563145315,0.8927919455661891,0.0006952251443590463,0.007160199753838414,-0.03695970557528827,0.19938344013808984,60.22014523232548,0.03568661926352817,0.46461951949618385,0.1265786803312668,0.38685353534444167,-0.055115985118078435,453753683.98836225,-0.00034278194409187446,1.0,0.010676016107239554,0.6139008103782759,0.10337234329333518,0.06648360680245209,0.7333333333333333,0.8374743565288852,0.6257110784910541,6.0,-0.04261801706569579,0.04292728280666558,0.05180527261713519,momentum
ILMN,2026-09-01,15:30 ET,0.2972305346891477,0.3205170157068063,0.01122573137056742,0.0019289367137449612,-0.007871826471188736,0.4666666666666667,0.0,15.0,0.22641509433962265,-0.0055430270330874,53,212.3800048828125,213.38499450683594,207.4801025390625,208.61000061035156,896433.4166666666,-0.004218173614268794,0.1913494908045056,-0.0006222963224064015,-0.02349859176015412,-0.07280325562421575,0.05273514712919036,53.238246990539764,0.042364387129154975,0.46631194329281084,0.0670806658336275,0.38686952165196686,-0.10008195156629508,386338572.3115385,-0.006362873469632602,-3.0,0.017751220386971734,0.575189058977602,0.04868130775803044,0.11061251114048913,0.9666666666666667,0.8620043861657251,0.8196586751893792,4.0,-0.08379815374618715,0.08874612199106102,0.020960736000627644,momentum
AVGO,2026-09-01,15:30 ET,0.2938092757551073,0.3205170157068063,0.01122573137056742,0.0019289367137449612,-0.007871826471188736,0.5333333333333333,0.0008221787659420388,30.0,0.2692307692307692,-0.00966345663988094,52,364.3599853515625,371.3999938964844,362.0,370.2300109863281,13463294.0,0.00863824873555874,0.8755336521448353,0.0035508985983769836,-0.0002969848049092505,0.03781471413701132,-0.056089537729857364,43.593768263031606,0.0354746209913621,0.6853498781587231,-0.037986799599509555,0.004100019397938911,-0.25087684459140996,7479258779.389909,-0.013964071810790402,-1.0,0.016110511227246244,1.0067460901112908,0.007060688737137093,-0.04135159327298848,0.7583333333333333,0.8733546110693693,0.9420861916309693,7.0,-0.003525858665192394,0.04610523424650492,-0.015412813712620044,momentum
JBHT,2026-09-01,15:30 ET,0.2937025691174958,0.3205170157068063,0.01122573137056742,0.0019289367137449612,-0.007871826471188736,,,,0.34210526315789475,-0.0041063747487565805,38,263.1499938964844,265.0,255.57000732421875,256.07000732421875,400650.25,-0.013057634354820213,0.05302231053520689,-0.0020265365801210855,-0.035408874273027635,-0.023304544672553495,-0.0389947522613836,37.7503548306234,0.032714047673132074,0.531288870323958,-0.07311422057275549,0.0889748627417198,-0.14430909807022466,199532169.48987034,0.008237524507602956,-1.0,0.026904756741323307,1.116108483597646,-0.02475725918942866,-0.014696034420777972,0.3333333333333333,0.877827656696225,0.7560121995459378,7.0,-0.07035761126866924,0.05652570932731038,-0.008574213404854314,momentum
BNTX,2026-09-01,15:30 ET,0.2928009802273439,0.28992146596858637,0.009675610229253992,0.0012653541568402723,-0.00739588074445049,,,,0.21739130434782608,-0.009383720809653329,46,101.08999633789062,102.13999938964844,100.29499816894531,101.0,613944.5,0.0018764228954057938,0.38211456076219463,0.0030289518456740883,-0.006003352098094772,-0.11442352216190199,0.09485094850948506,50.301586652802165,0.04468193756484908,0.3332362663308673,0.05542330720017646,0.0341949939345726,-0.18548387096774194,187897619.9717582,-0.009018780306574548,-5.0,0.0008902595820640316,0.38978337774436644,0.05596408293682387,0.11388469130554776,0.9583333333333334,0.8738221559414204,0.8697146104881748,5.0,-0.1335678110627595,0.21962267112217848,0.035170075763779174,momentum
MAR,2026-09-01,15:30 ET,0.2924237597709031,0.28992146596858637,0.009675610229253992,0.0012653541568402723,-0.00739588074445049,,,,0.07407407407407407,-0.01118141701859765,27,340.5350036621094,342.489990234375,334.1099853515625,334.2799987792969,1004768.9166666666,-0.008765608060747887,0.020287986715028624,-0.003250130762323389,-0.021886735640772703,-0.06565668154317261,-0.034226172107683084,30.204996377131422,0.022978367194231485,0.6275804903540659,-0.08205795815682067,-0.024541453702385026,-0.184974193385591,555032152.6317717,-0.02341556713245574,-4.0,0.01836817013095938,1.3472214171260446,-0.028841408310150418,0.014167715977858217,0.19166666666666668,1.02037936393106,0.7987891523038643,8.0,-0.07196005704973818,0.02654659098524892,-0.010921935687041362,momentum
FFIV,2026-09-01,15:30 ET,0.290789317462018,0.28992146596858637,0.009675610229253992,0.0012653541568402723,-0.00739588074445049,,,,0.19230769230769232,-0.0051707291757913665,26,400.5899963378906,407.6300048828125,390.3699951171875,393.9700012207031,276584.75,-0.0003333627271954187,0.2085749748928526,-0.0003298779010380004,-0.03232383637727054,0.029314176931948044,-0.030466358304074292,47.98446785599336,0.03529282989320311,0.5066536302103846,-0.025677096322576216,0.21284121260353175,-0.09432183627424569,214816597.34477124,0.01194869691648015,-1.0,0.016525612665583517,1.44338542348546,-0.011764728781654759,0.026588131998060278,0.5833333333333334,1.2958049107215954,0.8784302748100267,3.0,-0.039612890526167455,0.04399737776065482,0.0010371182233774867,momentum
TSCO,2026-09-01,15:30 ET,0.2889606036143974,0.28992146596858637,0.009675610229253992,0.0012653541568402723,-0.00739588074445049,,,,0.22857142857142856,-0.00679890565938035,35,34.849998474121094,35.494998931884766,34.6349983215332,34.80500030517578,4437589.0,-0.004123459955104769,0.19767658487251824,0.00476330595942942,-0.00272209789540212,-0.016252140915214652,0.09141857037538847,56.8923215571863,0.028923906553314754,0.40615708056027044,0.07812212236624794,-0.16263324432777798,-0.4275145066410829,369479979.80422217,0.006934350174433446,-1.0,0.001291195722109636,0.9937069138977396,0.08041644233858061,0.003753842271406305,0.058333333333333334,0.7472017071045246,0.632894179335637,7.0,-0.031041144783061414,0.03396661996938133,0.02649238328708714,momentum
FIVE,2026-09-01,15:30 ET,0.28729323059746686,0.28992146596858637,0.009675610229253992,0.0012653541568402723,-0.00739588074445049,0.5769230769230769,0.008757320735994223,26.0,0.391304347826087,-0.0007427707302936626,46,242.66000366210938,247.94000244140625,241.94000244140625,245.72999572753906,789973.1666666666,-0.00012873240483357584,0.6316655476888021,0.0006514981412575338,-0.004496842597713213,-0.05273508246192771,0.13396400179105927,57.64295285372919,0.03545199023762584,0.7986545415331318,0.14461252886432477,0.18778110739030573,-0.0687812976331183,239254786.21722984,0.0004948065444818628,-1.0,0.01265141357907701,0.6742329026671582,0.13195906478926878,0.058994692415190085,0.5,0.911882575250016,1.0976562263320113,4.0,-0.06466963083975963,0.05894802623031792,0.03272230122823494,momentum
ADI,2026-09-01,15:30 ET,0.2866678486118784,0.28992146596858637,0.009675610229253992,0.0012653541568402723,-0.00739588074445049,,,,0.2127659574468085,-0.012245269646698698,47,356.4200134277344,356.44000244140625,348.69500732421875,354.79998779296875,1639937.0,0.006107552160974805,0.7882484593440194,0.003904629938328519,-0.02026847782229857,-0.05047373463656879,-0.0195645434793682,35.82167341405254,0.03364631434123211,0.4549169675290541,-0.06790675872549831,0.027131386077052497,-0.20432377636941224,1320701308.2671857,-0.02318568116056452,-1.0,0.00454527123543272,0.7193939117348673,-0.011881302092460718,-0.004269873498128899,0.125,0.860510582156363,0.7406638676637861,8.0,-0.05265406867237532,0.034016849856069786,-0.0006084743905538925,momentum
ULTA,2026-09-01,15:30 ET,0.28642667060971116,0.28992146596858637,0.009675610229253992,0.0012653541568402723,-0.00739588074445049,,,,0.2222222222222222,-0.005028941604480697,36,527.8400268554688,551.9600219726562,527.8400268554688,548.5399780273438,604607.25,0.006636794427111514,0.858207104574601,0.010481721833485613,0.021299577288057092,0.021071456650062492,0.026440383961530367,58.882119768128845,0.03534097482085745,0.8775905739251604,0.09545081529531549,-0.013080224729437383,-0.2327789970145299,363824920.54188395,0.012934276694126723,2.0,0.03921633472018405,1.169624948242035,0.0612776656187329,0.03220000833303072,0.35833333333333334,1.321111476810771,1.6430854128754047,4.0,0.0,0.04184405963251436,0.006678314664620322,momentum
FWONK,2026-09-01,15:30 ET,0.2853219446768424,0.28992146596858637,0.009675610229253992,0.0012653541568402723,-0.00739588074445049,,,,0.25925925925925924,-0.0024557265421786267,27,99.1500015258789,100.0250015258789,97.30500030517578,97.54499816894531,1374795.5,-0.008054109228156636,0.08823446914023494,0.00035889685107326486,-0.024062019537052004,-0.0665550414454994,-0.0019950859329462833,39.471462700299035,0.024876412381774966,0.7092241223658078,-0.01790516429249601,0.05801423872372858,-0.10806214995548828,194865550.32022348,-0.018511138183806786,-6.0,0.01618762816170684,1.3378589588434504,0.031340553615206455,0.008822521617322282,0.44166666666666665,0.8830908243071639,0.767095472975807,5.0,-0.08545851472159793,0.027641636812540282,0.005168799758933584,momentum
IDXX,2026-09-01,15:30 ET,0.28386594362797196,0.28992146596858637,0.009675610229253992,0.0012653541568402723,-0.00739588074445049,,,,0.26666666666666666,-0.008698926696800946,30,555.9500122070312,555.9500122070312,541.6099853515625,544.52001953125,247161.41666666666,-0.002279419749197764,0.20293087377153146,0.00018386111938228922,-0.021861328309802364,-0.009981618764928424,-0.041067917408637244,43.61627653423439,0.02994526472393647,0.4238784703464558,-0.025846907998491056,-0.10649965089186002,-0.29281275702810355,322147962.0437845,0.015100094292006982,-1.0,0.020559389198331043,1.1028237247895127,0.007299892542853882,-0.01129211839739191,0.8,0.7976312186209891,0.6412387117727264,3.0,-0.03144786960493795,0.029064437034290735,-0.007828327981419525,momentum
JD,2026-09-01,15:30 ET,0.2827597962996778,0.28992146596858637,0.009675610229253992,0.0012653541568402723,-0.00739588074445049,,,,0.021739130434782608,-0.020033999979801764,46,27.864999771118164,28.110000610351562,27.709999084472656,27.844999313354492,4720381.25,-0.002483417583390213,0.33749928474699115,-0.0008970766101918937,-0.01398726844777276,-0.05160086054163493,-0.15672323054715254,33.83082260589862,0.023393881900259532,0.5609871209186135,-0.05060812589599402,-0.028849130587848028,-0.21764265191357235,247373119.6089625,-0.024676231404852755,-2.0,0.0007177627104954144,0.9208134504906225,0.02248434261575765,-0.04064023336794712,0.875,0.6647198113508981,0.598096305213062,7.0,-0.053213211226702084,0.020095372626793062,-0.03448970180667854,momentum
INSM,2026-09-01,15:30 ET,0.2823407590040996,0.28992146596858637,0.009675610229253992,0.0012653541568402723,-0.00739588074445049,0.45714285714285713,-0.0033122833330148094,35.0,0.35,-0.005194881944176111,40,121.94999694824219,122.19000244140625,119.52059936523438,121.24500274658203,934143.1666666666,0.004733577522552768,0.6459883847217935,0.00285360807567292,-0.004720053765248977,-0.021349557317758783,0.2315389182827885,51.616019306379414,0.04009515264769114,0.3268497654553385,0.060797369766010696,-0.14512571926228948,-0.4301057450219411,342772369.911053,0.027553055566716278,-1.0,0.005781010408383763,0.6773416251947763,0.09622507788268878,-0.007217028963889571,0.5333333333333333,0.9147801537803213,0.5596538925532609,5.0,-0.07205725280610598,0.04270627334042287,0.04459317144851371,momentum
CASY,2026-09-01,15:30 ET,0.28188529424207104,0.28992146596858637,0.009675610229253992,0.0012653541568402723,-0.00739588074445049,,,,0.21739130434782608,-0.0047750823278154275,23,758.8400268554688,778.5900268554688,753.27001953125,769.9299926757812,291872.75,-0.002162702541025907,0.657976632123478,-0.0012129199930450696,0.023557211663645106,-0.0666609990951863,-0.10511756913267045,37.50582875016944,0.03440143563546701,0.9492414140757123,-0.0717518470110468,0.06494658152602614,-0.1695776607958062,252025932.95077586,0.0033053916376657444,1.0,0.014614365910912515,0.9506285803852123,-0.005636471841734242,-0.0213987287448763,0.625,1.0532612909328083,1.2608634545001864,4.0,-0.09866429464529614,0.054192673331087904,-0.02754757481323733,momentum
JAZZ,2026-09-01,15:30 ET,0.27997801801274236,0.28992146596858637,0.009675610229253992,0.0012653541568402723,-0.00739588074445049,,,,0.2222222222222222,-0.006396308511921411,36,250.1300048828125,252.22999572753906,243.05999755859375,245.89999389648438,717863.25,0.003277442855357693,0.3097052240979092,0.00040679757316963716,-0.019068130361241553,-0.05506673513761873,-0.0225773427666347,45.972835622446496,0.031953968575255634,0.6493209323781612,-0.00785407765379074,0.20487828107328981,-0.07688268868129879,274448392.92206645,0.03620699082506751,-1.0,0.016911249765136784,1.138988579884709,0.01510772895940805,-0.001951554310488551,0.23333333333333334,1.13662399185656,2.2286224228563642,4.0,-0.05506673513761873,0.04203980032406818,-0.007671499173221963,momentum
SNPS,2026-09-01,15:30 ET,0.27340015746726254,0.28992146596858637,0.009675610229253992,0.0012653541568402723,-0.00739588074445049,0.4166666666666667,-0.0026997876033398316,12.0,0.25,-0.006821962094283318,40,428.0,430.875,414.8999938964844,415.9599914550781,1301763.6666666665,-0.010401213416927013,0.066353499443138,-0.0014523807395778743,-0.05375464655626361,0.01753952582079399,0.060932955045203796,50.16658401308184,0.04006200255945139,0.7953636098874353,0.0005772925665882201,-0.06930925431704535,-0.32450996882478056,677622906.3231487,-0.022719515765940113,-3.0,0.028130861086266064,1.0344495049070597,-0.00390166047675592,0.1226569879957152,0.5166666666666667,1.6013838077949178,1.470884753186922,6.0,-0.10525075104132231,0.13387808450838423,0.030143215172505178,momentum
GEHC,2026-09-01,15:30 ET,0.2697121142594077,0.28992146596858637,0.009675610229253992,0.0012653541568402723,-0.00739588074445049,,,,0.25,-0.006925123887574547,40,71.25,71.73829650878906,70.3468017578125,70.44999694824219,1499502.3333333333,-0.005492943021940255,0.07416139396664218,-0.0025484965620194977,-0.01095053168512139,-0.04681378084738197,0.010325448969550344,47.65907547475276,0.02383913547093428,0.5564439348200265,0.036567774355273835,-0.03121726409632344,-0.21407920610774372,191045925.72938877,-0.00070130504372512,-7.0,0.011228113007127193,1.0131013390183938,0.0693532325972663,0.008692386449348437,0.10833333333333334,0.8998623494366175,0.7927563810088755,9.0,-0.0584068800375086,0.027399223026549402,0.006470616342415303,momentum
ISRG,2026-09-01,15:30 ET,0.2673447871387858,0.28992146596858637,0.009675610229253992,0.0012653541568402723,-0.00739588074445049,,,,0.2619047619047619,-0.00648075657906011,42,375.2950134277344,375.3999938964844,366.3500061035156,367.885009765625,1233095.5,-0.003319036276803078,0.16961389310402966,-0.002291322661350792,-0.0238151460351117,-0.010636259173883333,-0.02004473461835954,43.56779570129622,0.030979426759740032,0.491007063901631,-0.03924573211916604,-0.21150738185256115,-0.3907978293849688,938802200.1209775,0.017059656985729976,-1.0,0.019744476736929046,0.8004590864320371,-0.0007976961820925921,-0.015021319147326169,0.65,0.7914174449189656,0.6398416515260509,6.0,-0.07501506427513582,0.05843304375702907,0.006809523657135053,momentum
PTC,2026-09-01,15:30 ET,0.26290929395619794,0.28992146596858637,0.009675610229253992,0.0012653541568402723,-0.00739588074445049,,,,0.09090909090909091,-0.008124423398195302,33,153.47000122070312,155.5800018310547,152.23500061035156,153.28500366210938,441963.1666666666,-0.0014395724883385919,0.313902143072193,9.786252515375793e-05,-0.0157634631081508,0.01419216806353818,0.09598886739003909,59.20002239273728,0.031064794896282527,0.3710920138597345,0.139925642684118,0.027644380249614603,-0.28866768873430665,173532399.5609821,-0.013054654529240373,-3.0,0.001205431401070412,0.8318834123089662,0.12411345727494755,0.051543471931260305,0.3333333333333333,0.7619780159064721,0.8249287991252878,6.0,-0.0356400968537135,0.048413668678459754,0.03041473259033811,momentum
CPRT,2026-09-01,15:30 ET,0.25869840639764385,0.28992146596858637,0.009675610229253992,0.0012653541568402723,-0.00739588074445049,,,,0.12,-0.0039672852975239925,25,32.7599983215332,32.86000061035156,32.27000045776367,32.314998626708984,3614318.4999999995,-0.004578983800495817,0.07626806323344001,-0.000309424160692906,-0.02046083714504321,-0.03045313977150732,0.10102208540723656,56.42774567462817,0.03158574194897063,0.35030901336222914,0.08108374314404346,-0.06524015096253985,-0.3551187740350285,315943259.94366884,-0.006067984481033295,-2.0,0.013583629964099226,0.5047049834334788,0.057272510698675554,0.04388003607680704,0.9166666666666666,0.5832139268640013,0.6308722147901964,5.0,-0.0586951091427832,0.07426208277505597,0.02508108698616862,momentum
ZM,2026-09-01,15:30 ET,0.25700344702429506,0.28992146596858637,0.009675610229253992,0.0012653541568402723,-0.00739588074445049,,,,0.2702702702702703,-0.005276453723590535,37,95.0,96.12999725341797,94.66000366210938,95.44000244140625,1908649.1666666665,0.0005391256618820783,0.5306137277799403,0.0005241959542694463,-0.012825794992298412,-0.054300394638982064,-0.028600484056933828,43.52685777783367,0.04158714174571428,0.5667852016827517,0.003929913764577633,0.05800899557890775,-0.16820634287685884,337642650.69863695,-0.03317730577402922,-3.0,0.004631604646381579,0.3748071982434889,0.0847681195059045,-0.027684877440240528,0.35,1.1644252664044599,1.220633276297028,3.0,-0.11193820268589894,0.07025363125771789,0.0016901223558842826,momentum
WWD,2026-09-01,15:30 ET,0.2543273737466869,0.2642342931937173,0.008664023808731068,0.0016143755477420769,-0.006738514788387945,,,,0.3103448275862069,-0.0026549723343429754,29,337.8800048828125,342.1600036621094,333.7699890136719,336.7749938964844,458530.5833333333,-0.0009241695434019093,0.3581644381720039,-0.0013196350234502274,-0.00896066553500241,-0.008493816565152579,-0.07287552725724744,35.047378218119306,0.033582406479475135,0.8316431035056059,-0.12294170231136999,-0.05911479966691693,-0.25247350451785083,193658824.70591483,-0.008073275872881758,-3.0,0.0032704243233078498,0.8890321730035583,-0.07959903445345026,-0.02002678132189212,0.44166666666666665,0.8824603488472669,0.9555415988342105,5.0,-0.063551457542525,0.048466458413170765,-0.01770481629480536,momentum
GFS,2026-09-01,15:30 ET,0.2500358657230768,0.2642342931937173,0.008664023808731068,0.0016143755477420769,-0.006738514788387945,0.5571428571428572,0.003114985830614314,70.0,0.3888888888888889,-0.002869176890529457,54,43.810001373291016,44.470001220703125,43.257999420166016,44.005001068115234,2106838.5,0.0010475914475041037,0.6163370777322099,0.004336470326634423,-0.015327759669796714,-0.04170290020013867,-0.1200759339124462,32.224234987690124,0.05710615952031017,0.4831616605798614,-0.24265760670468736,-0.17062920735378925,-0.5238420788838141,210524533.77961832,-0.0260115202501654,-3.0,0.004451031470250108,0.7380352293765517,-0.15694567672820783,-0.054000944234966805,0.43333333333333335,0.6572637554993017,0.8326745494312396,4.0,-0.09417456958626325,0.04370444344359914,-0.023439527895908197,momentum
NFLX,2026-09-01,15:30 ET,0.24941585038873687,0.2642342931937173,0.008664023808731068,0.0016143755477420769,-0.006738514788387945,,,,0.18421052631578946,-0.007037267491692312,38,80.11199951171875,82.12550354003906,79.5999984741211,80.94499969482422,15792317.666666666,-0.0010844681626033248,0.5325672234255626,-0.0008640337635201778,-0.0012955379763099906,-0.01562694405509868,0.10384559762201784,59.87617251879402,0.027354003813947418,0.545479836672511,0.08098038334185774,-0.07333180174063865,-0.3611790681107864,2205548681.294459,-0.010962968991126587,-2.0,0.010397945228961834,1.2780884831379333,0.044799692963764084,0.04453528485332158,0.39166666666666666,0.8525565595341082,0.8379897744603086,6.0,-0.01562694405509868,0.03150321053607952,0.025968620977639967,momentum
CMCSA,2026-09-01,15:30 ET,0.24875470644629322,0.2642342931937173,0.008664023808731068,0.0016143755477420769,-0.006738514788387945,,,,0.2857142857142857,-0.004439918252888253,35,26.523000717163086,26.760000228881836,26.32069969177246,26.344999313354492,12127871.166666666,-0.0071812667693147425,0.05531434525877041,-0.0015160475717395094,-0.010330635507479036,-0.027859817619467098,0.07267914846200996,55.36886103549179,0.02485958947360681,0.5555169546769599,0.07220572803967537,-0.0020871505771396415,-0.17789213586954689,556053141.2227829,-0.011442385665894506,-2.0,0.006711209101367203,0.8031089437924865,0.06497157851584348,0.03946729596591457,0.325,0.8568094828444583,0.7866435265482805,6.0,-0.03143387594128,0.0290441504914859,0.023277414026700693,momentum
CSCO,2026-09-01,15:30 ET,0.24580070433694476,0.2642342931937173,0.008664023808731068,0.0016143755477420769,-0.006738514788387945,,,,0.2727272727272727,-0.009609238021578814,22,110.0999984741211,110.72000122070312,108.93000030517578,109.58999633789062,6193019.083333333,0.0014744895253775425,0.36871267885380127,0.0011876233738834507,-0.00814554750004215,-0.013680175178752751,-0.05411707439522262,41.139824150705174,0.027715275384682138,0.2992231760914671,-0.045897302939973454,0.16889715697221178,-0.15624781537166085,2308373180.8500867,-0.0016322117080905807,-1.0,0.004632172055391484,0.9207829710545938,-0.004286412731984098,-0.01757023821619451,0.7583333333333333,0.6870319558770919,0.6079315717180336,9.0,-0.024652939279227293,0.019794928136410705,-0.010858378642314204,momentum
BBIO,2026-09-01,15:30 ET,0.2445737282514696,0.2642342931937173,0.008664023808731068,0.0016143755477420769,-0.006738514788387945,0.5483870967741935,0.0012774133348836259,31.0,0.3170731707317073,-0.005443877623829141,41,76.61000061035156,77.45099639892578,76.22000122070312,76.66000366210938,636712.9166666666,-0.00027285714545266515,0.35743636465054013,0.0,0.0009140531083184911,-0.046517385482458096,-0.04127057854111582,37.099744491753505,0.033329538097545526,0.2991390198505823,-0.044413653352077476,0.04016251768376855,-0.17936088518126825,167994823.86751026,0.005380625702489983,1.0,0.0006526961409664325,0.5340077505243304,0.011667474789236697,-0.022043116208188877,0.425,0.8627658039583486,0.6886537165755048,8.0,-0.08683732639832398,0.02643622042433902,-0.012111396868509483,momentum
STLD,2026-09-01,15:30 ET,0.24169249290631584,0.2642342931937173,0.008664023808731068,0.0016143755477420769,-0.006738514788387945,,,,0.32608695652173914,-0.0059477842319361485,46,229.11500549316406,236.11000061035156,229.0399932861328,234.97000122070312,340307.5,0.0019725147136995247,0.8387555574739932,0.0004044756602581412,0.010102339234990376,0.016833994109505257,-0.09060300030850654,43.66334722305509,0.038053020636150806,0.2782256251354102,-0.028788622417061583,0.12813158312132303,-0.18437729399164723,287697203.50534713,-0.026575135972234487,1.0,0.025554833106353453,0.7085594637739916,0.01735393570883942,-0.04157705479249824,0.7083333333333334,0.7305486972503975,0.6313852616798612,6.0,-0.003942317506754001,0.07525720842036421,-0.02099736822342746,momentum
NXPI,2026-09-01,15:30 ET,0.23904611596267758,0.2642342931937173,0.008664023808731068,0.0016143755477420769,-0.006738514788387945,0.7857142857142857,0.016456153990324185,14.0,0.18181818181818182,-0.012441759027038368,55,221.6999969482422,223.16000366210938,217.3000030517578,223.05999755859375,1750812.9166666665,0.011317236505818062,0.9829341138055572,0.00827194262259301,-0.007033483953648445,-0.007519476936179048,-0.004951601995888066,37.22445892361231,0.03437211907971072,0.5339871129946173,-0.12351059498926915,-0.07842426924548301,-0.34161897409428643,737900963.6897314,-0.01998056868566256,-1.0,0.0061344187148052445,1.1654731452367435,-0.10099715190078705,-0.012804345529073165,0.041666666666666664,0.8167856544528459,0.6937559093979508,10.0,-0.013096215635404307,0.013832218261028317,-0.012256698498089191,momentum
BIDU,2026-09-01,15:30 ET,0.23072361616709008,0.2642342931937173,0.008664023808731068,0.0016143755477420769,-0.006738514788387945,,,,0.08333333333333333,-0.027697827675593922,36,94.9000015258789,96.01000213623047,94.70020294189453,95.0,1322278.75,-0.002545183937183393,0.22888780158203148,0.0006319523599209731,-0.002938694194837832,0.016804021082051035,-0.15973817396585477,37.6135183101287,0.033386925763784846,0.4075252222501314,-0.10557930421944776,-0.22779389279687834,-0.4252873669321462,307269692.56352013,-0.030742539308016847,-2.0,0.0010537246840172548,0.47473686335421783,-0.060844140389984404,-0.026380534997525202,0.8916666666666667,0.8185375255259443,0.7660451730500542,7.0,-0.02182869323134007,0.03945957774909936,-0.034785887098485846,momentum
EQIX,2026-09-01,15:30 ET,0.22773188519567078,0.2642342931937173,0.008664023808731068,0.0016143755477420769,-0.006738514788387945,,,,0.16666666666666666,-0.004729310847457091,24,1040.2900390625,1049.1800537109375,1026.6800537109375,1028.625,295483.5,-0.005079040450822747,0.08644205729166667,-0.0013931795352876142,-0.017287308171802462,-0.04174890431926781,0.0020359420289854935,42.37156433226377,0.031020248086898374,0.5105149491616202,-0.016395264721800883,0.08426998792050085,-0.08048056391789161,598976832.4365002,0.006521203537281028,-1.0,0.011213256519318811,0.6275921768435522,0.015235728833717982,0.016865551444816943,0.525,1.0186158566138943,0.8606809869973715,6.0,-0.04986558971560906,0.02976442793026035,0.006758265240022654,momentum
SBAC,2026-09-01,15:30 ET,0.22475747259261417,0.2642342931937173,0.008664023808731068,0.0016143755477420769,-0.006738514788387945,,,,0.25,-0.003865811828843879,36,189.66000366210938,191.06500244140625,187.10499572753906,187.75999450683594,404046.5,-0.0031676917858544096,0.16540345171718884,-0.0011969364725115117,-0.010017974895004111,0.0007461858719322034,0.05299883361815416,55.66824491567877,0.026129781127203617,0.4460535975491955,0.0321825392619268,-0.01449930777485467,-0.1526417983185394,161638334.60963187,0.002961383080480884,-2.0,0.010017974895004311,0.9811913653849977,0.00926632667444924,0.040081367729257376,0.175,0.8530644569191036,0.6749293279312545,9.0,-0.016705957016961426,0.02134141041448223,0.008509178688733465,momentum
GOOGL,2026-09-01,15:30 ET,0.2239816271012061,0.2642342931937173,0.008664023808731068,0.0016143755477420769,-0.006738514788387945,,,,0.2222222222222222,-0.00871581284690326,36,336.0,337.20001220703125,333.05999755859375,334.4049987792969,14452925.499999998,-0.0033299921288411083,0.32487837240159223,0.0007781345648560922,-0.01457199715714852,-0.036185707242867404,-0.10469601875158918,40.881398472915684,0.0250726775344307,0.5987392771759145,-0.04154073577761773,-0.001207478209603422,-0.18111465567955748,8274980273.98764,-0.022772843783420038,-2.0,0.0047470274425688245,0.6707729216595969,-0.007157528572574975,0.0005448830509215384,0.11666666666666667,0.8263547687774104,0.9305938563875822,8.0,-0.03923173842175898,0.02088920716371956,-0.010662332452854528,momentum
PCAR,2026-09-01,15:30 ET,0.22205997154122248,0.2642342931937173,0.008664023808731068,0.0016143755477420769,-0.006738514788387945,,,,0.2631578947368421,-0.005543235406063385,19,124.0,124.13999938964844,121.80500030517578,122.54000091552734,1639733.3333333333,-0.00392194788079292,0.31477554541206915,-0.0005301777221685677,-0.012809122477015378,-0.051694785962481005,-0.06963142685419588,34.86087644171768,0.024401889996934274,0.5872497142362572,-0.03702463198051493,0.03285247801516705,-0.11760647215760797,356844926.47008747,-0.007523630727052977,-4.0,0.011774186165102066,0.842352652345849,0.016232505405555153,-0.0006731713813426721,0.25833333333333336,0.9009990118942547,0.7009924314527758,8.0,-0.0647943062112809,0.020815560635652597,-0.014774539077792803,momentum
GOOG,2026-09-01,15:30 ET,0.2209885457247364,0.2642342931937173,0.008664023808731068,0.0016143755477420769,-0.006738514788387945,,,,0.2702702702702703,-0.0083411567557522,37,332.29998779296875,333.94970703125,329.2900085449219,331.2900085449219,10258268.583333332,-0.0029751655795939858,0.4292123204684031,0.0007703260380065302,-0.012283459265388985,-0.03509637071560401,-0.11055921964405524,39.654277537749586,0.024387417901463676,0.6243747869073004,-0.04532382314530108,-0.0072473199606276325,-0.1804351526427681,5588283084.15316,-0.0227045511150602,-2.0,0.0030393598710455488,0.7972649804716062,-0.00904188239476778,-0.0029094334507932455,0.11666666666666667,0.8566409797539988,1.004447688306883,8.0,-0.03859655803799755,0.021786050846727467,-0.012565449398482142,momentum
CSX,2026-09-01,15:30 ET,0.2201964195675631,0.23069371727748691,0.007861026667225608,0.0009288754382378977,-0.006252429381967933,,,,0.25925925925925924,-0.0036440958977198568,27,50.11000061035156,50.47999954223633,47.82500076293945,48.38999938964844,9962479.583333332,-0.008109737653057003,0.21280560696099954,0.0013450310539639965,-0.04197186700323008,-0.05799896214009448,-0.026239787247582358,34.8058339565664,0.021844414784349907,1.081660172168442,-0.029383898498475503,0.1333890527754904,-0.09472994638207731,467241310.7657954,-0.018413293648525175,-4.0,0.03432451007290175,3.0382814102119933,0.013464763549811081,0.021621847915664492,0.14166666666666666,1.309897472933023,0.8857794224743571,9.0,-0.06254880730773293,0.04197186700323008,0.0015426499751316491,momentum
KMB,2026-09-01,15:30 ET,0.22016659447800918,0.23069371727748691,0.007861026667225608,0.0009288754382378977,-0.006252429381967933,,,,0.23809523809523808,-0.0017751535335471802,21,108.0,108.87000274658203,106.76010131835938,107.25,2680273.9166666665,-0.0036805434474855847,0.23219031708666457,0.003931462714093392,-0.006484455470413986,-0.03395781622284755,-0.002882089676739641,43.744114642833814,0.022590366057330894,0.835724805446207,-0.021978803994389718,0.054847617409552664,-0.15301725373031067,349173232.63294476,-0.008537595727258873,-6.0,0.006944444444444444,1.1270849414712534,-0.0022405576212018562,0.00845862560928447,0.125,0.8139792245892521,1.0024087357076727,8.0,-0.03699382818510788,0.020051949575170314,-0.003084196628154179,momentum
EBAY,2026-09-01,15:30 ET,0.2159227351289649,0.23069371727748691,0.007861026667225608,0.0009288754382378977,-0.006252429381967933,,,,0.2222222222222222,-0.003863101653391987,36,103.83000183105469,106.29000091552734,102.81999969482422,105.38500213623047,1931459.8333333333,0.00020317445026418746,0.7391935271096258,0.0015681516214891555,0.017622678839907424,-0.0027791177833360603,-0.013297707437149864,48.48085877906893,0.030445060231958962,0.41398375395228926,-0.0352319706514101,0.07814335528103188,-0.11157097922977181,478422250.59407896,-0.007361344687370264,1.0,0.01497640641195379,1.3047004741110613,-0.038621211229272735,0.005763181608872121,0.35833333333333334,0.8610028022274729,0.8343326141910735,3.0,-0.012837027904727405,0.03589646621198095,-0.017525202709738008,momentum
PDD,2026-09-01,15:30 ET,0.2157633679752687,0.23069371727748691,0.007861026667225608,0.0009288754382378977,-0.006252429381967933,,,,0.09090909090909091,-0.026351947727574432,33,83.20500183105469,84.12000274658203,82.44999694824219,83.06999969482422,3901162.4166666665,-0.003370589055418538,0.37125784066042,-0.0016824827687633714,-0.011071432204473597,-0.05333333681112007,-0.07853579269238575,39.9384901370974,0.02974306617378381,0.592674660326431,-0.024951934549219387,-0.15913052744539197,-0.40413171571128764,564928816.1466296,-0.02341543648645239,-2.0,0.0016225242865156907,0.6755688637908903,0.03078438199483526,-0.012281032983803477,0.575,0.912707502378804,1.1618128467133737,7.0,-0.07904653541739315,0.033573970641473494,-0.011987532990410554,momentum
HON,2026-09-01,15:30 ET,0.2155454205917394,0.23069371727748691,0.007861026667225608,0.0009288754382378977,-0.006252429381967933,,,,0.25925925925925924,-0.006974587793937892,27,213.1699981689453,214.0,208.80999755859375,209.64500427246094,1474451.3333333333,-0.0030980502741614346,0.16088753777945033,0.003278127567883038,-0.018194139132888032,-0.02798121572821244,-0.14789463046219664,31.776856567502776,0.026870191014066135,0.48667462139403567,-0.0893080359059168,-0.08023011163073854,-0.18769365009103284,674378035.2395993,-0.007311200912997862,-4.0,0.016536069459880953,1.278326493182398,-0.015739246916192388,-0.02608711920066225,0.9833333333333333,0.9601506284670629,0.9410050824446449,5.0,-0.054503187155282684,0.026261520398804583,-0.02920356430756721,momentum
NTRS,2026-09-01,15:30 ET,0.2074235019634988,0.23069371727748691,0.007861026667225608,0.0009288754382378977,-0.006252429381967933,,,,0.28,-0.004845002552000155,25,184.07000732421875,186.0050048828125,181.7100067138672,182.69000244140625,504678.4166666666,-0.004406192817757781,0.22817139588669766,0.0007669098181759537,-0.015466669298059399,-0.022106866079097398,0.002689382554178943,44.45454591483774,0.019427994257572745,0.49918735575337947,-0.0027097939603178533,0.16546383383474997,-0.06686074379154022,184358759.9920153,-0.011651622127046068,-2.0,0.007497174052814457,1.3438671205473305,0.020597054606839263,0.0037468197100529645,0.041666666666666664,0.8574325269116175,0.692847984602822,6.0,-0.026484072917593138,0.027180228170856302,0.005921157923208797,momentum
ROST,2026-09-01,15:30 ET,0.2049127463822973,0.23069371727748691,0.007861026667225608,0.0009288754382378977,-0.006252429381967933,,,,0.21739130434782608,-0.0030780382686124153,23,224.91600036621094,229.3800048828125,224.4980010986328,228.8800048828125,923203.6666666666,0.004096968824729208,0.8975830371905347,-0.000720353150917119,0.0014877553455336923,-0.051038589634677334,-0.09501403041139167,39.05325498457462,0.02657989985426932,0.33289834116415395,-0.022285617208514675,0.08429683739216225,-0.10941632341318093,643219319.3974522,-0.015598719485175994,1.0,0.01762437759051078,0.7875467252567223,0.02888332445020557,-0.019050589396411112,0.8,1.0565947907479631,0.7726903309962253,6.0,-0.052335206881617635,0.043888325044250553,-0.021820932983835695,momentum
MNST,2026-09-01,15:30 ET,0.1988317534119177,0.23069371727748691,0.007861026667225608,0.0009288754382378977,-0.006252429381967933,,,,0.08,-0.0069084329565758384,25,45.939998626708984,46.099998474121094,44.95500183105469,44.974998474121094,4035609.4999999995,-0.009231094173634657,0.01746436829094398,-0.0035449175443034164,-0.020579262467464554,-0.07705727690107234,-0.06671509118504082,41.132879872420126,0.14670705266584233,0.43434820208617086,-0.40382218679918297,-0.42538485112470603,-0.5517739673552536,483279324.6101918,-0.012255422820781292,-2.0,0.021005663505328245,1.1743555313501621,-0.2864324634394493,-0.11184590036820673,0.8916666666666667,0.8159320891275951,0.7736437163582555,5.0,-0.08064186104832127,0.02364505611572021,-0.15804600259190948,momentum
NBIX,2026-09-01,15:30 ET,0.193653806073542,0.23069371727748691,0.007861026667225608,0.0009288754382378977,-0.006252429381967933,,,,0.1935483870967742,-0.009408910479585031,31,154.30999755859375,156.52999877929688,153.70010375976562,156.30499267578125,546930.5833333333,0.003714682714513362,0.9204895934433301,0.0011849703073261164,0.014769810520768312,0.01913671286454144,-0.05970645074205194,44.88805464414665,0.028077365888136467,0.4530383792365569,-0.059859744520941005,0.06084903233116474,-0.1601923663421209,183865321.47286236,0.007837482486177105,1.0,0.012928489072329687,0.8269710457576376,-0.06028224119877865,0.0022738010303163087,0.48333333333333334,0.9667845535213023,0.7533895119531703,8.0,-0.0018200630230196246,0.02099498808905076,-0.02753511521454932,momentum
TROW,2026-09-01,15:30 ET,0.19078995085764067,0.23069371727748691,0.007861026667225608,0.0009288754382378977,-0.006252429381967933,,,,0.15384615384615385,-0.005020654910618705,26,109.2300033569336,111.01000213623047,108.51010131835938,108.87999725341797,857576.4166666666,-0.004134828932198742,0.14796424418693369,0.000735240803459325,-0.02156723177755293,-0.035350450926474375,-0.0407894000147736,36.67097680071503,0.021472654281845773,0.5853304461879556,-0.04677861509131362,0.06833789242658657,-0.10754100611952484,161570343.65744585,-0.0162117935886974,-1.0,0.0032043036964111535,1.2537123494494513,-0.018758885754662537,0.004188977012457039,0.075,1.0011368168268717,0.7715210804035061,8.0,-0.035350450926474375,0.02156723177755293,-0.010108194685274574,momentum
UTHR,2026-09-01,15:30 ET,0.1907148985189359,0.23069371727748691,0.007861026667225608,0.0009288754382378977,-0.006252429381967933,,,,0.3076923076923077,-0.004291658739664583,26,514.2000122070312,517.75,510.45001220703125,513.75,189477.16666666666,-0.0008691352856881052,0.45205387824720117,0.003888522347196277,0.006602913681857947,-0.009218423286606381,-0.004958256804436956,45.98042213379558,0.024793111873965403,0.36370770628583127,-0.028936653587154276,-0.01789974463699223,-0.15688845395293677,262954021.2454369,0.006360700503678762,1.0,0.0008751695767172844,0.6246771581244904,-0.021445045829954157,0.019695196352562432,0.525,0.8782734281186072,0.619773416639508,5.0,-0.029084957142511136,0.023583474086909195,-0.0018354834515620366,momentum
ROP,2026-09-01,15:30 ET,0.18931446973197738,0.23069371727748691,0.007861026667225608,0.0009288754382378977,-0.006252429381967933,,,,0.16666666666666666,-0.005294855555030675,24,420.9700012207031,426.05999755859375,417.5050048828125,418.010009765625,293556.25,-0.005948954231760228,0.05903042842364356,-0.0006693891165865384,-0.01561323628038569,0.011224846271491229,0.0648037342811969,63.24030752512534,0.02500742381149679,0.42187623502698196,0.10334424091218558,0.11409080108047907,-0.20436531412792885,274421003.003729,-0.0024407554011773858,-2.0,0.007031359589744928,0.9508710410194375,0.07381595706668187,0.04763006973292393,0.5333333333333333,0.9096362952470484,0.8730099231597217,7.0,-0.019216335539258278,0.0333612234531262,0.01626227615086817,momentum
HBAN,2026-09-01,15:30 ET,0.18376859496059808,0.19878926701570682,0.006874797248334142,0.0010462452972114147,-0.0054228049394503585,,,,0.25,-0.006190664755428066,28,16.68000030517578,16.80500030517578,16.43000030517578,16.46500015258789,15808666.249999998,-0.006340990979697758,0.09333292643229167,-0.0015160472333092256,-0.01348114884781404,-0.02861360404254365,-0.05155532409543773,32.54345009193007,0.020222027283086263,0.7174679029698233,-0.06203180037430106,-0.018013775724190516,-0.13757929383194023,376684353.3465642,-0.014766686089401349,-2.0,0.012889697161526811,1.0932943633682328,-0.01388009527305143,-0.015612105904403265,0.44166666666666665,0.8298342925675638,0.9339611129783405,9.0,-0.04105998372588393,0.02774630664506872,-0.005472404540643461,momentum
CHRW,2026-09-01,15:30 ET,0.1819720393700963,0.19878926701570682,0.006874797248334142,0.0010462452972114147,-0.0054228049394503585,,,,0.43478260869565216,-0.003580946184743805,23,150.27000427246094,151.08999633789062,146.3699951171875,147.74000549316406,593446.75,-0.003113882886130237,0.2902563605211263,0.0008807322151274111,-0.012829066697606972,0.028400401831054634,0.00503405097390508,40.41063064242021,0.03468106446483333,0.4249209690642666,-0.13159092166021355,-0.1417173712408087,-0.2975799733419171,200950597.34032822,0.0011993333264201933,-4.0,0.016836352614388875,1.2536536020503943,-0.13469744087662786,0.03069389000620151,0.058333333333333334,1.049190579909668,0.7391583652644244,8.0,-0.026296647642037874,0.05617424376801794,-0.006576191416752697,momentum
PYPL,2026-09-01,15:30 ET,0.17715616921627067,0.19878926701570682,0.006874797248334142,0.0010462452972114147,-0.0054228049394503585,,,,0.23255813953488372,-0.009007349847784063,43,52.38999938964844,52.91999816894531,52.32120132446289,52.38999938964844,6986588.916666666,-0.004989001928874193,0.11489383389288467,-0.0025702452605156356,-0.005221713113040649,-0.15866389907635559,-0.09469499988563157,32.31590785896296,0.03543170353686982,0.5978466939722491,-0.033849401361860744,0.028071449085442235,-0.3329075800060075,672342879.9221872,-0.018730099483647566,-5.0,0.0,0.44077773172624746,0.09565149275342594,0.04035785937108263,0.7166666666666667,0.97981445057897,1.6198700146189708,7.0,-0.15906902036552395,0.12705386722296996,-0.006376107931558739,momentum
ARGX,2026-09-01,15:30 ET,0.17447547790429474,0.19878926701570682,0.006874797248334142,0.0010462452972114147,-0.0054228049394503585,,,,0.2571428571428571,-0.006293508902165956,35,1033.3599853515625,1038.969970703125,1021.5501098632812,1026.5,127758.58333333333,-0.0024082466807988645,0.28415210558956155,0.002862522987988614,-0.005001680794769259,0.006875996657910832,0.23557099525605363,62.865808438827344,0.030989248319250033,0.41523200511353786,0.12256680018214632,0.21834242367873985,-0.033035926093854445,286413009.59795463,0.022339139476662107,-1.0,0.006638524278863618,0.6748745222908848,0.05164332408059988,0.10113287566835602,0.9666666666666667,0.8898252886402068,0.7859924055367403,6.0,-0.03059781251019511,0.040151457224434806,0.049270589955211275,momentum
ORLY,2026-09-01,15:30 ET,0.16966547022585285,0.19878926701570682,0.006874797248334142,0.0010462452972114147,-0.0054228049394503585,,,,0.21052631578947367,-0.008279872705220459,19,89.2300033569336,89.2300033569336,87.55000305175781,87.72000122070312,2841912.6666666665,-0.0034906523749634877,0.1011893678956953,0.0,-0.01216218236417399,-0.02878651996131576,-0.02272728238610333,42.733452628525185,0.023703095313366555,0.6145626116614064,-0.014417454691773982,-0.05004070491283384,-0.1931567307230774,411959296.84289205,0.009503382431107044,-1.0,0.01692258298131213,0.9836070699675572,0.019401556316852676,-0.0130056032070365,0.3416666666666667,0.7760596266238546,0.9063507252040116,7.0,-0.038157849166530644,0.02324556127332611,-0.003585680911127098,momentum
TMUS,2026-09-01,15:30 ET,0.16835382546239364,0.19878926701570682,0.006874797248334142,0.0010462452972114147,-0.0054228049394503585,,,,0.25,-0.00432888380270946,36,181.6999969482422,183.6199951171875,180.3800048828125,182.42999267578125,2533632.833333333,0.0008446046937553575,0.6327141888327933,-0.000602611013462373,0.011028542493071614,0.010312670725415973,0.03609964389126019,53.644967659164415,0.02509901092508809,0.6339010664124689,0.012108171582064665,-0.053915962173101205,-0.27981198852951883,703007868.2995272,0.008044365870969239,1.0,0.004017588001099439,0.9065133958488715,-0.004626721390066285,0.016812680560906446,0.08333333333333333,0.8955170910879359,0.7874911376584626,9.0,0.0,0.026254647441957824,0.00637767653500787,momentum
COST,2026-09-01,15:30 ET,0.15209553472241635,0.19878926701570682,0.006874797248334142,0.0010462452972114147,-0.0054228049394503585,,,,0.0,-0.00916716190677569,23,945.530029296875,952.094970703125,936.0999755859375,936.35498046875,961156.0833333333,-0.008967778276763094,0.015942792163686458,-0.002227117027803316,-0.00798295782638836,-0.02464039859610434,-0.01857814470861585,44.96367517173875,0.01867725840857582,0.5450012805355757,-0.00880665611382195,-0.02236172654098773,-0.1446934249364012,1638532665.7862396,0.00035974444777298054,-2.0,0.009703603845292832,1.017882528412402,0.006143220867382242,0.005936223710072296,0.13333333333333333,0.8860320962352589,0.9310839196371423,6.0,-0.036076840708801905,0.024964689074517432,-0.0034351145783143577,momentum
AMGN,2026-09-01,15:30 ET,0.15200013377050983,0.19878926701570682,0.006874797248334142,0.0010462452972114147,-0.0054228049394503585,,,,0.23809523809523808,-0.005109168678570697,21,435.3009948730469,437.5799865722656,431.04998779296875,436.1199951171875,1232599.3333333333,0.004895336002555872,0.7764178058184368,0.0004243695955354898,0.014515655912109793,-0.013838628917172469,0.1578343473350725,65.55943964551861,0.021927545168538762,0.4890112585851092,0.11913326019555806,0.2371479774489046,-0.024405529141000113,1034555053.7510657,0.015658318188708886,1.0,0.0018814573221443748,0.7537689138143617,0.09022262175039338,0.036450939774517646,0.7916666666666666,0.6830178653994753,0.7175252937173469,7.0,-0.017393658265141942,0.04016172814127983,0.03126783514456388,momentum
EXE,2026-09-01,15:30 ET,0.13500811330426082,0.13021429739898577,0.005123442341727713,0.0001538116892624278,-0.004964252431654782,,,,0.21428571428571427,-0.005718647575827185,28,98.3499984741211,100.08999633789062,98.0199966430664,100.01000213623047,1200891.25,0.006190942406180788,0.9613554524379052,0.0013016107968311097,0.018846764518155812,0.05651804634635349,0.06286562960495679,67.86292776558783,0.023672920538988514,0.47570599816196857,0.0889869149731643,-0.001660465693216753,-0.19624677934684093,234985628.6142363,-0.004252284936923645,1.0,0.016878532667656043,0.9294181523584071,0.04177021074984871,0.0453235307902784,0.5666666666666667,1.0398786209999946,0.7422491840566088,7.0,0.0,0.02017743459563559,0.01433760285719532,momentum
VRTX,2026-09-01,15:30 ET,0.13500143790719735,0.13021429739898577,0.005123442341727713,0.0001538116892624278,-0.004964252431654782,,,,0.34615384615384615,-0.0033766412854813743,26,547.5,551.4000244140625,545.0800170898438,547.8300170898438,409713.4166666666,-0.0013723620869736664,0.43512607801288306,-0.0008116498188008858,0.006078743553713961,-0.009080146003033418,0.1638129156806034,63.801588042695506,0.024723297058400394,0.34584311093853753,0.08690566185371179,0.17971991657026742,-0.014144550589411192,600308385.7285677,0.022638116864002855,2.0,0.0006027709403538813,0.5050348876795231,0.04953065746946862,0.035611160205989915,0.8083333333333333,0.6923668713029774,0.6870010329106155,8.0,-0.009080146003033418,0.0451920615817325,0.03293330241884629,momentum
WMT,2026-09-01,15:30 ET,0.12981911185941444,0.13021429739898577,0.005123442341727713,0.0001538116892624278,-0.004964252431654782,,,,0.08695652173913043,-0.014186514360050029,23,105.19000244140625,106.63999938964844,104.66000366210938,105.80000305175781,16863983.5,-0.0016433441401588755,0.5757585098758486,-0.0019809365176957083,0.008868125115082837,0.00398563113766115,-0.042062197557888314,41.75116205097152,0.024416945113670076,0.6041193824750398,-0.04945845866458458,-0.10387433316660565,-0.21535004400421925,2966467351.5924373,0.020469543780274657,3.0,0.005799035993856448,0.9091375695755048,-0.0162571743536671,-0.03374996334952052,0.9,0.8270843863603919,0.9362767106753964,6.0,-0.07214974156532783,0.09151364100162251,-0.016489289223828085,momentum
LNT,2026-09-01,15:30 ET,0.11116086467737023,0.13021429739898577,0.005123442341727713,0.0001538116892624278,-0.004964252431654782,,,,0.5,-0.0008879846646610567,14,68.24500274658203,68.55999755859375,67.54499816894531,67.70500183105469,1510928.25,-0.0026507423969007737,0.15763917076324058,0.001257010958594762,-0.004045329689599919,-0.009291696530043136,-0.05002097628635915,35.22337686344129,0.01776865673013696,0.6453800384000137,-0.06288173062947322,-0.026273205666385295,-0.13437571787811428,159597118.27047348,0.009392133271675318,-4.0,0.00791268069154542,0.9135895048248469,-0.04334837407541418,-0.002839437882024841,0.3,0.819480512766428,0.7437798370094465,9.0,-0.034853879424681655,0.023034818531674328,-0.009796989367860554,momentum
PEP,2026-09-01,15:30 ET,0.1073937047520172,0.13021429739898577,0.005123442341727713,0.0001538116892624278,-0.004964252431654782,,,,0.14285714285714285,-0.005693645433242911,21,141.25,141.42999267578125,139.38499450683594,139.47500610351562,3503397.083333333,-0.004949135897405532,0.04401549010975892,-0.0006806707438399284,-0.006163533254571307,-0.019645730547618534,-0.001110067849864782,46.95252377819848,0.017316974720379512,0.5374792248371226,-0.0019927490390598585,-0.05227295582626776,-0.17073918961527118,895271747.2107061,0.0014889869814525003,-2.0,0.012566328470685841,1.1279662336460003,0.004888972646776416,0.0124842794926789,0.16666666666666666,0.8283754469289207,0.9047526221963317,7.0,-0.035909256453870886,0.017483742688020776,0.00028669088342492266,momentum
EXC,2026-09-01,15:30 ET,0.10069163048436351,0.13021429739898577,0.005123442341727713,0.0001538116892624278,-0.004964252431654782,,,,0.26666666666666666,-0.003666057840398862,15,43.7599983215332,44.22999954223633,43.560001373291016,43.76499938964844,3675189.9166666665,1.986452287106033e-07,0.3059680247785192,0.002060678973327068,0.001029235308529719,-0.012299750998678416,-0.040872269007462325,36.456023418552384,0.01951020238286944,0.615216045456118,-0.04751231470066164,-0.03886078249876348,-0.1278069192184722,263180978.3543939,-0.0009132629274910542,1.0,0.00011428401067313282,0.832296335329616,-0.02474204705926766,-0.008284778880954196,0.30833333333333335,0.8262333511300948,0.967914836246513,9.0,-0.03388520691533048,0.028406625720895917,-0.011127542324247175,momentum
XEL,2026-09-01,15:30 ET,0.0886250661126123,0.13021429739898577,0.005123442341727713,0.0001538116892624278,-0.004964252431654782,,,,0.36363636363636365,-0.003682545296413431,11,75.76000213623047,76.2300033569336,75.43000030517578,75.86000061035156,2946329.75,0.0017344835806947234,0.5374983310763127,0.002113654802638587,0.002245979171118684,-0.017230234343680317,-0.023555177932126803,37.84008677010869,0.018336479109687776,0.6257151063766527,-0.040589657342217714,-0.026909084906896568,-0.08846585204014352,358831733.24053794,0.0019838847330782006,1.0,0.0013199375831758563,0.5830915787091332,-0.0175213128660533,-5.1496742989333973e-05,0.23333333333333334,0.7671386486294336,0.9662470858491619,9.0,-0.04470473351019,0.030618676924750066,-0.00498251553535245,momentum
LIN,2026-09-01,15:30 ET,0.07845761495946614,0.13021429739898577,0.005123442341727713,0.0001538116892624278,-0.004964252431654782,,,,0.07142857142857142,-0.00839467778973535,14,488.5,488.9549865722656,482.1600036621094,485.69500732421875,965389.7499999999,0.0028043888332334177,0.5202373146260184,-0.001346764204948836,-0.007935331007394852,-0.0030890904045647316,0.010895841406661777,44.99328471745068,0.017674737312531254,0.4826441973592772,-0.03546301942116188,0.016346368650560376,-0.11401861271613231,947007897.6670713,-0.0011246044508678166,-1.0,0.005742052560452917,1.0521814081759568,-0.03533147116123165,0.009405315480495294,0.03333333333333333,0.7901478886903263,0.7459220969863393,10.0,-0.009452775426704974,0.01304826335016429,-0.0023439028020693087,momentum
AEP,2026-09-01,15:30 ET,0.05922791799592684,0.13021429739898577,0.005123442341727713,0.0001538116892624278,-0.004964252431654782,,,,0.3333333333333333,-0.003429590435680474,15,122.83000183105469,123.58000183105469,122.13999938964844,122.75,1431329.25,0.0006889117319737181,0.4236108167676853,0.002081695152458707,0.002613735963624686,-0.00016287890863553312,-0.036124206479769216,39.65869328697555,0.01800018071926195,0.4062894380529843,-0.050446636026094636,-0.019355752045015016,-0.12018386499022343,424982942.9044902,0.004251527126487131,2.0,0.0006513215815524063,0.6626795787084733,-0.040483890337794336,-0.005465236959255227,0.13333333333333333,0.6666401620809478,0.7892561471467536,9.0,-0.027876746152267318,0.03786789675735569,-0.009301486840682549,momentum
ZBRA,2026-09-01,15:30 ET,0.40718701759437953,0.38956151832460734,0.015269451278909345,0.003432913859247055,-0.009627668006060637,,,,0.25,-0.006543982520236302,32,352.0,354.4649963378906,343.07000732421875,344.2650146484375,482475.49999999994,-0.0073696570210676215,0.10487130112937912,-0.0020436170384989794,-0.026262122656240394,-0.04508758143953551,0.18044506020011597,50.900247496457695,0.03437401902777659,0.6317439637563504,0.11772867838712606,0.3476021512600562,-0.10865286265746997,275695992.4863368,-0.009566668415516788,-3.0,0.021974390203302555,1.0537254919667711,0.1891538072918586,-0.014072522284537241,0.13333333333333333,0.8035451149557468,0.6419319975816444,6.0,-0.06579195808712901,0.032121661208255214,0.035242812645848165,pre_move
CART,2026-09-01,15:30 ET,0.37046648123609854,0.349967277486911,0.012041452085016217,0.0016896197223727968,-0.00997913929687368,,,,0.2558139534883721,-0.012317395915006801,43,49.900001525878906,50.69499969482422,49.09000015258789,50.005001068115234,1648465.0,-0.001529286168682309,0.5700941909630866,-9.992508669642852e-05,-0.010193970407403219,-0.029217575275843455,0.10167441596219295,55.26066715814702,0.03288801711765333,0.36681749857864937,0.051464044762156394,0.18533674829029642,-0.039289110449962056,215372845.80065683,-0.020031356632853825,-2.0,0.002104199178869238,1.0885043462198276,0.04386795434836584,0.02268665154754979,0.375,0.6028468053039884,0.5329858041736388,7.0,-0.03427960125582974,0.039132989696719855,0.02719353993078255,pre_move
BKNG,2026-09-01,15:30 ET,0.3311348358905277,0.3205170157068063,0.01122573137056742,0.0019289367137449612,-0.007871826471188736,,,,0.175,-0.005790341750967765,40,198.39999389648438,201.42999267578125,195.90499877929688,196.32000732421875,3016058.5,-0.010953950016954428,0.0751147517440608,-0.005244297969275502,-0.013913250613409756,-0.08167270818026129,0.018732813474038323,43.8169947539349,0.033275190587697,0.5658874607512311,0.016953404720735428,0.059084591922043524,-0.12587528158559677,1083869982.927695,-0.027355632649919248,-2.0,0.010483803610149618,0.9607010071963815,0.08195559935452279,0.00010293747899847646,0.06666666666666667,0.9743429485084536,0.7629626168538222,4.0,-0.08167270818026129,0.031804738557726364,0.009197205367501793,pre_move
DXCM,2026-09-01,15:30 ET,0.33039849083486156,0.3205170157068063,0.01122573137056742,0.0019289367137449612,-0.007871826471188736,,,,0.2631578947368421,-0.004107054473407756,38,90.83000183105469,92.33499908447266,90.11000061035156,90.13999938964844,1261460.4166666665,-0.006876282618417773,0.013482606683011298,-0.007050004387027964,-0.010103208803111885,0.010991427627716988,0.03241326205690798,60.77958971934717,0.028451428563780697,0.26822234483794877,0.1264289581409219,0.279609776544562,-0.026460708987408984,402684950.3637935,0.00922224256727433,-1.0,0.007596635775585098,0.9360533396499711,0.11276411046661697,0.02261175389251627,0.125,0.9318821413763879,0.5072015978787145,7.0,-0.023824962480959555,0.02349806127802423,0.024677222254410713,pre_move
MANH,2026-09-01,15:30 ET,0.3163567732741745,0.3205170157068063,0.01122573137056742,0.0019289367137449612,-0.007871826471188736,0.4666666666666667,-0.0016604893100905516,15.0,0.23255813953488372,-0.009534924586275806,43,221.08999633789062,223.0500030517578,217.4906005859375,217.85000610351562,326667.25,-0.0059899043474771485,0.06464822789639377,-0.002107056297111054,-0.02392578645762833,0.02229000405421222,0.16348002409917184,68.29456261662705,0.03482187916997332,0.3853139615119221,0.22945595743439914,0.38288138258870835,-0.04043515273373813,167405696.7919199,-0.0004521275935249758,-3.0,0.014654621593205604,0.8483749847190926,0.16162845100207357,0.08710276809932603,0.6083333333333333,0.8843214070665717,0.5609535886309475,5.0,-0.026412176208467808,0.03836072397945034,0.03545565664101358,pre_move
VRSN,2026-09-01,15:30 ET,0.29700536267186084,0.3205170157068063,0.01122573137056742,0.0019289367137449612,-0.007871826471188736,,,,0.18181818181818182,-0.006306918855091381,22,290.7799987792969,297.7300109863281,289.3999938964844,290.0299987792969,478913.49999999994,-0.010080484250509558,0.07563068310875666,-0.001772581268429163,0.00607048705220703,-0.012663833942819114,-0.02679450355189117,55.14684200609835,0.028523944733908627,0.6754774330042312,0.051192808135220466,0.11677761263018505,-0.06912001303369249,200636210.8148346,0.00265504288729268,1.0,0.002579269561691046,1.1556160495088863,0.03860758852350079,0.028519024056601526,0.15833333333333333,0.947617069700788,0.8545757039399262,8.0,-0.01594683958821308,0.03190213321995561,-0.0005859712358685654,pre_move
FOXA,2026-09-01,15:30 ET,0.2897429067389255,0.28992146596858637,0.009675610229253992,0.0012653541568402723,-0.00739588074445049,,,,0.32142857142857145,-0.003962441888148871,28,66.83999633789062,67.58000183105469,65.83999633789062,66.08999633789062,3303700.833333333,-0.00827943369030737,0.1436777073303342,0.002502742184225193,-0.01870827267671904,-0.06028729393963783,0.1258943011737894,54.02003602509394,0.027762231840856334,0.5886022518806748,0.1079704896109493,0.044310678756040035,-0.1305904680578229,362587487.03498477,-0.021089667064301043,-2.0,0.011220826467562743,1.1022468212039915,0.11358667296864434,0.04779825477871376,0.6916666666666667,0.9087885414398592,0.8663589870903415,4.0,-0.06028729393963783,0.03419536358614872,0.03497973678339217,pre_move
AMZN,2026-09-01,15:30 ET,0.28827607076114403,0.28992146596858637,0.009675610229253992,0.0012653541568402723,-0.00739588074445049,,,,0.1951219512195122,-0.011518711513082147,41,254.8300018310547,255.82000732421875,251.92999267578125,254.14999389648438,23364010.583333332,-0.0008630007432147702,0.5706922521730944,7.865664536965689e-05,-0.02163450496543584,-0.026469025230716925,-0.10516863697135648,45.781736733836716,0.028507456680708716,0.6489698284534235,0.006957354661926036,0.06435659176153861,-0.11507666053552397,9417094901.329931,-0.034112819615922496,-2.0,0.002668476747966039,0.7145505848032717,0.04799836703376462,0.007264392397525236,0.31666666666666665,1.0342517101159907,0.8557253575149921,4.0,-0.04609090236413593,0.03968618794425893,0.00032523730519495864,pre_move
FANG,2026-09-01,15:30 ET,0.264502499409743,0.28992146596858637,0.009675610229253992,0.0012653541568402723,-0.00739588074445049,,,,0.3269230769230769,-0.00488861194138851,52,204.50999450683594,204.72689819335938,199.0500030517578,203.07000732421875,1461752.5,0.004453233307811999,0.7081343185294094,-0.003239524945570449,0.012919052533299391,0.015908789555656888,0.027362794640086285,54.20072274226279,0.0289630563737759,0.7866073830920735,0.050151005137891586,0.13950312214458008,-0.06376204223807411,367120505.759677,0.012325463724952801,2.0,0.007041157993718759,1.0346077072004645,0.038057015461550485,0.011650602516244023,0.55,0.9913668799161931,1.1016595716338011,8.0,-0.037674138883901365,0.027772405371390363,0.003636369961696362,pre_move
ABNB,2026-09-01,15:30 ET,0.23755440289844454,0.2642342931937173,0.008664023808731068,0.0016143755477420769,-0.006738514788387945,,,,0.12121212121212122,-0.010041485133047479,33,182.0500030517578,184.21499633789062,180.75,182.3699951171875,2987613.4166666665,-0.0027962813366305683,0.46753155247884026,-0.005345028381263495,-0.004639264806530208,-0.0426771909858924,0.21063459808882246,58.22112285574459,0.03023409078927217,0.514165636223193,0.1365966100613824,0.317128888235679,-0.05729044080296977,1023539247.7531191,-0.032780778498192054,-2.0,0.0017577152434252474,0.6897571898686654,0.13135989509722437,0.04352037399979801,0.8666666666666667,0.9381053119316796,0.850999763606825,5.0,-0.0426771909858924,0.0327825143598397,0.04922151898759286,pre_move
WTW,2026-09-01,15:30 ET,0.23581258110365932,0.2642342931937173,0.008664023808731068,0.0016143755477420769,-0.006738514788387945,,,,0.25,-0.005577830149473495,20,341.1199951171875,342.82501220703125,334.1400146484375,334.1700134277344,261851.41666666666,-0.007787454468727306,0.003454091851435398,-0.0014940089638714182,-0.012937452438819275,-0.03647423340447242,-0.02183646444532028,53.12623760578754,0.023009825724063643,0.5242428034208568,0.07392219847088284,0.11939708249880507,-0.049330021496265065,165381120.785766,-0.0008494436068395839,-2.0,0.020374008527601982,1.3509100212944318,0.09000190385838033,0.013493094059946578,0.36666666666666664,0.8921434726556924,0.7358672564959585,6.0,-0.0472700971411707,0.025614813344746024,0.0044436450575569,pre_move
APA,2026-09-01,15:30 ET,0.23473884652590468,0.2642342931937173,0.008664023808731068,0.0016143755477420769,-0.006738514788387945,0.5,0.0005766910912737289,26.0,0.2545454545454545,-0.008904740811880085,55,44.15999984741211,44.3849983215332,43.279998779296875,44.17499923706055,3218515.083333333,0.006154768317507164,0.8099555009338245,0.0013600262112885009,0.023754291423765173,0.0683192470903593,0.19812857382153326,67.24128929047924,0.03346693705655764,0.5686542971464648,0.18998656064148103,0.3413122308586925,-0.01942286381395048,226228477.10819834,0.011220556423454209,4.0,0.0003396600928502155,0.7662961844048243,0.10961029559667836,0.07243648095530819,0.6666666666666666,0.9802991697329263,0.6589990623459894,4.0,-0.004843436709711435,0.037476737538699845,0.038334531857900256,pre_move
MSFT,2026-09-01,15:30 ET,0.22281920326487478,0.2642342931937173,0.008664023808731068,0.0016143755477420769,-0.006738514788387945,,,,0.06060606060606061,-0.016296864762917807,33,498.010009765625,505.9700012207031,496.7799987792969,500.8699951171875,13630017.916666666,-0.0013404080097719762,0.44504844954804773,-3.015901477632088e-05,-0.01265550931339876,0.01862887437980043,0.02904317370867271,63.98745720528298,0.02319027640013218,0.5138976680148765,0.15081722595870434,0.16649123730877025,-0.08800292376818389,12811852183.114239,-0.02423683333759863,-2.0,0.0057428270425899175,1.003187871110075,0.13555065159979326,0.03906010887006653,0.19166666666666668,1.0710316406409077,0.7727436195332765,8.0,-0.024652957874774395,0.017507106648045223,0.024948055572691086,pre_move
PAYX,2026-09-01,15:30 ET,0.22108777327119766,0.2642342931937173,0.008664023808731068,0.0016143755477420769,-0.006738514788387945,,,,0.08333333333333333,-0.007575901240096383,24,127.33999633789062,127.9800033569336,125.16500091552734,125.48999786376953,1050398.9166666665,-0.005217962575048474,0.1154517464929208,-0.0005574999696185134,-0.014528023616493635,0.004000320093972443,0.06645703931767377,61.470702627961955,0.024271338610177218,0.47307914610867524,0.09842351509222877,0.2317657521764314,-0.057837261376625176,264953145.82177648,0.008234309271605067,-1.0,0.01452802361649368,1.122856990695304,0.07632201769219799,0.035579198795379005,0.4,0.8465971581172147,0.675759037009142,9.0,-0.014528023616493635,0.02142916441494669,0.016365664503535715,pre_move
AAPL,2026-09-01,15:30 ET,0.21695098284427536,0.23069371727748691,0.007861026667225608,0.0009288754382378977,-0.006252429381967933,,,,0.13333333333333333,-0.010693971795901813,30,316.9800109863281,327.29998779296875,314.73699951171875,325.57000732421875,41146462.5,0.004924811701202403,0.8622954642621167,7.677554701635003e-05,0.027520912269934694,0.05056474261489852,0.07392645386001462,61.47186319246036,0.023395354297679343,0.9946857097064168,0.040926320040248515,0.1519358461619271,-0.05432631898449002,12870603872.708965,-0.008197731749538528,1.0,0.02709948905346314,1.8697713247286958,-0.0046931069229666144,0.0458345333288919,0.10833333333333334,1.2465048056874208,0.8157525295567176,6.0,0.0,0.027520912269934694,-0.00029015475509930333,pre_move
KHC,2026-09-01,15:30 ET,0.21303744081201811,0.23069371727748691,0.007861026667225608,0.0009288754382378977,-0.006252429381967933,,,,0.16666666666666666,-0.006763802958115794,36,25.75200080871582,26.25,25.6200008392334,25.764999389648438,9777296.75,-0.005011828963016662,0.23015673582580737,-0.0013565832731434746,0.003700791315627061,0.01757502765354224,-0.02479185029349129,53.910921443004234,0.026771762817753078,0.635450576483128,0.01939882238331543,0.09369407684718488,-0.08276969563224634,382801272.25536984,-0.0006984729813005464,1.0,0.0005047600390031749,1.0623934755150046,-7.715514899047706e-05,0.01947748032020197,0.008333333333333333,1.041138776269216,1.276768610944037,7.0,0.0,0.0346495012460013,-0.011450978017626956,pre_move
BKR,2026-09-01,15:30 ET,0.1864138515967797,0.23069371727748691,0.007861026667225608,0.0009288754382378977,-0.006252429381967933,,,,0.1875,-0.006761834294417013,32,63.869998931884766,64.2699966430664,63.130001068115234,63.900001525878906,3528341.9166666665,0.0008822665744012692,0.6754416198472107,-0.0006255411587289261,0.005507510511727043,0.0336460990184837,0.054679765488509835,60.61832736951561,0.02489187085670887,0.5510076883214504,0.07512403352323498,0.10362497997254597,-0.08607384017268398,395377799.4281346,0.011882129478635761,5.0,0.0004697447079361532,0.7605041610489576,0.06305532964111482,0.011352846409409877,0.05,0.9896927071218025,1.083745791282197,8.0,-0.008995065149796089,0.02636483388851918,0.010738553698986797,pre_move
SBUX,2026-09-01,15:30 ET,0.1851029441081898,0.23069371727748691,0.007861026667225608,0.0009288754382378977,-0.006252429381967933,,,,0.10714285714285714,-0.005580875604344393,28,106.12000274658203,107.18000030517578,105.38999938964844,105.58000183105469,2471244.75,-0.003562653633534363,0.10614656102020723,-0.000851673506672479,-0.006305865119485277,-0.001701969568267736,0.027246801884211136,49.24402805397984,0.023841013184388936,0.4095465355231103,0.007428854359554389,0.0964056550342549,-0.03912312927723239,622354807.8104453,-0.013020776973532877,-2.0,0.005088587462788549,0.6892571549439793,0.01486399705879839,0.020033828824175492,0.03333333333333333,0.8084902826079257,0.799192242262315,7.0,-0.026822712600371723,0.029714434376017174,0.007025615416577535,pre_move
MDLZ,2026-09-01,15:30 ET,0.1761871600056949,0.19878926701570682,0.006874797248334142,0.0010462452972114147,-0.0054228049394503585,,,,0.17391304347826086,-0.005832471796206051,23,62.43000030517578,62.968299865722656,61.41999816894531,61.474998474121094,5015109.666666666,-0.010943477973392457,0.0355229896668457,-0.004534087752428362,-0.009585971058941989,-0.02405148696580539,-0.004130909930442517,44.20419782858375,0.021287155432237515,0.7132336676854141,0.0004328021513599528,0.053709319767660586,-0.0776444551130049,435280903.76437104,0.003052677082023836,-4.0,0.015297162043670737,1.5032056421969242,0.02298426115956199,0.0023742748258831826,0.25,0.8862041951510212,0.9622520371803178,8.0,-0.04984541926178121,0.026429603561547776,-0.002257832992804132,pre_move
REGN,2026-09-01,15:30 ET,0.17329226939942693,0.19878926701570682,0.006874797248334142,0.0010462452972114147,-0.0054228049394503585,,,,0.39473684210526316,-0.004029951106396978,38,808.8599853515625,823.6290283203125,804.3200073242188,822.4000244140625,428120.3333333333,0.007885841264268834,0.9363507913478042,-0.00027956732356582137,0.029183569636927587,-0.013388326187937949,0.08445337777534889,64.02096444973986,0.02402867611301636,0.6030033709869761,0.13596452495830752,0.1293954353259243,-0.02904365476497934,560198367.2381902,0.033766145426766814,2.0,0.016739657428615367,1.0615186851836875,0.11518508273951873,0.018633178062015372,0.4083333333333333,0.9973810768017751,0.8495405717424507,5.0,-0.021930452704977954,0.03776663333075203,0.020619197228111563,pre_move
KDP,2026-09-01,15:30 ET,0.1672227572183168,0.19878926701570682,0.006874797248334142,0.0010462452972114147,-0.0054228049394503585,,,,0.2222222222222222,-0.0055421463454852216,27,31.959999084472656,32.22999954223633,31.795000076293945,31.924999237060547,3447270.6666666665,-0.0022610990688719523,0.2988490123429724,-0.0031226318205652692,0.0020401326259820163,0.0026695692231568646,0.03283724990808823,55.47093181515722,0.02547059835057422,0.3053121801463175,0.02283418884807075,0.11052679406819366,-0.056031947807902584,337156420.58882725,-0.0012500286102294922,1.0,0.0010951141556544534,0.6744176968812332,-0.003653748432263507,0.03574957036394372,0.6333333333333333,0.589644459281195,0.6535661274039547,8.0,-0.017994436009711512,0.020608988112482796,0.006318151718636811,pre_move
FAST,2026-09-01,15:30 ET,0.1662642814007301,0.19878926701570682,0.006874797248334142,0.0010462452972114147,-0.0054228049394503585,,,,0.06666666666666667,-0.00807856360257031,15,49.119998931884766,49.23500061035156,48.525001525878906,48.595001220703125,3162786.25,-0.0054560621114246866,0.09859124660169136,0.00030875646527550593,-0.014500104089941734,-0.0340886524701699,0.010081076786500942,42.13037868532288,0.022012798849676975,0.4710487612352648,0.004120290408802152,0.08380637947247796,-0.0817270804589747,333775851.7931784,-0.009477741868460066,-4.0,0.010688064385132838,0.7601703135689258,0.0529521913955765,0.0037629096069371013,0.2833333333333333,0.943525566878846,0.7433893098229245,6.0,-0.05530710501474734,0.0265936767028363,0.009914190895720543,pre_move
ADP,2026-09-01,15:30 ET,0.1649596992664911,0.19878926701570682,0.006874797248334142,0.0010462452972114147,-0.0054228049394503585,,,,0.2,-0.005952774012138229,20,286.6700134277344,288.0,283.4624938964844,284.05499267578125,779654.4166666666,-0.0030185296815535834,0.130578067727074,0.0006164146468892184,-0.007356062899739335,0.004508783867275934,0.05291346267727781,63.865201679285526,0.021188553780437686,0.3710634569728583,0.09972962221614456,0.21177493284541457,-0.035453822288392015,562435586.2482758,0.003781704904558092,-2.0,0.0091220589160517,0.9330665844999922,0.07248854320265176,0.03776372894011027,0.225,0.7292353038396945,0.6330619071011923,9.0,-0.011913935507362194,0.029371370293776344,0.014588769524910283,pre_move
NDAQ,2026-09-01,15:30 ET,0.16119646889698563,0.19878926701570682,0.006874797248334142,0.0010462452972114147,-0.0054228049394503585,,,,0.2916666666666667,-0.004193241664026126,24,98.30999755859375,98.9000015258789,97.04000091552734,97.44000244140625,1516213.8333333333,-0.002715833407169299,0.21505451323658498,-0.0012299622815737932,-0.0118649037795715,-0.013065946233827952,0.03505420727802422,56.94894422400504,0.020064998688124783,0.5786225433794397,0.06172013373185802,0.0843166153277767,-0.03625931431204718,248702237.0498565,-0.0069697216303661325,-4.0,0.008849508074384543,1.053823706256918,0.05799907103802794,0.024423668223132973,0.11666666666666667,0.9288018554561998,0.8391554098017189,10.0,-0.02040815074278257,0.01245464033877508,0.01120570124834086,pre_move
WBD,2026-09-01,15:30 ET,0.15955068072641343,0.19878926701570682,0.006874797248334142,0.0010462452972114147,-0.0054228049394503585,0.6,0.002297007120704242,20.0,0.2777777777777778,-0.005155679357898901,36,28.5,28.59000015258789,28.299999237060547,28.32900047302246,11137365.416666666,-0.003334710979970845,0.10000394622609245,0.00031782409234581976,-0.007045222880668667,-0.01975775616071984,0.08581833297584263,59.054415164907375,0.014605858239480143,0.564438091183721,0.048454148268708745,0.04118793185826007,-0.05569998423258463,535845736.40150696,-0.008695652173912993,-3.0,0.005999983402720669,0.8895727775892553,0.03453654895296992,0.03316462698850602,0.9083333333333333,0.6883207477631784,0.7255306863282694,10.0,-0.01975775616071984,0.011335448105319612,0.02562696401509612,pre_move
CTAS,2026-09-01,15:30 ET,0.15555016740868902,0.19878926701570682,0.006874797248334142,0.0010462452972114147,-0.0054228049394503585,,,,0.1,-0.007239994350379364,20,202.88999938964844,203.61000061035156,199.66000366210938,200.05999755859375,865648.3333333333,-0.0030144400108078617,0.10126435582750988,-0.0008490144961929014,-0.00857324835273654,-0.022953687606615536,-0.016814396733855985,47.871817457250465,0.019946351853010167,0.48421242030229883,0.025525062607162478,0.07712175887002205,-0.08482140543275844,353220945.99879193,-0.002016742036176966,-2.0,0.013948454037006005,1.366781239605279,0.03814138121152504,0.01609116902346085,0.03333333333333333,0.7435404056136403,0.715304846365807,8.0,-0.035390533046756656,0.018200074897742446,-0.004171420465201914,pre_move
HALO,2026-09-01,15:30 ET,0.15276291575850032,0.19878926701570682,0.006874797248334142,0.0010462452972114147,-0.0054228049394503585,,,,0.3888888888888889,-0.00015532379667393403,36,107.30999755859375,108.52999877929688,106.9000015258789,107.66000366210938,732437.3333333333,0.0018603810749437955,0.4662597649393626,0.0003716866242935435,0.01098700180120793,-0.01518474238335954,0.30861806314638773,70.46702380455834,0.026504742519312733,0.30872549040269814,0.21896268823620435,0.4624429321077841,-0.018238190162408834,234022363.23761037,0.027086467369187295,2.0,0.0032616355556667827,0.6800155070539292,0.166240195367232,0.04520723353422989,0.8583333333333333,0.6928032000767355,0.5663808181539105,7.0,-0.01518474238335954,0.026027298816087452,0.06122984741615878,pre_move
CCEP,2026-09-01,15:30 ET,0.11841695216543514,0.13021429739898577,0.005123442341727713,0.0001538116892624278,-0.004964252431654782,,,,0.10526315789473684,-0.006191560115086037,19,108.05999755859375,108.61000061035156,107.12999725341797,107.36000061035156,510758.0833333333,-0.0025872131205004756,0.15540732110914648,-0.0016737986204516941,-0.006109943095959247,-0.022667254422913174,-0.007671705447129362,49.900309543793256,0.01882943055723359,0.30381018236253415,0.009616569683455223,0.10884067405446445,-0.0555115479918927,174824384.84975815,-0.008896645249594548,-2.0,0.006477854562810125,1.0451992773632899,0.013387580185900113,0.012425630908469033,0.008333333333333333,0.7714507858987802,0.6033137340631847,7.0,-0.02506358579178436,0.01962965506094494,-0.0026839191864446166,pre_move
GILD,2026-09-01,15:30 ET,0.10838054407162925,0.13021429739898577,0.005123442341727713,0.0001538116892624278,-0.004964252431654782,,,,0.20588235294117646,-0.004858929171853654,34,148.0,149.5,146.9149932861328,149.27999877929688,2728170.25,0.006100205768909905,0.9148933658381097,0.002855148056540413,0.020090218087869482,0.003428073483831673,0.13823870168932206,66.26723829331162,0.025291566593081988,0.4335779871190239,0.10548461044445144,0.12283840609765302,-0.03926227322372327,856794448.1219944,0.026138836470485316,2.0,0.00864864040065456,0.6982726499333922,0.047985051806561874,0.05486677366129349,0.975,0.8259719087880473,0.727350434336911,5.0,0.0,0.029001698210432636,0.02820160331032162,pre_move
CME,2026-09-01,15:30 ET,0.08387841809741856,0.13021429739898577,0.005123442341727713,0.0001538116892624278,-0.004964252431654782,,,,0.2222222222222222,-0.004869563345702321,27,285.95001220703125,289.8999938964844,282.9800109863281,286.8900146484375,851665.75,0.004376663927773361,0.5650308263580797,0.0002964452322222755,0.0048687027966287655,0.034508896118087495,0.07784498694601694,72.25563497158507,0.02096819259157328,0.45094606114517477,0.12238187908698414,0.04300706461307355,-0.1029548615995496,500809178.85987633,0.006334746961855098,1.0,0.0032872963849558323,1.2335097479550199,0.06485629347984036,0.05402192385899896,0.5583333333333333,0.8753166489277101,1.186651447312828,6.0,0.0,0.017299015125395334,0.01697410058289983,pre_move
ROKU,2026-09-01,15:30 ET,0.06578545096346301,0.13021429739898577,0.005123442341727713,0.0001538116892624278,-0.004964252431654782,0.6666666666666666,0.00280824567133775,24.0,0.28,-0.006947036162262055,50,155.9600067138672,157.52999877929688,155.69000244140625,156.01499938964844,1087169.4166666665,-0.002513887448563401,0.1766291277594414,0.0009302898377068214,-0.0058305826090440105,-0.02344138236075899,0.06976826184350537,59.45382604010261,0.012807155615817526,0.4590301982417139,0.06046589698431676,0.3320748113473015,-0.024235411938158244,355540359.2821979,-0.009589093129678705,-2.0,0.0003526075494606934,1.05172451386981,0.05606470793730605,0.02080555180976288,0.18333333333333332,0.9284695425813246,0.8430045829680062,10.0,-0.02344138236075899,0.014817187976536528,0.01864297118489433,pre_move
