date,ticker,close,ret_1,dv21,q_rsi2,o1,c2,r_close,r_open
2010-01-22,AAPL,5.9146285,-0.049598813,3.3196954e+09,5.579731887900735,0.024071107,0.041416172,0.03991617193818092,0.015437375068664551
2010-01-22,GOOGL,13.6342745,-0.056554258,2.2275617e+09,5.579731887900735,-0.006217994,-0.013799811,-0.015299810782074928,-0.009129215717315673
2010-01-22,GOOG,13.570369,-0.05655425,2.227659e+09,5.579731887900735,-0.0062179705,-0.013799721,-0.015299721375107765,-0.009129215717315673
2010-01-22,MSFT,21.50642,-0.034987938,1.1422596e+09,5.579731887900735,0.00966808,0.018646084,0.017146083772182463,0.007392059326171875
2010-01-22,AMZN,6.0715,-0.04098879,1.1819526e+09,5.579731887900735,0.0055176145,-0.01605861,-0.017558610752224924,-0.022957850933074953
2010-01-22,MU,8.903004,-0.06836728,3.5781645e+08,5.579731887900735,0.016429156,0.033953704,0.0324537039399147,0.01574123954772949
2010-01-22,BIDU,41.69,-0.05243546,1.0993082e+09,5.579731887900735,0.009666584,0.0059486954,0.004448695354163647,-0.005182315349578857
2010-01-22,CSCO,14.727572,-0.042118616,5.789577e+08,5.579731887900735,0.0056596594,-0.0030476633,-0.004547663252800703,-0.010158349514007568
2010-01-22,INTC,12.89137,-0.04462539,8.3875923e+08,5.579731887900735,0.016574342,0.0045204833,0.0030204833149909973,-0.013357330799102783
2010-01-22,AMD,7.88,-0.123470485,2.2553563e+08,5.579731887900735,0.016497476,0.02664975,0.025149750769138335,0.008487473487854004
2010-01-29,MSFT,20.927168,-0.033607487,1.5152635e+09,7.03131997646517,0.0074521527,0.00993587,0.008435869835317135,0.000965367317199707
2010-01-29,UAL,12.23,-0.03167067,1.565255e+08,7.03131997646517,0.009812007,0.121831626,0.12033162569999695,0.1094311580657959
2010-01-29,MU,8.503198,-0.07234006,3.373639e+08,7.03131997646517,0.01376128,0.07224776,0.07074775850772858,0.05619252777099609
2010-01-29,AAPL,5.744443,-0.036278557,4.684318e+09,7.03131997646517,0.0016142648,0.019785639,0.018285638898611067,0.016642104148864745
2010-01-29,AMD,7.46,-0.0532995,2.3336304e+08,7.03131997646517,0.02010725,0.06032169,0.05882168865203857,0.03792179679870605
2010-01-29,STX,8.633563,-0.08986941,1.3066917e+08,7.03131997646517,0.03111981,0.11190941,0.1104094118475914,0.07685125923156738
2010-01-29,MRVL,14.836049,-0.057838086,2.1059229e+08,7.03131997646517,0.0051637474,0.069420524,0.06792052394151687,0.06242669677734375
2010-01-29,RMBS,21.94,-0.061591048,1.3977824e+08,7.03131997646517,0.0,0.038286243,0.036786242634058,0.03678620910644531
2010-01-29,WDC,22.939945,-0.037740815,1.5129154e+08,7.03131997646517,0.0076337364,0.0652807,0.06378069823980331,0.05571020698547363
2010-01-29,BKNG,7.6514673,-0.031386297,1.753858e+08,7.03131997646517,0.00598911,0.04642955,0.044929548412561415,0.0386996374130249
2010-04-27,CMCSA,5.9489965,-0.03249409,2.4948512e+08,9.249030911390776,0.029252281,0.08342338,0.08192338353395462,0.051131497383117674
2010-04-27,APA,76.44877,-0.033153843,2.7993306e+08,9.249030911390776,0.0056681978,-0.02777234,-0.029272340923547746,-0.0347520604133606
2010-04-27,AMZN,7.101,-0.034600012,1.1239172e+09,9.249030911390776,0.0040135304,-0.0020419187,-0.0035419186912477017,-0.007531274795532226
2010-04-27,EBAY,8.822354,-0.032165967,4.0443488e+08,9.249030911390776,0.0054687597,0.01977265,0.01827265067398548,0.012726078987121582
2010-04-27,AMD,9.58,-0.039117385,2.3342466e+08,9.249030911390776,0.011482219,0.014613815,0.013113814651966095,0.0015961036682128906
2010-04-27,BIDU,62.011,-0.03236323,7.113471e+08,9.249030911390776,0.009804678,0.14474848,0.1432484791278839,0.13213349437713623
2010-04-27,WYNN,55.966953,-0.04038187,1.805263e+08,9.249030911390776,0.023416374,0.05373243,0.052232428699731825,0.02812231636047363
2010-04-27,MU,10.082918,-0.057429485,3.9506022e+08,9.249030911390776,0.007736903,-0.012572561,-0.014072561390697956,-0.021653582096099855
2010-04-27,SBUX,9.770074,-0.031398192,1.7432445e+08,9.249030911390776,0.004522842,0.0026381535,0.0011381534989923238,-0.003376235008239746
2010-04-27,UAL,20.51,-0.08273704,2.3978413e+08,9.249030911390776,0.030716682,0.04680639,0.045306391328573226,0.014110218048095704
2010-05-06,BKNG,9.130059,-0.05619868,2.5036758e+08,4.988445186089436,-0.0048478306,0.07142839,0.06992838835716247,0.07514775848388672
2010-05-06,CMCSA,5.965108,-0.062309735,3.333483e+08,4.988445186089436,-0.0048626116,-0.025932118,-0.02743211829662323,-0.022672463893890382
2010-05-06,WYNN,50.997025,-0.05866565,2.0281122e+08,4.988445186089436,0.023711896,0.032029394,0.030529394060373305,0.006624828338623047
2010-05-06,MU,8.532452,-0.05507561,3.7272445e+08,4.988445186089436,0.005714366,0.038857043,0.03735704278945923,0.03145421600341797
2010-05-06,CSCO,16.343311,-0.039924696,8.1880294e+08,4.988445186089436,0.0011769715,0.025107946,0.02360794624686241,0.02240289306640625
2010-05-06,TXN,16.400812,-0.030923994,2.9704758e+08,4.988445186089436,-0.006381975,0.02991633,0.02841632930934429,0.03503144836425781
2010-05-06,BIDU,66.802,-0.031195175,8.977503e+08,4.988445186089436,-0.0016915505,0.0400586,0.03855860164761543,0.040320883750915526
2010-05-06,AAPL,7.3652477,-0.03804824,4.857673e+09,4.988445186089436,-0.010314809,0.031431608,0.029931607902050017,0.04068149185180664
2010-05-06,AMD,8.27,-0.036130473,2.8348982e+08,4.988445186089436,0.003627537,0.087061584,0.08556158399581909,0.08163250541687012
2010-05-06,UAL,17.97,-0.09150664,3.0024624e+08,4.988445186089436,0.0038954704,0.08124658,0.07974657720327377,0.07555092430114746
2010-05-07,AKAM,35.71,-0.04493181,1.667769e+08,2.4808396558595263,0.057126883,0.078689486,0.07718948578834534,0.018897305488586424
2010-05-07,AAPL,7.054485,-0.042193133,5.2248735e+09,2.4808396558595263,0.061011292,0.08759446,0.08609445697069168,0.023554574012756346
2010-05-07,BPOP,24.606003,-0.08078008,1.6694518e+08,2.4808396558595263,0.09393919,0.066667125,0.06516712462902069,-0.02643017911911011
2010-05-07,ZION,18.578722,-0.032904726,1.5671267e+08,2.4808396558595263,0.09855296,0.08486509,0.08336509323120117,-0.013959874153137207
2010-05-07,ISRG,36.035557,-0.038453493,3.080857e+08,2.4808396558595263,0.05143066,0.06311668,0.06161667710542679,0.00961435890197754
2010-05-07,BIDU,63.949,-0.04270831,9.1850195e+08,2.4808396558595263,0.04372236,0.116780534,0.11528053438663483,0.06849766826629639
2010-05-07,WYNN,48.73682,-0.04432032,2.0586933e+08,2.4808396558595263,0.077023245,0.09839688,0.09689688241481781,0.018345128059387206
2010-05-07,CSCO,15.843202,-0.030600267,8.6015904e+08,2.4808396558595263,0.057062082,0.050586592,0.04908659240603447,-0.007625867366790771
2010-05-07,BKNG,8.8280735,-0.03307599,2.5817466e+08,2.4808396558595263,0.07258516,-0.025821911,-0.027321911171078683,-0.09324752235412598
2010-05-07,BKR,22.173018,-0.034475442,1.797819e+08,2.4808396558595263,0.05468907,0.05536709,0.05386708980798721,-0.0008571043014526367
2010-05-19,SIRI,8.184225,-0.036697354,7.172004e+07,8.853466127776741,-0.038095757,-0.019047443,-0.020547442823648454,0.018302689552307128
2010-05-19,ZION,17.74315,-0.063650206,1.4047013e+08,8.853466127776741,-0.05814897,-0.025389139,-0.026889138609170915,0.03328240966796875
2010-05-19,BPOP,23.86037,-0.05325437,1.13768744e+08,8.853466127776741,-0.01874984,-0.043750107,-0.0452501072883606,-0.026978005409240724
2010-05-19,CROX,9.88,-0.037974715,3.911053e+07,8.853466127776741,-0.03441297,-0.06275302,-0.06425302171707153,-0.03085004234313965
2010-05-19,ITRI,68.08,-0.0335037,4.4903116e+07,8.853466127776741,-0.015716799,-0.0132197635,-0.014719763524830341,0.0010368928909301758
2010-05-20,UAL,17.71,-0.059978824,2.4516306e+08,1.9277607562530505,-0.018633537,0.032185297,0.030685297459363936,0.05028380012512207
2010-05-20,AMZN,5.9855,-0.039168466,1.1542423e+09,1.9277607562530505,-0.015119853,0.020132001,0.018632001489400862,0.03429294681549072
2010-05-20,HON,27.812378,-0.047196016,2.0991907e+08,1.9277607562530505,-0.021296974,0.001196843,-0.0003031570101156831,0.021483312606811522
2010-05-20,INTC,13.664535,-0.037499964,1.2876054e+09,1.9277607562530505,-0.018278718,-0.005772491,-0.007272490985691547,0.011239062309265137
2010-05-20,AMD,8.09,-0.044864237,2.9762723e+08,1.9277607562530505,-0.0271941,0.0,-0.0015,0.02645422077178955
2010-05-20,CMCSA,5.410814,-0.044937428,4.3250134e+08,1.9277607562530505,-0.020250194,-0.0011911205,-0.002691120478324592,0.017952929496765135
2010-05-20,SBUX,9.243456,-0.04161838,2.4033797e+08,1.9277607562530505,-0.022311041,-0.0011956709,-0.0026956709204241634,0.02009726619720459
2010-05-20,AAPL,7.111313,-0.042602707,6.290745e+09,1.9277607562530505,-0.020777144,0.037853345,0.03635334527492523,0.05837453460693359
2010-05-20,BIDU,67.58,-0.03636098,1.3278317e+09,1.9277607562530505,-0.02071621,0.05060666,0.04910666054487228,0.07133163070678711
2010-05-20,PEP,38.690197,-0.03301039,3.6456077e+08,1.9277607562530505,-0.01017816,-0.008456083,-0.009956083014607429,0.00023974037170410153
2010-06-09,BIDU,67.4,-0.043835953,1.2620064e+09,7.575990757987569,0.025815992,0.08086049,0.07936048811674118,0.05215931987762451
2010-06-09,REGN,24.805912,-0.055094372,2.7460522e+07,7.575990757987569,0.015575095,0.05511193,0.05361192977428436,0.037430535316467284
2010-06-23,RGLD,40.1525,-0.051676884,3.834285e+07,8.43234670806801,0.0006164889,0.024058742,0.022558742448687552,0.021927844047546385
2010-06-23,BPOP,21.548893,-0.033445127,3.4149996e+07,8.43234670806801,-0.010380493,0.01384107,0.012341070234775544,0.022975574493408202
2010-06-24,MAR,25.968449,-0.031435262,1.32490376e+08,2.265384988414013,0.0006122683,-0.013472473,-0.014972473248839378,-0.015576113700866699
2010-06-24,VECO,38.04,-0.046616554,8.737107e+07,2.265384988414013,0.00026283704,0.016561441,0.015061441123485566,0.014794240951538086
2010-06-24,SWKS,13.3744545,-0.030079694,8.8832616e+07,2.265384988414013,0.0035110195,0.047981367,0.046481366515159606,0.04281474208831787
2010-06-24,BIDU,73.8,-0.031368937,8.5311354e+08,2.265384988414013,0.0062330496,0.008672078,0.0071720781400799755,0.0009238824844360351
2010-06-24,HST,7.857792,-0.051282056,1.0427186e+08,2.265384988414013,0.010668254,0.0120816305,0.010581630527973175,-0.00010155582427978519
2010-06-24,AMD,8.13,-0.050233677,2.292518e+08,2.265384988414013,0.011070129,-0.009840089,-0.01134008889645338,-0.022181262016296388
2010-06-24,PSKY,10.344447,-0.048376303,1.0940214e+08,2.265384988414013,0.0029046903,0.039941777,0.038441776543855666,0.03542984580993652
2010-06-24,FFIV,71.98,-0.032006416,1.30481256e+08,2.265384988414013,0.0005556166,0.021255886,0.019755886182188986,0.019188772201538085
2010-06-24,VIAV,6.217292,-0.038698442,7.13577e+07,2.265384988414013,0.0,0.010064036,0.008564035654067994,0.008564005851745606
2010-06-24,TER,9.892718,-0.04609944,6.070394e+07,2.265384988414013,0.00929389,0.0018587201,0.00035872009024024007,-0.008866716861724853
2010-06-25,AAL,8.635511,-0.04284254,1.0271683e+08,4.074184336411207,0.003275321,-0.06768555,-0.06918555194139481,-0.07222913646697998
2010-06-28,SIRI,8.184225,-0.036697354,5.4623764e+07,2.4577661060128264,-0.028571805,-0.09523838,-0.09673838013410568,-0.07012741708755493
2010-06-28,WYNN,54.053223,-0.044249535,1.4913867e+08,2.4577661060128264,-0.027732149,-0.10376029,-0.10526028716564179,-0.0796967043876648
2010-06-28,LULU,19.835,-0.033852976,8.613349e+07,2.4577661060128264,-0.023695454,-0.061759442,-0.06325944209098816,-0.04048781538009644
2010-06-28,INCY,11.82,-0.03194106,2.2042628e+07,2.4577661060128264,-0.0228426,-0.06345178,-0.06495178186893463,-0.04305850410461426
2010-06-29,ISRG,36.094444,-0.032032236,1.5432707e+08,0.25527072076249624,0.0021240884,-0.03934129,-0.040841289550065996,-0.04287742519378662
2010-06-29,SBUX,9.210311,-0.05229249,1.8727547e+08,0.25527072076249624,0.0027985927,-0.01399462,-0.01549462018162012,-0.018246342182159425
2010-06-29,BIDU,67.57,-0.09228913,8.642367e+08,0.25527072076249624,0.0060678357,0.014503527,0.01300352743268013,0.00688470458984375
2010-06-29,AKAM,41.04,-0.08657911,2.16096e+08,0.25527072076249624,0.0056042774,-0.016812924,-0.018312924295663835,-0.023792256355285646
2010-06-29,MAR,24.362312,-0.049037714,1.4112227e+08,0.25527072076249624,3.9145476e-07,-0.016971052,-0.018471051692962648,-0.0184714093208313
2010-06-29,UAL,19.99,-0.03940412,1.787648e+08,0.25527072076249624,0.0015007848,0.03651824,0.035018238484859465,0.033465038299560546
2010-06-29,CTSH,22.009094,-0.043880906,1.6102266e+08,0.25527072076249624,-0.0035611084,-0.004352418,-0.005852417774498462,-0.0022941126823425293
2010-06-29,AAPL,7.661951,-0.045210652,5.91903e+09,0.25527072076249624,0.0021080046,-0.030019026,-0.03151902624964714,-0.033559431076049806
2010-06-29,WYNN,49.892838,-0.07696831,1.5448608e+08,0.25527072076249624,0.0104393205,-0.030808294,-0.03230829419195652,-0.042321373462677
2010-06-29,NTAP,27.803902,-0.045237422,2.4589323e+08,0.25527072076249624,-0.0036848509,0.0031587572,0.0016587572302669286,0.005368958473205567
2010-06-30,VIAV,5.59727,-0.0418695,6.6221216e+07,0.1519601096608909,-0.0040652305,-0.015244082,-0.016744081616401674,-0.01272450828552246
2010-07-01,INCY,10.56,-0.046070397,2.219716e+07,0.13246681706429797,0.0066287587,0.018939376,0.01743937587738037,0.010729561805725098
2010-07-01,CRUS,15.0,-0.051233422,1.0733666e+08,0.13246681706429797,0.01933333,0.041333325,0.03983332520723343,0.020082722663879393
2010-07-02,LULU,18.16,-0.039153427,9.07628e+07,0.10541958897506731,0.012940562,0.034691688,0.033191687673330306,0.019973288536071776
2010-07-02,AAL,7.7210526,-0.05317918,9.094257e+07,0.10541958897506731,0.037851077,0.13797323,0.13647323405742645,0.09497059440612793
2010-07-02,ZION,15.076595,-0.045098778,9.346082e+07,0.10541958897506731,0.017830843,0.07518055,0.07368055289983749,0.05484498596191406
2010-07-02,UAL,18.59,-0.10279919,1.7741962e+08,0.10541958897506731,0.03550295,0.0785368,0.07703680104017258,0.040058384895324706
2010-08-11,HON,27.825693,-0.03707975,1.4442682e+08,6.388143504279839,-0.015785735,-0.011719294,-0.013219293892383575,0.0026316747665405273
2010-08-11,FFIV,86.82,-0.05865774,1.5313886e+08,6.388143504279839,-0.050103646,-0.033863194,-0.035363194286823274,0.015597115516662598
2010-08-11,CRUS,18.66,-0.078518525,1.26495016e+08,6.388143504279839,-0.024115797,0.00053591793,-0.0009640820659697056,0.02376092529296875
2010-08-11,AAPL,7.483087,-0.03554269,4.7824865e+09,6.388143504279839,-0.013988696,-0.0043559074,-0.0058559074401855465,0.008269439697265625
2010-08-11,WYNN,55.5288,-0.04647851,1.4820083e+08,6.388143504279839,-0.013878021,0.00080266315,-0.000697336845099926,0.013387332916259766
2010-08-11,BIDU,84.23,-0.041424822,9.16344e+08,6.388143504279839,-0.028256023,-0.016621174,-0.018121174290776254,0.010473142623901368
2010-08-11,CTSH,25.81442,-0.03089236,1.7316509e+08,6.388143504279839,-0.018384106,-0.017034857,-0.018534856602549554,-0.00012551689147949222
2010-08-11,BIIB,55.8,-0.035603203,2.135631e+08,6.388143504279839,-0.011827954,0.0025089497,0.0010089497212320566,0.013008605003356934
2010-08-11,UAL,21.0,-0.065004416,1.23175816e+08,6.388143504279839,-0.019523803,0.02285712,0.021357120260596274,0.04172481155395508
2010-08-11,CMCSA,5.835225,-0.032240324,3.062869e+08,6.388143504279839,-0.014436944,-0.0077737393,-0.009273739285767078,0.005260835647583008
2010-08-12,MTCH,6.2495804,-0.038924653,3.2543964e+07,4.402874809800551,-0.0004174322,-0.00668067,-0.00818067019432783,-0.007765878677368164
2010-08-12,FFIV,82.77,-0.04664827,1.6367509e+08,4.402874809800551,0.000724963,0.013531506,0.012031506061553955,0.011297236442565918
2010-08-12,VIAV,5.949943,-0.056807928,5.1666716e+07,4.402874809800551,0.0019120952,-0.036328927,-0.03782892668247223,-0.03966807270050049
2010-08-12,NTAP,27.503843,-0.087199144,2.0314832e+08,4.402874809800551,0.0066525266,0.028206507,0.026706506744027136,0.01991153812408447
2010-08-13,CROX,12.8,-0.031037081,4.9027956e+07,2.836079844936492,-0.0054688007,0.05078122,0.04928122019767761,0.055059324264526366
2010-08-24,SIRI,7.4827175,-0.030303247,4.6563948e+07,3.829067972827758,3.1862567e-07,0.0,-0.0015,-0.0015003576278686524
2010-08-24,MAR,25.481783,-0.034097746,9.695362e+07,3.829067972827758,-0.0053110854,-0.002811346,-0.004311345970258116,0.0010130510330200195
2010-08-24,MELI,63.876316,-0.031869717,6.286298e+07,3.829067972827758,-0.01395604,-0.024423353,-0.025923353374004365,-0.012115468025207519
2010-08-24,FFIV,86.27,-0.033605915,1.3882909e+08,3.829067972827758,-0.0074185627,0.016112288,0.01461228846013546,0.022206793785095214
2010-08-24,TCOM,19.176804,-0.06160208,7.635798e+07,3.829067972827758,-0.0028542392,0.03450957,0.0330095694065094,0.03597069835662842
2010-08-24,UAL,19.73,-0.036150455,1.0146438e+08,3.829067972827758,-0.015712086,-0.004561589,-0.0060615890994668,0.009828458786010743
2010-08-24,WYNN,52.47819,-0.04275111,1.4126717e+08,3.829067972827758,-0.008980258,-0.0065531023,-0.008053102284669876,0.0009491548538208008
2010-08-24,CRUS,15.55,-0.04718134,1.1066254e+08,3.829067972827758,-0.034083582,0.0077170343,0.0062170343138277535,0.04177559471130371
2010-10-04,AKAM,47.39,-0.03932703,1.8838552e+08,2.529752412363379,0.008229571,-0.06625869,-0.06775869125127792,-0.07538025522232056
2010-10-04,RDWR,16.71,-0.038273435,4.8976376e+07,2.529752412363379,0.0059844637,-0.04847394,-0.049973939299583436,-0.05563442850112915
2010-10-04,CENX,12.79,-0.05399412,2.733563e+07,2.529752412363379,0.035965603,0.05316656,0.05166656082868576,0.015103827476501465
2010-10-04,MELI,64.71935,-0.06391024,5.1204676e+07,2.529752412363379,0.0055400897,-0.03698142,-0.03848141872882843,-0.043787230491638185
2010-10-04,JBLU,6.35,-0.043674693,3.061748e+07,2.529752412363379,0.011023649,0.029921269,0.02842126904428005,0.017191658973693846
2010-10-04,FSLR,142.27,-0.033688728,1.9360318e+08,2.529752412363379,0.0127222715,-0.025514899,-0.02701489882171154,-0.039256800651550294
2010-11-12,RDWR,16.145,-0.042975716,2.0240024e+07,7.42354066096253,0.0,-0.054506045,-0.05600604483485222,-0.05600606346130371
2010-11-12,BKR,24.466448,-0.030956592,1.10743656e+08,7.42354066096253,0.0032973778,-0.023289481,-0.024789481177926065,-0.027999450206756593
2010-11-12,BPOP,21.176075,-0.030716943,2.2145952e+07,7.42354066096253,0.010563608,-0.007042195,-0.008542195182293653,-0.018921722412109376
2010-11-12,CENX,14.44,-0.034113728,2.7669706e+07,7.42354066096253,0.015235476,-0.07548471,-0.07698470795154572,-0.09085868740081787
2010-11-12,WYNN,70.6927,-0.03107537,2.1416139e+08,7.42354066096253,0.009008579,-0.026486553,-0.027986553251743318,-0.036678184509277345
2010-11-12,SSRM,24.278091,-0.03517408,3.8807124e+07,7.42354066096253,-0.00039194853,-0.05723242,-0.05873242089152336,-0.05836277151107788
2010-11-12,BIDU,110.64,-0.03032427,1.4410486e+09,7.42354066096253,-0.0044287588,-0.0636298,-0.06512979859113693,-0.06096439504623413
2010-11-12,CROX,15.65,-0.03987728,4.678608e+07,7.42354066096253,0.0019169769,-0.015335449,-0.016835449017584325,-0.0187194242477417
2010-11-12,VECO,42.12,-0.038356174,8.461211e+07,7.42354066096253,0.018043736,-0.011870845,-0.013370845220983028,-0.03088443422317505
2010-11-15,FFIV,119.55,-0.034797333,3.275763e+08,5.523322584291435,-0.009368488,-0.03797575,-0.039475750863552095,-0.03037779474258423
2010-11-15,TCOM,23.043015,-0.033799257,1.2752834e+08,5.523322584291435,-0.0038868734,-0.00885336,-0.010353360079228878,-0.00648586893081665
2010-11-15,AKAM,47.21,-0.051436637,2.6373075e+08,5.523322584291435,-0.005719137,0.009955544,0.008455544024705887,0.014264832496643067
2010-11-15,AMZN,7.945,-0.040922284,1.1243997e+09,5.523322584291435,-0.0010069696,-0.0034613155,-0.0049613155294209715,-0.003956843852996826
2010-11-15,TMUS,18.481506,-0.032976262,4.4099956e+07,5.523322584291435,-0.011082567,0.009377859,0.007877858601510525,0.01918972587585449
2010-11-15,EXPE,33.859123,-0.03150755,9.682449e+07,5.523322584291435,-0.011261986,0.012038577,0.010538577347993851,0.02206600761413574
2010-11-16,SSRM,22.888597,-0.042595588,3.7602228e+07,1.7253021642757318,-0.0012473108,0.04158,0.04007999902963638,0.04138077354431152
2010-11-16,AMSC,324.9,-0.057441305,3.5532572e+07,1.7253021642757318,0.0006156116,0.023084026,0.02158402583003044,0.020954619407653807
2010-11-16,WYNN,68.8203,-0.032933224,2.182408e+08,1.7253021642757318,0.002498555,0.008235875,0.006735874585807324,0.0042231187820434574
2010-11-16,PSKY,12.218899,-0.030502107,1.3170322e+08,1.7253021642757318,0.002467523,0.02097453,0.019474529907107352,0.016961465835571288
2010-11-16,AVT,22.755087,-0.031766485,3.6142216e+07,1.7253021642757318,0.002008597,0.04419114,0.0426911406815052,0.04059804534912109
2010-11-16,BIDU,103.6,-0.04779416,1.3645912e+09,1.7253021642757318,0.0073359283,0.043822404,0.042322403997182845,0.034720788955688475
2010-11-16,TMUS,17.788254,-0.03751061,4.53556e+07,1.7253021642757318,0.0008858944,0.05403023,0.05253022840619087,0.05159724807739258
2010-11-16,FFIV,115.95,-0.030112974,3.2725738e+08,1.7253021642757318,0.0049159094,0.039327342,0.03782734206318855,0.032743106842041014
2010-11-16,FSLR,130.69,-0.06422742,2.5076448e+08,1.7253021642757318,-0.012395708,-0.053944472,-0.05544447222352028,-0.04357026958465576
2010-11-16,TER,10.3891945,-0.040746942,7.012353e+07,1.7253021642757318,0.00265489,0.031858128,0.030358127564191817,0.027625809669494628
2011-01-21,CENX,14.02,-0.035763375,2.7534082e+07,6.497823559255636,0.00071321503,0.015691819,0.014191818669438363,0.013467918395996094
2011-01-21,AAL,9.267149,-0.040975783,4.668258e+07,6.497823559255636,0.0040690275,0.030518735,0.02901873482763767,0.024842630386352538
2011-01-21,INCY,14.73,-0.03346458,3.3109732e+07,6.497823559255636,0.0013578044,-0.0006788374,-0.0021788374157622457,-0.0035338892936706543
2011-01-21,VECO,44.51,-0.031759907,8.3746456e+07,6.497823559255636,-0.0381936,0.0044933897,0.002993389744311571,0.04288209533691406
2011-02-22,GOOGL,15.126581,-0.03153569,1.4918714e+09,3.290214202239028,0.00019670432,-0.0022779873,-0.0037779873106628657,-0.0039741888046264644
2011-02-22,AMD,8.85,-0.035947703,2.5051654e+08,3.290214202239028,-0.007909677,0.028248586,0.026748585760593413,0.034946452140808104
2011-02-22,FFIV,115.11,-0.04749688,4.70129e+08,3.290214202239028,-0.0051255664,0.016940292,0.015440291970968247,0.020679484367370604
2011-02-22,AAPL,10.127695,-0.034088846,5.0736584e+09,3.290214202239028,0.00047317907,0.012610764,0.011110764242708683,0.010631929397583008
2011-02-22,MU,10.648498,-0.06666673,4.664972e+08,3.290214202239028,-0.0073257,-0.0009158356,-0.0024158356115221978,0.004957209587097168
2011-02-22,BIDU,120.28,-0.05141959,8.947163e+08,3.290214202239028,-0.00066513,-0.012221494,-0.013721493758261203,-0.013064075946807861
2011-02-22,BKNG,16.99029,-0.033746816,4.018319e+08,3.290214202239028,-0.0017749603,0.06583979,0.06433978980779648,0.066234956741333
2011-02-22,AMZN,9.021,-0.032600526,1.110846e+09,3.290214202239028,-0.0009422569,-0.0147988135,-0.01629881349951029,-0.015369643211364746
2011-02-22,WMT,13.03862,-0.030877696,5.421032e+08,3.290214202239028,-0.0039123804,-0.029439107,-0.030939106583595277,-0.027126957416534425
2011-02-22,GOOG,15.05568,-0.03153568,1.4919365e+09,3.290214202239028,0.0001966805,-0.0022778832,-0.0037778832353651524,-0.003974129199981689
2011-02-23,ADSK,39.59,-0.059619915,1.1030479e+08,2.176011691364806,0.007830295,0.07981813,0.07831812953948974,0.06992853736877441
2011-02-23,DLTR,24.29,-0.06881343,8.941214e+07,2.176011691364806,0.027171668,0.038904887,0.037404886692762374,0.009922872543334961
2011-02-23,CRUS,22.22,-0.047986325,1.10660024e+08,2.176011691364806,-0.009450904,0.07110711,0.06960711187124252,0.07982672309875488
2011-02-23,ILMN,65.29183,-0.052111264,1.29319736e+08,2.176011691364806,0.0001489846,0.03605474,0.03455474159121513,0.034400354385375975
2011-02-23,IDCC,39.94836,-0.04801166,4.4847464e+07,2.176011691364806,-0.09108028,-0.08976279,-0.09126279199123383,-5.053424835205081e-05
2011-02-23,AMD,8.55,-0.033898324,2.534308e+08,2.176011691364806,0.004678358,0.08654968,0.08504967695474625,0.07999003982543945
2011-02-23,BIDU,115.9,-0.03641501,9.1048486e+08,2.176011691364806,0.0069887624,0.040465873,0.03896587273478508,0.03174472904205322
2011-02-23,VIAV,13.401593,-0.03954336,4.7600813e+08,2.176011691364806,0.012733383,0.052631583,0.05113158306479454,0.03789664363861084
2011-02-23,INTC,14.236368,-0.030261373,8.0280045e+08,2.176011691364806,-0.0023640275,0.03356986,0.03206986120343208,0.034518967628479
2011-02-23,MU,10.2877,-0.033882514,4.6510816e+08,2.176011691364806,0.0056868014,0.08435991,0.08285990661382675,0.07672823524475098
2011-03-10,MU,9.683111,-0.0377906,4.7742234e+08,7.625678782469379,-0.0020140882,0.04330319,0.041803191661834715,0.04390884494781494
2011-03-10,ILMN,62.023346,-0.031150283,1.4726136e+08,7.625678782469379,-0.003450448,0.007998746,0.006498745888471604,0.009988795280456543
2011-03-10,ASML,38.324104,-0.056389958,7.0248584e+07,7.625678782469379,-0.016164642,0.01763382,0.016133819952607154,0.03285373306274414
2011-03-10,APA,84.09731,-0.039197568,3.2005488e+08,7.625678782469379,-0.0020699818,0.027428232,0.025928232133388518,0.02805949306488037
2011-03-10,VRTX,44.8,-0.05545016,1.4239578e+08,7.625678782469379,-0.0022321087,0.014285701,0.01278570132702589,0.015054713249206543
2011-03-10,WYNN,84.604836,-0.039035223,1.8469646e+08,7.625678782469379,-0.010967124,0.0073118065,0.005811806548386813,0.01698161220550537
2011-03-10,INTU,43.589634,-0.035036743,1.3824574e+08,7.625678782469379,-0.002407244,-0.008425222,-0.009925221778452396,-0.007532526493072509
2011-03-10,TROW,37.502876,-0.0346379,5.516529e+07,7.625678782469379,0.00078047806,-0.005931043,-0.0074310430660843845,-0.00820623779296875
2011-03-10,WDC,20.723854,-0.033239286,1.6728462e+08,7.625678782469379,-0.020105073,-0.015734356,-0.01723435589671135,0.0029603347778320312
2011-03-10,PTEN,19.514965,-0.031958863,6.4999428e+07,7.625678782469379,-0.009999841,0.038077258,0.03657725757360458,0.04706276512145996
2011-03-15,ADBE,33.04,-0.030516457,1.6882114e+08,8.685227676187495,-0.010895902,-0.036319636,-0.037819635808467866,-0.027203787803649904
2011-03-15,EXC,16.22575,-0.036139313,1.342002e+08,8.685227676187495,-0.0045961156,-0.028059592,-0.029559592470526697,-0.025071848869323732
2011-03-15,ON,9.79,-0.031651802,7.7217544e+07,8.685227676187495,0.0,-0.0061287456,-0.00762874561920762,-0.00762872838973999
2011-03-15,PFG,18.254509,-0.035891037,5.036656e+07,8.685227676187495,-0.0051355083,0.008022469,0.006522468537092209,0.011725913047790528
2011-03-15,CRUS,21.04,-0.036188684,7.761835e+07,8.685227676187495,0.0028516855,-0.02804183,-0.02954183028638363,-0.03230570697784424
2011-03-15,ERIC,7.580925,-0.033856217,3.682102e+07,8.685227676187495,0.008546923,0.005982884,0.004482884205877781,-0.004042316913604736
2011-03-15,CROX,17.14,-0.05199118,4.321061e+07,8.685227676187495,0.007001216,-0.03092175,-0.03242174977064133,-0.039159287452697755
2011-03-15,COO,16.465902,-0.03711806,3.9294504e+07,8.685227676187495,-0.0010580485,-0.016931439,-0.018431438818573953,-0.017390181064605714
2011-03-15,SNY,17.208954,-0.034310874,7.517471e+07,8.685227676187495,-0.006680781,0.00394782,0.002447820048779249,0.009200106620788575
2011-03-15,XRAY,29.936052,-0.0416893,3.0649646e+07,8.685227676187495,-0.003648588,-0.017962152,-0.019462152138352395,-0.015865971088409425
2011-03-16,FFIV,106.65,-0.036324177,3.3812387e+08,2.609604441759629,0.01856536,-0.09123304,-0.0927330374121666,-0.10929714584350586
2011-03-16,TXN,21.730259,-0.032743406,2.8636982e+08,2.609604441759629,0.010368814,0.017383173,0.01588317310810089,0.005442391395568848
2011-03-16,WYNN,80.446434,-0.03408446,1.6444018e+08,2.609604441759629,0.024521269,-0.00495558,-0.006455579992383718,-0.030271340847015382
2011-03-16,APA,82.52331,-0.034538396,3.088236e+08,2.609604441759629,0.021974402,0.05572628,0.05422627857327461,0.03152609920501709
2011-03-16,BKR,34.07662,-0.04245976,1.7522157e+08,2.609604441759629,0.019723987,0.015868163,0.014368162736296654,-0.0052812590599060055
2011-03-16,VRTX,44.25,-0.031940475,1.5335814e+08,2.609604441759629,0.015141201,0.003163828,0.0016638280488550663,-0.01329879903793335
2011-03-16,AAPL,9.870477,-0.044640187,5.76649e+09,2.609604441759629,0.0206661,0.0020000106,0.000500010572373867,-0.01978819513320923
2011-03-16,VTRS,16.882156,-0.030275064,1.3513125e+08,2.609604441759629,0.012298906,0.024597812,0.023097812443971633,0.010649453163146973
2011-03-16,MU,9.809881,-0.035474315,4.6834115e+08,2.609604441759629,0.01888648,0.0009940304,-0.0005059696137905121,-0.019060720443725587
2011-03-16,QCOM,33.965218,-0.0471697,6.781783e+08,2.609604441759629,0.04198027,0.023960166,0.022460165679454802,-0.01879416847229004
2011-04-11,BKR,35.026684,-0.031578008,1.8102291e+08,5.6780274609969155,-0.0034624133,-0.014427411,-0.015927411369979383,-0.012503077030181884
2011-04-11,GNTX,9.9633045,-0.056537073,2.4255916e+07,5.6780274609969155,9.5718676e-08,0.018352237,0.016852236598730086,0.01685215091705322
2011-04-11,EXPE,32.346596,-0.030830227,1.3270116e+08,5.6780274609969155,-0.006525411,-0.021614805,-0.02311480486392975,-0.016688515186309816
2011-04-11,SSRM,32.367615,-0.030501748,4.1158996e+07,5.6780274609969155,-0.002940256,-0.008526718,-0.010026718243956565,-0.007102955818176269
2011-04-11,APA,91.575676,-0.030040288,2.9093194e+08,5.6780274609969155,-0.010692654,-0.031603914,-0.03310391375422478,-0.0226372971534729
2011-04-12,MELI,80.23995,-0.03251439,5.3843236e+07,1.8327871576378953,0.0055606947,0.03034312,0.028843120917677878,0.023145447731018065
2011-04-12,APA,88.78311,-0.030494608,2.976542e+08,1.8327871576378953,0.010457095,8.146444e-05,-0.0014185355627560057,-0.011768270969390869
2011-04-12,FAST,5.4737835,-0.04385185,4.578765e+07,1.8327871576378953,0.011512319,0.011667902,0.010167901650071145,-0.0013462200164794922
2011-04-12,TER,15.427497,-0.05036768,6.500018e+07,1.8327871576378953,0.01072659,0.0059590517,0.004459051661193371,-0.0062169327735900875
2011-04-12,VECO,46.47,-0.04461345,5.0471636e+07,1.8327871576378953,0.009253288,0.021734416,0.020234416484832762,0.010866771697998047
2011-04-12,BIDU,140.71,-0.034115776,1.06554496e+09,1.8327871576378953,0.01869085,0.04477285,0.04327284848690033,0.024103532791137694
2011-04-12,NXPI,27.330961,-0.036944892,7.722499e+07,1.8327871576378953,0.022243593,0.038039904,0.036539904087781905,0.01395262336730957
2011-04-12,OLED,48.646343,-0.08367181,6.705175e+07,1.8327871576378953,0.013291985,0.04218847,0.04068846932053566,0.02701748466491699
2011-04-12,IDCC,33.718224,-0.03513688,3.1607518e+07,1.8327871576378953,0.008489054,0.029490001,0.02799000149965286,0.019324193954467772
2011-04-12,PTEN,20.580786,-0.044266324,5.23024e+07,1.8327871576378953,0.006564532,0.060904656,0.05940465560555458,0.05248571491241455
2011-05-04,MLCO,7.947615,-0.053181197,5.4966732e+07,8.016052649140832,-0.002006077,0.06619856,0.06469855761528015,0.06684173202514648
2011-05-04,JAZZ,29.64,-0.07026348,2.7613578e+07,8.016052649140832,-0.024966255,-0.012483095,-0.013983094818890094,0.011302720069885254
2011-05-04,REGN,47.55127,-0.0608492,1.3111716e+08,8.016052649140832,-0.008125048,0.046875082,0.045375081956386565,0.0539506778717041
2011-05-04,CHRD,16.67399,-0.05803592,2.2243234e+07,8.016052649140832,-0.022967584,0.016770128,0.015270128160715104,0.039171825408935546
2011-05-04,INCY,19.35,-0.05286343,3.1167124e+07,8.016052649140832,-0.0046511707,0.023255754,0.021755754262208937,0.026537309646606444
2011-05-04,SSYS,42.39,-0.14363638,2.4535894e+07,8.016052649140832,0.008728448,-0.018400537,-0.019900536850094797,-0.028394330978393556
2011-05-04,IPGP,66.18,-0.05226982,3.4433696e+07,8.016052649140832,-0.024780892,0.027198596,0.02569859592616558,0.05180026149749756
2011-05-04,CENX,16.52,-0.16312054,4.053794e+07,8.016052649140832,-0.0030267036,0.012106468,0.010606467969715596,0.013679038047790528
2011-05-04,TRMB,20.245,-0.059684154,4.282226e+07,8.016052649140832,0.024944387,0.08347733,0.08197733318805694,0.055608402252197264
2011-05-05,SSRM,27.923136,-0.058710407,5.5740336e+07,2.5181094117610314,0.01942743,0.06509886,0.06359885936975479,0.04330111598968506
2011-05-05,VRTX,53.19,-0.038329463,1.4221842e+08,2.5181094117610314,0.011844352,0.083850406,0.08235040611028671,0.06966305828094482
2011-05-05,SIFY,34.56408,-0.04307681,2.6478964e+07,2.5181094117610314,0.041800883,-0.09646293,-0.0979629277586937,-0.1342161192893982
2011-05-05,BKR,35.317356,-0.0323296,2.0906482e+08,2.5181094117610314,0.020934664,0.027387515,0.02588751471042633,0.004820476531982422
2011-05-05,SNY,20.543087,-0.03129659,5.7895996e+07,2.5181094117610314,0.015517951,0.009412567,0.007912567131221295,-0.007512141704559326
2011-05-16,CTSH,32.1102,-0.03556921,2.0777186e+08,8.323767131063548,-0.008406954,-0.00515272,-0.006652720026671886,0.0017818317413330078
2011-05-16,VIAV,11.575654,-0.038279753,2.5537555e+08,8.323767131063548,-0.01228502,0.0034397892,0.0019397891722619533,0.014420400619506836
2011-05-16,WYNN,96.93156,-0.039174274,2.1623141e+08,8.323767131063548,0.0002849269,0.044969335,0.0434693351984024,0.04317165470123291
2011-05-16,SWKS,21.317743,-0.03881451,1.0055915e+08,8.323767131063548,1.789447e-07,0.018722447,0.017222446635365485,0.017222176551818846
2011-05-16,CROX,21.5,-0.031531565,5.9300788e+07,8.323767131063548,-0.0060464726,0.024186067,0.022686067283153533,0.028916369438171385
2011-05-16,NXPI,24.370548,-0.057901878,3.950309e+07,8.323767131063548,-0.012653725,0.038322445,0.03682244500517845,0.05012942409515381
2011-05-16,EBAY,12.014286,-0.03574598,2.8861334e+08,8.323767131063548,-0.001235921,0.015755255,0.014255254775285721,0.015512238502502442
2011-05-16,MLCO,7.7562966,-0.07244988,6.3938252e+07,8.323767131063548,-0.010277366,0.03802668,0.036526679307222365,0.04730571365356445
2011-05-16,BKNG,19.716383,-0.03309576,6.0746554e+08,8.323767131063548,-0.0069927988,0.029798599,0.028298598960042,0.03555048561096191
2011-05-16,AMZN,9.6255,-0.04961498,1.265705e+09,8.323767131063548,-0.0035842422,0.023790982,0.022290981620550154,0.02597368812561035
2011-05-23,VIAV,11.143345,-0.035925154,2.5265174e+08,9.467067044334755,0.0056151478,0.004083736,0.00258373586833477,-0.003022839069366455
2011-05-23,NTES,6.7218065,-0.054486144,4.055575e+07,9.467067044334755,0.0116627,0.018065497,0.016565497279167174,0.004828940391540528
2011-05-23,ERIC,9.6500225,-0.0372093,7.816725e+07,9.467067044334755,0.0013805021,0.0048309173,0.0033309173434972763,0.001945744514465332
2011-05-23,NXPI,24.115036,-0.05162851,4.191249e+07,9.467067044334755,-7.909375e-08,-0.0054807225,-0.006980722524225711,-0.0069806470870971676
2011-05-23,BKNG,19.649015,-0.035417594,6.25022e+08,9.467067044334755,0.004664453,-0.0056812717,-0.007181271664798259,-0.011797656059265136
2011-05-23,INTU,46.28283,-0.03728622,1.1300099e+08,9.467067044334755,0.0013228641,0.0026448215,0.001144821535795927,-0.00017987632751464847
2011-05-23,MLCO,7.8678985,-0.042677276,7.0198056e+07,9.467067044334755,0.01317113,0.078014486,0.07651448553800583,0.06250048732757568
2011-05-23,OLED,40.87755,-0.059508584,5.696816e+07,9.467067044334755,0.0052727726,0.067170694,0.06567069447040558,0.060073386192321776
2011-05-23,ASML,35.905266,-0.04575337,8.407205e+07,9.467067044334755,0.0121854795,0.007947112,0.006447112433612347,-0.005687345504760742
2011-05-23,BIDU,129.47,-0.03875567,1.2983876e+09,9.467067044334755,0.015756493,0.0005406045,-0.0009593954761512578,-0.016479839324951173
2011-05-24,GT,14.909935,-0.03125018,1.30342424e+08,6.034915062250505,-0.0023893132,0.04480325,0.043303250581026076,0.04580558395385742
2011-06-06,MELI,79.69673,-0.08385371,5.3473144e+07,9.04180753688371,-0.01265823,-0.046616364,-0.048116364270448686,-0.03589348936080933
2011-06-06,LULU,41.935,-0.032194793,1.5980192e+08,9.04180753688371,0.0064385463,0.005603834,0.004103834055364132,-0.002329339027404785
2011-06-06,VIAV,10.216155,-0.031283658,1.7640394e+08,9.04180753688371,0.004454271,-0.031180458,-0.032680458143353464,-0.0369766845703125
2011-06-06,OLED,35.56404,-0.07461549,6.674602e+07,9.04180753688371,0.009749327,-0.022134636,-0.023634635597467424,-0.03307609701156616
2011-06-06,PTEN,22.254574,-0.041073523,6.830402e+07,9.04180753688371,-0.0040472047,0.015514313,0.014014313243329525,0.018140922546386717
2011-06-06,CAR,15.32523,-0.036439702,2.5891496e+07,9.04180753688371,0.0068196803,-0.009299445,-0.0107994449660182,-0.01750998640060425
2011-06-06,IPGP,71.58,-0.03569987,3.2160948e+07,9.04180753688371,0.0026543,-0.06691814,-0.06841814213991165,-0.0708882703781128
2011-06-06,BKR,36.578346,-0.031509493,1.9669339e+08,9.04180753688371,0.016197866,0.006367641,0.004867641035467387,-0.011173535823822021
2011-06-06,BIDU,126.97,-0.04684337,1.0289161e+09,9.04180753688371,0.007167016,-0.049618043,-0.05111804300546646,-0.0578809871673584
2011-06-06,MLCO,8.609251,-0.05676856,8.610767e+07,9.04180753688371,0.025926026,0.034259163,0.032759162843227385,0.0066225633621215824
2011-06-07,WYNN,93.86238,-0.036871493,1.786027e+08,7.709073748959625,0.0007345524,-0.0065396866,-0.00803968658298254,-0.008768905639648437
2011-06-08,VIAV,9.897611,-0.05486147,1.696501e+08,3.5376116931455925,0.0034483168,-0.031034466,-0.03253446587920189,-0.03586434268951416
2011-06-08,PRDO,20.627022,-0.039999902,2.4613576e+07,3.5376116931455925,0.0004530954,-0.03985501,-0.04135501080751419,-0.041789878845214845
2011-06-08,ERIC,9.443569,-0.03142084,5.486302e+07,3.5376116931455925,0.009167971,-0.02538794,-0.02688794092833996,-0.03574203395843506
2011-06-08,IPGP,66.79,-0.06154275,3.3480934e+07,3.5376116931455925,-0.008683962,-0.0025452639,-0.004045263851061463,0.004692564964294434
2011-06-08,SSRM,24.839603,-0.03761055,3.483147e+07,3.5376116931455925,0.0015323533,-0.0042146626,-0.005714662592858076,-0.007238139152526855
2011-06-08,BIDU,120.67,-0.033247888,1.1284073e+09,3.5376116931455925,0.00679539,0.008452841,0.006952841080725193,0.00014628028869628903
2011-06-08,SIRI,15.82283,-0.05581402,1.8934808e+08,3.5376116931455925,4.8217635e-07,-0.014778223,-0.016278222888708116,-0.01627867364883423
2011-06-08,NXPI,22.423367,-0.04251332,4.7270924e+07,3.5376116931455925,-1.7012152e-07,-0.04361482,-0.045114819645881654,-0.045114625930786134
2011-06-08,MELI,75.98156,-0.041717626,5.638365e+07,3.5376116931455925,1.00411135e-07,0.0067661037,0.005266103673726321,0.005265961647033692
2011-06-08,TTWO,15.29,-0.032890603,4.466367e+07,3.5376116931455925,0.0026160865,0.01962068,0.018120679318904875,0.015460263252258301
2011-06-10,IPGP,66.62,-0.032529738,3.364587e+07,5.212564590632198,0.0037526267,0.03047131,0.0289713100194931,0.025118838310241698
2011-06-10,ON,10.21,-0.03130929,5.996712e+07,5.212564590632198,0.0,-0.004897178,-0.006397178150713443,-0.006397177219390869
2011-06-10,ERIC,9.203816,-0.037604608,5.327665e+07,5.212564590632198,0.0014472224,0.017366255,0.015866254702210425,0.014396081924438477
2011-06-10,BKR,36.50744,-0.034939382,1.8147947e+08,5.212564590632198,0.0016644365,0.0034677414,0.001967741422355175,0.0003004179000854492
2011-06-10,MLCO,8.29836,-0.044077333,9.521383e+07,5.212564590632198,0.019212522,0.06436138,0.06286137855052948,0.04279781436920166
2011-06-10,GT,13.3512535,-0.06662498,9.621649e+07,5.212564590632198,-3.5714785e-07,0.0020012422,0.000501242246478796,0.0005016431808471679
2011-06-10,PTEN,22.254574,-0.03199433,6.6609444e+07,5.212564590632198,0.0016891779,-0.013851019,-0.015351018622517585,-0.017014016151428224
2011-06-10,SIRI,15.588997,-0.038461883,1.7550571e+08,5.212564590632198,-0.004999924,-0.020000247,-0.021500247284770013,-0.01657568359375
2011-06-10,NXPI,21.445375,-0.031050699,4.6615584e+07,5.212564590632198,0.007395171,0.043138944,0.04163894361257553,0.03398145294189453
2011-06-10,INCY,17.57,-0.032488994,3.4016964e+07,5.212564590632198,0.001707495,0.00113833,-0.00036167002841830257,-0.0020682706832885742
2011-06-13,PTEN,21.570396,-0.030743226,6.6173964e+07,5.212564590632198,0.01359392,0.0,-0.0015,-0.014911581516265869
2011-06-13,SIRI,14.887494,-0.044999868,1.7972216e+08,5.212564590632198,0.02094196,0.020942217,0.019442216739058493,-0.0014997615814208985
2011-06-13,BIDU,118.03,-0.030076453,1.1968111e+09,5.212564590632198,0.023553323,0.0068626413,0.00536264131218195,-0.01780663871765137
2011-06-13,VECO,51.03,-0.031321213,5.9928892e+07,5.212564590632198,0.015285177,0.0113659,0.009865899816155434,-0.005360235214233398
2011-08-01,INCY,16.6,-0.048165146,2.3677668e+07,8.14838409838191,-0.0054216958,-0.037951812,-0.03945181214809418,-0.03420745277404785
2011-08-02,BKNG,20.301552,-0.038117576,4.4882896e+08,1.4131642263947555,0.007717219,-0.06748726,-0.06898726218938828,-0.07612859153747559
2011-08-02,LULU,59.29,-0.046017706,1.9804317e+08,1.4131642263947555,0.005059862,-0.055658612,-0.05715861240029335,-0.06191282415390015
2011-08-02,BIIB,99.67,-0.031389732,1.8404371e+08,1.4131642263947555,-0.0016052577,-0.07143569,-0.07293568992614746,-0.07144271278381348
2011-08-02,IDCC,47.73367,-0.05825357,1.387676e+08,1.4131642263947555,0.05711105,0.06407208,0.06257207995653152,0.005085001945495606
2011-08-02,PSKY,19.98216,-0.03665719,1.9472714e+08,1.4131642263947555,0.017123427,-0.07876727,-0.08026726984977722,-0.09577642822265625
2011-08-02,APA,87.268974,-0.03256492,1.9675768e+08,1.4131642263947555,0.0015834217,-0.09031808,-0.09181807631254196,-0.09325622463226318
2011-08-02,EBAY,11.784171,-0.038461242,3.8088275e+08,1.4131642263947555,0.00062970404,-0.05385843,-0.055358429193496705,-0.055953790187835695
2011-08-02,BIDU,152.92,-0.03781536,1.3150266e+09,1.4131642263947555,0.0032043257,-0.058854304,-0.060354304254055025,-0.06336038255691528
2011-08-02,WYNN,101.57838,-0.04785681,2.3851435e+08,1.4131642263947555,0.00088545354,-0.03922937,-0.040729370653629304,-0.04157941484451294
2011-08-02,AMZN,10.585,-0.043466467,1.04248736e+09,1.4131642263947555,0.0059990934,-0.048275832,-0.04977583208680153,-0.055451263427734376
2011-08-04,AAPL,11.286998,-0.038719416,6.657986e+09,8.242054717193426,0.008135173,-0.06402234,-0.06552233988046646,-0.07307528400421143
2011-08-04,GOOGL,14.316222,-0.039340053,2.3873856e+09,8.242054717193426,0.008692451,-0.054543514,-0.05604351380467415,-0.06419103288650513
2011-08-04,BIDU,143.92,-0.055828873,1.3483835e+09,8.242054717193426,0.0137576135,-0.09359367,-0.09509367191791535,-0.10739438676834107
2011-08-04,SBUX,13.822515,-0.060590412,2.1749808e+08,8.242054717193426,0.007587783,-0.07395696,-0.07545695894956589,-0.08243065023422241
2011-08-04,AMZN,10.074,-0.040388625,1.1245755e+09,8.242054717193426,0.015832754,-0.038614247,-0.040114246994256975,-0.05509846353530884
2011-08-04,WYNN,97.59352,-0.07037923,2.5392592e+08,8.242054717193426,0.018785035,-0.10037557,-0.10187557035684586,-0.11846344614028931
2011-08-04,GOOG,14.249124,-0.039339945,2.3874895e+09,8.242054717193426,0.008692289,-0.05454369,-0.05604368889331818,-0.06419103288650513
2011-08-04,PSKY,18.40822,-0.09325873,2.1918238e+08,8.242054717193426,0.019826842,-0.11978458,-0.12128457868099213,-0.1383972659111023
2011-08-04,BKR,33.69108,-0.07560624,2.2090842e+08,8.242054717193426,0.020786207,-0.13270046,-0.13420045816898346,-0.15186118030548096
2011-08-04,BKNG,18.931456,-0.07400809,5.0781632e+08,8.242054717193426,0.11226035,0.044813402,0.043313401997089385,-0.062139560222625734
2011-08-05,LULU,53.57,-0.043222036,1.9920949e+08,6.851902169108811,-0.06664177,-0.058428247,-0.059928246527910234,0.0072999105453491215
2011-08-05,MLCO,9.996298,-0.030911706,1.1470979e+08,6.851902169108811,-0.08373204,-0.026315609,-0.027815608993172647,0.06116331672668457
2011-08-05,EZPW,29.86,-0.031462837,2.242257e+07,6.851902169108811,-0.090087086,-0.009042212,-0.010542211808264255,0.08756877040863037
2011-08-05,MSTR,12.84,-0.063047305,3.891723e+07,6.851902169108811,-0.026479762,-0.04026481,-0.041764811366796495,-0.015659977436065675
2011-08-08,BKNG,19.779839,-0.043216005,6.143501e+08,1.6257412765215236,0.011881008,-0.012277427,-0.01377742712944746,-0.025374759674072267
2011-08-08,MDLZ,15.955721,-0.033266436,2.1807286e+08,1.6257412765215236,0.00741591,-0.026995204,-0.028495204389095308,-0.03565775299072266
2011-08-08,BIDU,130.45,-0.07475713,1.4327571e+09,1.6257412765215236,0.026370276,0.07926406,0.07776405966281891,0.05003477191925049
2011-08-08,AMZN,9.685,-0.044400573,1.2465129e+09,1.6257412765215236,0.015487827,0.0022198898,0.0007198897786438465,-0.01456551694869995
2011-08-08,BIIB,88.0,-0.05559133,2.0340597e+08,1.6257412765215236,-0.012386322,-0.033750013,-0.035250012516975404,-0.023131598472595216
2011-08-08,AAPL,10.564378,-0.05462787,7.420236e+09,1.6257412765215236,0.022904336,0.029670993,0.028170992866158484,0.005115042686462403
2011-08-08,WYNN,87.797516,-0.092916824,2.713841e+08,1.6257412765215236,0.02111751,0.061224233,0.05972423335909843,0.037777195930480956
2011-08-08,ISRG,36.863335,-0.07474128,2.12402e+08,1.6257412765215236,0.020887872,-0.011363375,-0.01286337500065565,-0.03309135580062866
2011-08-08,LULU,48.76,-0.089789085,1.9750981e+08,1.6257412765215236,0.026661262,0.05270721,0.051207210183143614,0.02386952495574951
2011-08-08,IDCC,48.315125,-0.060499355,1.6079091e+08,1.6257412765215236,0.021726152,0.08987211,0.08837210690975189,0.0651968822479248
2011-08-18,BIDU,128.77,-0.066613525,1.7154012e+09,6.8540161122427605,-0.01910388,-0.016463483,-0.01796348275244236,0.0011918649673461914
2011-08-18,WYNN,94.08608,-0.07859089,2.8569366e+08,6.8540161122427605,-0.027426582,-0.04426506,-0.045765061616897584,-0.01881330156326294
2011-08-18,ISRG,37.15,-0.037869338,2.1103971e+08,6.8540161122427605,-0.014266556,-0.03858235,-0.040082351058721544,-0.02616768026351929
2011-08-18,IDCC,48.85129,-0.070011415,2.1197029e+08,6.8540161122427605,-0.036945283,-0.000772446,-0.0022724459865130484,0.036060582160949706
2011-08-18,LULU,48.0,-0.086931705,2.0010854e+08,6.8540161122427605,-0.020833334,-0.053124983,-0.05462498286366463,-0.034478713512420656
2011-08-18,AAPL,10.9484215,-0.037824485,7.9513114e+09,6.8540161122427605,-0.01059968,-0.026253344,-0.027753344491124154,-0.017321397304534913
2011-08-18,VOD,10.816524,-0.03445781,1.4398435e+08,6.8540161122427605,-0.022305077,-0.0063198144,-0.00781981436163187,0.014849911689758301
2011-08-18,MLCO,10.028183,-0.09038321,1.2651669e+08,6.8540161122427605,-0.050079733,-0.08187584,-0.08337583833932877,-0.034972418785095216
2011-08-18,CHKP,52.22,-0.07852474,1.6904435e+08,6.8540161122427605,-0.011298356,-0.02680968,-0.028309679344296457,-0.017188598155975343
2011-08-18,EXPE,35.775684,-0.06466094,1.1461979e+08,6.8540161122427605,-0.03105344,-0.009242213,-0.010742213331162929,0.02101017093658447
2011-08-19,CROX,23.33,-0.08185753,1.1290125e+08,4.3381394952619985,0.044149194,0.14144875,0.1399487510919571,0.09168554401397705
2011-08-19,JAZZ,34.4,-0.041248593,3.9518692e+07,4.3381394952619985,0.01918604,0.08488367,0.0833836675286293,0.0629608736038208
2011-08-19,LULU,46.0,-0.041666668,2.0288605e+08,4.3381394952619985,0.023043508,0.10043476,0.09893475776910782,0.07414806938171387
2011-08-19,MLCO,9.613662,-0.041335627,1.233171e+08,4.3381394952619985,0.045605667,0.050580643,0.049080643117427825,0.003258000373840332
2011-08-19,WYNN,90.862236,-0.03426486,2.905156e+08,4.3381394952619985,0.02923684,0.0517739,0.05027389830350876,0.020396958351135253
2011-09-22,LULU,54.23,-0.047091905,2.3131187e+08,3.337443673739557,-0.0110639585,0.026737982,0.025237982407212256,0.03672481632232666
2011-09-22,OLED,47.55927,-0.042633504,1.5518008e+08,3.337443673739557,-0.0011818846,0.01753721,0.01603721013665199,0.01724125003814697
2011-09-22,AMZN,11.1615,-0.037262272,1.3206459e+09,3.337443673739557,-0.012184714,0.029655542,0.028155542224645613,0.040856371879577635
2011-09-22,REGN,65.80898,-0.054780904,1.1635371e+08,3.337443673739557,-0.006172126,-0.032666046,-0.03416604617238045,-0.028158475399017335
2011-09-22,VRTX,49.31,-0.0727717,1.05292536e+08,3.337443673739557,-0.0066923914,-0.008720347,-0.010220346726477146,-0.0035415782928466797
2011-09-22,BKNG,19.802156,-0.048374712,6.535154e+08,3.337443673739557,-0.0050831083,0.015863463,0.014363463282585144,0.019553552627563475
2011-09-22,ISRG,40.95111,-0.03084488,1.769111e+08,3.337443673739557,-0.008302587,0.022248723,0.020748722612857817,0.029307137489318846
2011-09-22,WYNN,96.17531,-0.055635158,2.6540483e+08,3.337443673739557,-0.003956008,-0.016112627,-0.01761262746155262,-0.013704885482788086
2011-09-22,EXPE,35.243332,-0.05811495,1.0552376e+08,3.337443673739557,-0.006019703,0.06997771,0.06847770816087723,0.07495773887634277
2011-09-22,SBUX,14.514459,-0.032331217,2.2329885e+08,3.337443673739557,-0.009842299,0.022791859,0.02129185876250267,0.031458507537841796
2011-09-30,CROX,23.68,-0.07355239,6.743213e+07,6.216636166033894,-0.011402046,-0.016891876,-0.018391876235604288,-0.0070531263351440426
2011-09-30,CVLT,37.06,-0.033133328,2.3344e+07,6.216636166033894,-0.0010793555,-0.021316808,-0.022816807717084886,-0.021759320735931398
2011-09-30,INTC,14.618397,-0.03917166,9.3257094e+08,6.216636166033894,-0.007497798,-0.005623381,-0.0071233811192214485,0.00038851356506347653
2011-09-30,ULTA,61.541386,-0.058832474,7.892361e+07,6.216636166033894,-0.015748011,0.011248641,0.009748640716075898,0.025928507804870604
2011-09-30,LULU,48.69,-0.06203046,2.3473534e+08,6.216636166033894,-0.0141712595,-0.023002649,-0.02450264872610569,-0.010458339691162109
2011-09-30,TSCO,5.084691,-0.06852413,4.088795e+07,6.216636166033894,-0.008155865,0.009275585,0.007775585412979126,0.016074787139892577
2011-10-03,REGN,54.911808,-0.04759466,1.1129353e+08,2.7099203880670046,-0.007757523,0.06765297,0.06615297055244446,0.07450009441375732
2011-10-03,COO,18.429237,-0.064940035,4.2134476e+07,2.7099203880670046,-0.010134102,0.039048757,0.03754875740408897,0.048186431884765624
2011-10-03,FAST,5.5100684,-0.031550363,7.3449624e+07,2.7099203880670046,-0.011169361,0.058640897,0.05714089727401733,0.06909884071350098
2011-10-03,ISRG,38.75111,-0.042604614,1.5238531e+08,2.7099203880670046,-0.018809512,0.052299626,0.050799626171588896,0.07097233390808105
2011-10-03,JAZZ,37.35,-0.10000004,3.9965532e+07,2.7099203880670046,-0.032663923,0.08326642,0.08176642215251922,0.11834491348266601
2011-10-03,CROX,22.0,-0.070945956,6.913483e+07,2.7099203880670046,-0.004545472,0.105454534,0.10395453429222107,0.10900224304199219
2011-10-03,PPLI,6.277839,-0.042224918,4.1116556e+07,2.7099203880670046,-0.011088002,-0.0052799787,-0.006779978737235069,0.004373203277587891
2011-10-03,OLED,39.02204,-0.13141428,1.10273016e+08,2.7099203880670046,-0.009846526,0.08909697,0.08759697085618973,0.09842742538452148
2011-10-03,BIIB,88.96,-0.044981238,1.8074333e+08,2.7099203880670046,-0.0040467693,0.10959982,0.10809982126951218,0.11260844326019287
2011-10-03,MTCH,9.884515,-0.042225055,4.051785e+07,2.7099203880670046,-0.011087865,-0.0052799582,-0.006779958248138427,0.00437308406829834
2011-11-18,CVLT,45.67,-0.035480473,2.7220926e+07,7.852962966905778,-0.01992555,-0.01707902,-0.01857901991903782,0.0014044151306152343
2011-11-18,MELI,80.84942,-0.039838422,6.2877424e+07,7.852962966905778,-0.019122032,-0.013349508,-0.014849507935345172,0.004385004997253418
2011-11-18,STX,8.566633,-0.04474908,1.360118e+08,7.852962966905778,-0.00062464055,-0.0012492811,-0.0027492811074480415,-0.002125014305114746
2011-11-18,PSMT,54.49283,-0.04493892,2.0174002e+07,7.852962966905778,-0.020322062,-0.0021884544,-0.003688454382121563,0.017009745597839354
2011-11-18,OLED,45.16022,-0.054727595,8.706349e+07,7.852962966905778,-0.014318137,-0.11433891,-0.11583891206979752,-0.10297374868392944
2011-11-21,OLED,41.383602,-0.08362711,9.063515e+07,3.250529448227354,-0.0015852015,-0.07721942,-0.0787194191813469,-0.07725434446334839
2011-11-21,MTCH,10.45076,-0.032141093,4.308863e+07,3.250529448227354,-0.0034956695,-0.021473268,-0.022973268046975137,-0.019540657043457033
2011-11-21,PPLI,6.6568313,-0.032141175,4.3766228e+07,3.250529448227354,-0.0034956052,-0.021473045,-0.02297304452955723,-0.019540478229522706
2011-11-21,DPZ,24.795956,-0.0332305,2.303379e+07,3.250529448227354,-0.0022280389,-0.02132433,-0.02282432907819748,-0.02063893222808838
2011-11-21,FFIV,102.73,-0.032583095,2.4215819e+08,3.250529448227354,-0.0019468955,-0.03114966,-0.03264965930581093,-0.03075980091094971
2011-11-23,FFIV,99.53,-0.035000976,2.3604322e+08,5.907721158776923,-0.008339212,0.051542297,0.05004229700565338,0.05888510799407959
2011-11-23,STX,8.256286,-0.035021953,1.1313394e+08,5.907721158776923,-0.010369232,0.036293007,0.03479300743341446,0.04565120792388916
2011-11-23,BIIB,109.93,-0.031453744,2.404019e+08,5.907721158776923,-0.0093695875,0.010188326,0.008688326239585877,0.018242965698242186
2011-11-25,TSCO,5.5124583,-0.036583204,4.1777052e+07,4.03888112044703,0.032800935,0.034278817,0.03277881747484207,-6.90116882324219e-05
2011-11-25,JAZZ,35.77,-0.031410772,2.780214e+07,4.03888112044703,0.015096475,0.03214978,0.0306497805416584,0.01529980754852295
2011-12-14,RGLD,59.09136,-0.039891575,4.4537068e+07,7.908509480243211,0.0070667434,-0.011729102,-0.01322910165041685,-0.020163942813873292
2011-12-14,EQIX,72.018906,-0.03092646,4.3698056e+07,7.908509480243211,0.009045133,0.005284723,0.0037847228944301605,-0.005226720809936523
2011-12-14,ULTA,66.46628,-0.04828664,7.440238e+07,7.908509480243211,0.0089272475,-0.002975711,-0.004475710900500416,-0.013297606945037841
2011-12-14,FFIV,104.65,-0.04811716,1.848688e+08,7.908509480243211,0.015289044,0.001720022,0.0002200219444930553,-0.014864672660827636
2011-12-14,DPZ,26.12966,-0.051289756,2.2768308e+07,7.908509480243211,0.007852787,0.0057388362,0.0042388362474739556,-0.003597487449645996
2011-12-15,MELI,81.918976,-0.032610096,6.1943124e+07,6.607834050866941,0.003323466,-0.012225531,-0.013725531041622161,-0.016997446060180665
2012-03-06,ADBE,31.99,-0.03702593,1.26535304e+08,8.221027391071246,0.004376408,0.03313534,0.031635339617729186,0.027133594512939452
2012-03-06,REGN,103.23579,-0.041394603,1.5518614e+08,8.221027391071246,0.0033586521,0.019096065,0.017596065312623976,0.014184723854064942
2012-03-06,HST,8.517254,-0.030264033,7.39277e+07,8.221027391071246,-1.119697e-07,0.018592345,0.017092344596982,0.017092476844787596
2012-03-06,APA,75.36209,-0.03385384,2.366956e+08,8.221027391071246,0.0067759617,0.040557772,0.039057771921157836,0.03205443477630615
2012-03-06,JAZZ,48.72,-0.050847467,5.9269212e+07,8.221027391071246,0.003284069,0.005541881,0.004041881080716849,0.0007504329681396484
2012-03-06,CCEP,13.44109,-0.030259755,3.8608296e+07,8.221027391071246,0.000738541,0.002584929,0.0010849291123449802,0.00034512138366699216
2012-03-06,LULU,66.05,-0.04024988,1.0696897e+08,8.221027391071246,0.032702435,0.07403481,0.07253481006622314,0.038523446083068846
2012-03-06,MLCO,9.613662,-0.07087826,7.0169224e+07,8.221027391071246,0.029022023,0.093698375,0.09219837492704391,0.06135226345062256
2012-03-06,MELI,90.564224,-0.045934446,6.344444e+07,8.221027391071246,0.017195074,0.02342821,0.021928209125995635,0.004627715110778809
2012-03-06,WDC,22.474993,-0.032492474,1.08704056e+08,8.221027391071246,0.0045674546,0.047286138,0.04578613793849945,0.04102445697784424
2012-04-10,PSKY,24.0756,-0.03810734,1.8700605e+08,8.086344366710165,0.016294174,0.028115163,0.02661516262590885,0.010131488800048829
2012-04-10,ROST,24.82789,-0.033952538,1.1439067e+08,8.086344366710165,0.005945088,0.032523096,0.031023095607757567,0.0249209508895874
2012-04-10,LULU,71.44,-0.059628785,1.7622154e+08,8.086344366710165,0.016517362,0.023656141,0.022156141012907027,0.005522738456726075
2012-04-10,BKNG,29.033663,-0.0307159,7.75456e+08,8.086344366710165,0.012977926,0.001200762,-0.0002992380047217012,-0.013126303195953369
2012-04-10,EQIX,109.78872,-0.037908934,1.29766536e+08,8.086344366710165,0.010734299,0.040336195,0.03883619537949562,0.027787576675415038
2012-04-10,REGN,115.92603,-0.0339305,9.671099e+07,8.086344366710165,0.012391,0.05110224,0.04960223963856697,0.03673745250701904
2012-04-10,FFIV,128.3,-0.0344672,1.5558934e+08,8.086344366710165,-0.042088866,-0.032346074,-0.03384607353806496,0.008670936584472657
2012-04-10,WDC,23.109024,-0.03577708,1.4149728e+08,8.086344366710165,0.009929279,0.024039881,0.02253988130390644,0.012471805572509766
2012-04-10,STX,13.851625,-0.03281765,1.4591029e+08,8.086344366710165,0.014430876,0.05265207,0.05115206843614578,0.03617752647399902
2012-04-10,URBN,28.51,-0.03290364,1.3363549e+08,8.086344366710165,0.006664347,0.017186943,0.01568694344162941,0.008952985763549805
2012-04-23,WMT,14.960263,-0.04659715,4.207687e+08,8.782062298188123,-0.0047027557,-0.036613565,-0.03811356493830681,-0.033561636447906495
2012-04-23,AMD,7.39,-0.047680456,1.2116458e+08,8.782062298188123,0.006765926,0.0,-0.0015,-0.008220483303070068
2012-04-23,FAST,7.9879155,-0.03816662,9.5118776e+07,8.782062298188123,-0.0012938255,0.017252937,0.01575293695926666,0.017070780754089354
2012-04-23,SWKS,18.242159,-0.043888684,9.206028e+07,8.782062298188123,-0.00085757795,0.08193968,0.0804396823644638,0.08136833763122558
2012-04-23,VIAV,6.98521,-0.05173746,7.440948e+07,8.782062298188123,0.0016287066,0.028501648,0.02700164845585823,0.025329123497009276
2012-04-23,MLCO,11.94932,-0.037869107,8.217499e+07,8.782062298188123,0.0040029464,0.052701686,0.051201685577630995,0.04700459098815918
2012-04-23,BIDU,139.66,-0.036229383,7.695866e+08,8.782062298188123,-0.002577693,-0.034655564,-0.03615556353330612,-0.03366075897216797
2012-04-23,SIRI,16.68023,-0.040358573,1.044207e+08,8.782062298188123,0.014018248,0.03271001,0.031210008323192595,0.016933213233947753
2012-04-23,ADSK,39.03,-0.034388904,1.1085246e+08,8.782062298188123,0.004868113,0.0061491593,0.004649159278720618,-0.00022517585754394534
2012-04-23,CHKP,60.76,-0.05136619,1.0670625e+08,8.782062298188123,0.00016461713,-0.014647785,-0.016147784642875196,-0.01630996608734131
2012-04-24,CVLT,50.0,-0.058380388,2.5991584e+07,5.231086076920434,0.019000016,0.040999986,0.039499986231327056,0.02008975601196289
2012-04-24,ULTA,87.15,-0.06821338,5.617448e+07,5.231086076920434,0.0059666852,0.027309205,0.02580920538306236,0.01971591567993164
2012-04-24,LULU,70.18,-0.049309123,1.361419e+08,5.231086076920434,0.0149615705,0.046166968,0.04466696760058403,0.02924538707733154
2012-04-24,ZION,14.626395,-0.036040183,5.198384e+07,5.231086076920434,0.009970146,0.017945949,0.016445948988199233,0.006397138595581055
2012-04-24,CROX,21.49,-0.03761756,3.7468604e+07,5.231086076920434,0.020474665,-0.057235904,-0.058735904037952424,-0.07765137100219727
2012-04-24,PSMT,66.47409,-0.04309855,2.1218826e+07,5.231086076920434,0.013640592,0.021747774,0.020247773513197898,0.006498108863830567
2012-05-04,CSCO,12.486134,-0.030425422,4.7290064e+08,4.384420642017716,-0.005229953,-0.021443695,-0.022943694829940797,-0.01779900932312012
2012-05-04,ULTA,87.49,-0.03698405,5.6742564e+07,4.384420642017716,-0.006172145,-0.028460372,-0.029960372239351274,-0.02392666482925415
2012-05-04,ADSK,37.46,-0.037512824,9.359971e+07,4.384420642017716,-0.0072077005,-0.02269083,-0.024190830752253534,-0.01709555530548096
2012-05-04,FAST,7.6569033,-0.0327579,1.007367e+08,4.384420642017716,-0.0067733903,-0.010160926,-0.011660925798118114,-0.0049106373786926266
2012-05-04,MLCO,11.080422,-0.058265913,8.921061e+07,4.384420642017716,-0.014388228,0.0064750984,0.0049750984311103825,0.019667874336242674
2012-05-04,FFIV,131.9,-0.031784497,2.430209e+08,4.384420642017716,-0.006823305,-0.022971941,-0.02447194115817547,-0.01775955104827881
2012-05-04,WBD,27.307102,-0.03065484,8.641735e+07,4.384420642017716,0.0,-0.04940117,-0.050901171505451204,-0.05090116405487061
2012-05-04,AMD,7.18,-0.03103914,1.3047491e+08,4.384420642017716,-0.0069637485,-0.020891313,-0.022391312509775163,-0.01552527093887329
2012-05-04,LULU,77.7,-0.032378655,1.455856e+08,4.384420642017716,-0.009395055,-0.035649896,-0.037149895668029786,-0.028003860950469972
2012-05-04,TRMB,25.8,-0.030439734,3.9557692e+07,4.384420642017716,-0.0067829164,-0.0007751376,-0.002275137625169009,0.004548798561096192
2012-05-07,MELI,87.32907,-0.034783363,4.5434696e+07,9.479805915535096,-0.013723009,-0.14001997,-0.1415199681520462,-0.1295542016029358
2012-05-07,PSMT,65.44762,-0.060766004,2.263584e+07,9.479805915535096,-0.013593174,0.0075804787,0.006080478675663472,0.019965539932250975
2012-05-08,NTES,8.852248,-0.041444756,2.8838738e+07,6.6460768375101935,-0.014585572,-0.027261263,-0.02876126275956631,-0.014363337993621826
2012-05-08,LULU,74.93,-0.030408883,1.5629552e+08,6.6460768375101935,-0.023355132,-0.019084483,-0.02058448338508606,0.0028728351593017578
2012-05-08,WBD,25.9581,-0.060650893,9.533544e+07,6.6460768375101935,-0.007874047,-0.000393695,-0.0018936949942726642,0.006039749145507813
2012-05-08,MNST,5.4575,-0.030639455,1.6400208e+08,6.6460768375101935,-0.0074819964,0.08673072,0.0852307186126709,0.09342290019989014
2012-05-08,TITN,33.47,-0.036279824,3.0833764e+07,6.6460768375101935,-0.015237589,0.0068718116,0.005371811579912901,0.020951519966125487
2012-05-09,VRTX,60.35,-0.05938287,2.576149e+08,4.436192171133456,-0.020215368,0.027671948,0.026171948075294493,0.04737533187866211
2012-05-09,CAR,15.1637125,-0.03389828,3.2123864e+07,4.436192171133456,0.012531332,0.008145378,0.006645377971231938,-0.0058316483497619625
2012-05-10,ZG,12.909261,-0.03966599,2.3729214e+07,3.0972882922180673,-0.011111053,0.009420345,0.007920344606041909,0.019262205123901366
2012-05-10,FFIV,124.08,-0.041038703,2.3778925e+08,3.0972882922180673,-0.0087040765,0.011685984,0.010185984209179879,0.0190690860748291
2012-05-10,BKNG,26.67771,-0.052632183,1.01397696e+09,3.0972882922180673,-0.014124028,-0.026324673,-0.027824672624468805,-0.013875473976135254
2012-05-14,CAR,14.679157,-0.039776307,3.485526e+07,0.4679874602023233,0.027184462,-0.050485402,-0.05198540234565735,-0.077114333152771
2012-05-14,LQDT,62.69,-0.030766878,3.0236344e+07,0.4679874602023233,-0.008294791,-0.014515869,-0.016015869319438936,-0.007773090839385986
2012-05-14,PSKY,24.437115,-0.03140262,2.0481232e+08,0.4679874602023233,-0.0018882952,0.000314937,-0.0011850629977416247,0.0007073984146118164
2012-05-14,MLCO,10.362987,-0.0953378,9.953795e+07,0.4679874602023233,0.013846287,-0.047692243,-0.04919224300980568,-0.06219809198379517
2012-05-14,JAZZ,47.87,-0.05113978,4.2013012e+07,0.4679874602023233,-0.0056402856,-0.055984966,-0.05748496645689011,-0.05213027143478394
2012-05-14,SIRI,15.744886,-0.051642995,1.09419096e+08,0.4679874602023233,1.8171124e-07,-0.029703187,-0.031203186824917795,-0.03120343828201294
2012-05-14,DPZ,27.765059,-0.032392535,4.455359e+07,0.4679874602023233,0.0015357679,-0.02487709,-0.026377090007066728,-0.027872313499450685
2012-05-14,AKAM,29.66,-0.048444025,1.5961082e+08,0.4679874602023233,0.016183397,-0.016520558,-0.018020557925105096,-0.03368311071395874
2012-05-14,ZION,14.210783,-0.031312775,4.5943896e+07,0.4679874602023233,-0.000512513,-0.03488927,-0.03638926962018013,-0.03589438343048096
2012-05-15,JAZZ,45.22,-0.055358216,4.3785932e+07,0.294450372271001,0.0046439427,-0.045997385,-0.04749738493561745,-0.051907230854034425
2012-05-16,STX,16.47595,-0.03417443,2.246474e+08,0.11691305071852298,-0.0023142705,-0.11011916,-0.11161915653944016,-0.10955493593215943
2012-05-16,VECO,34.31,-0.049847666,5.4182988e+07,0.11691305071852298,0.0043718363,-0.020985171,-0.02248517119884491,-0.026746679782867433
2012-05-16,NXPI,18.951935,-0.06274512,3.2281922e+07,0.11691305071852298,-0.0069736415,-0.08647167,-0.08797166937589646,-0.08155630970001221
2012-05-16,WDC,23.326412,-0.033283222,1.9845133e+08,0.11691305071852298,0.0020707687,-0.102770224,-0.10427022421360016,-0.10612433099746704
2012-05-16,QCOM,40.38176,-0.037922665,6.03342e+08,0.11691305071852298,0.0025375418,-0.052952267,-0.05445226722955704,-0.05684934997558594
2012-05-16,AVT,24.293926,-0.03392866,3.2195168e+07,0.11691305071852298,0.0021950984,-0.049545363,-0.05104536259174347,-0.053127159118652345
2012-05-16,CAR,13.938074,-0.04117643,3.703212e+07,0.11691305071852298,0.0034083172,-0.07361966,-0.07511966371536255,-0.07826631212234497
2012-05-16,FFIV,118.26,-0.045366444,2.3453096e+08,0.11691305071852298,0.00076100405,-0.046930518,-0.04843051800131798,-0.04915528440475464
2012-05-16,MLCO,9.8687525,-0.032812532,1.0232613e+08,0.11691305071852298,0.008077493,-0.025848323,-0.027348323479294778,-0.035153974533081056
2012-05-17,ORLY,6.288,-0.07484065,1.3464635e+08,0.024718379436279747,0.006891389,0.01526713,0.013767129987478257,0.006818424224853516
2012-05-17,REGN,124.564514,-0.04103117,1.251561e+08,0.024718379436279747,0.0055671246,0.0034197508,0.0019197508357465267,-0.00363545560836792
2012-05-17,EXPE,37.26055,-0.04440851,2.0068117e+08,0.024718379436279747,0.00608254,0.030413827,0.028913826927542685,0.022684226989746092
2012-05-17,STX,15.62056,-0.051917523,2.1187883e+08,0.024718379436279747,-0.00069819647,-0.028601572,-0.030101571917533876,-0.029422868728637697
2012-05-17,QCOM,39.049587,-0.032989457,6.0026605e+08,0.024718379436279747,0.005248415,0.0010496634,-0.0004503365941345692,-0.005676855087280273
2012-05-17,WDC,22.384415,-0.0403833,1.925177e+08,0.024718379436279747,0.0024276832,-0.029943302,-0.031443302273750307,-0.033792604446411134
2012-05-17,ISRG,57.676666,-0.033675898,1.6817054e+08,0.024718379436279747,0.00017341737,0.0153730335,0.013873033471405507,0.013696919441223145
2012-05-17,LULU,66.97,-0.055829678,1.6126272e+08,0.024718379436279747,0.011497635,0.031954598,0.030454597681760787,0.01872445201873779
2012-05-17,EQIX,112.021225,-0.045825858,1.482363e+08,0.024718379436279747,0.0032670777,0.026463943,0.0249639426022768,0.021621356964111327
2012-05-17,PSKY,23.091043,-0.055380564,2.157424e+08,0.024718379436279747,0.0063289064,0.04930013,0.04780013045668602,0.04120088672637939
2012-05-18,WDC,20.929152,-0.065012336,1.9212538e+08,0.012684756224018656,0.011829413,-0.0043274784,-0.005827478352934122,-0.0174679651260376
2012-05-18,UAL,20.93,-0.044292208,1.251112e+08,0.012684756224018656,0.008122316,0.04300046,0.041500459671020506,0.033097158432006835
2012-05-18,GOOGL,14.883399,-0.036353413,1.4807953e+09,0.012684756224018656,0.00018319437,0.0006662662,-0.0008337338091805578,-0.0010170831680297852
2012-05-18,SWKS,18.336073,-0.043673426,1.1849769e+08,0.012684756224018656,0.005975732,0.0896288,0.08812880074977875,0.08165622806549072
2012-05-18,TSCO,7.5079246,-0.035287023,6.986172e+07,0.012684756224018656,-0.0005442273,0.053560376,0.05206037616729736,0.05263413047790527
2012-05-18,REGN,119.10603,-0.04382051,1.281211e+08,0.012684756224018656,0.0013306886,0.048573464,0.04707346415519714,0.0456799373626709
2012-05-18,FFIV,112.71,-0.032283008,1.9974514e+08,0.012684756224018656,-0.005944443,0.03398103,0.03248102894425392,0.03866423225402832
2012-05-18,EQIX,108.193,-0.034174096,1.5381136e+08,0.012684756224018656,0.0025034777,0.05182344,0.050323440939188,0.047696839332580565
2012-05-18,STX,14.661633,-0.061388783,2.1384997e+08,0.012684756224018656,-0.0007428855,-0.02043784,-0.02193784037232399,-0.02120958709716797
2012-05-18,GOOG,14.813638,-0.036353447,1.4808599e+09,0.012684756224018656,0.0001834133,0.0006663137,-0.0008336863117292524,-0.0010173215866088867
2012-06-01,STX,11.844816,-0.07212968,2.0344843e+08,5.241926152440342,0.005979699,0.039558575,0.03805857455730438,0.03187931632995605
2012-06-01,LULU,69.3,-0.045980126,1.684997e+08,5.241926152440342,-0.002308855,0.019624827,0.018124827429652213,0.020484457969665526
2012-06-01,HON,37.80795,-0.030901724,1.5716394e+08,5.241926152440342,-0.0033372592,-0.012050597,-0.013550596997141838,-0.010242451667785644
2012-06-01,PSKY,23.329485,-0.04981223,1.9682246e+08,5.241926152440342,0.003956712,0.037586473,0.036086472928524016,0.031997214317321776
2012-06-01,SBUX,19.811247,-0.049918003,3.367114e+08,5.241926152440342,-0.0028763434,0.0049857516,0.003485751584172249,0.006384860038757325
2012-06-01,REGN,122.77143,-0.08639872,1.3750181e+08,5.241926152440342,-0.010328304,0.04131384,0.03981383821368217,0.05068112468719482
2012-06-01,EQIX,113.64623,-0.048126798,1.4546171e+08,5.241926152440342,-0.00090206397,0.020094873,0.01859487338364124,0.01951588249206543
2012-06-01,ISRG,55.89,-0.03840568,1.5480426e+08,5.241926152440342,0.0,0.038508173,0.03700817307829857,0.037008176803588866
2012-06-01,BIIB,126.73,-0.030745672,1.6870606e+08,5.241926152440342,-0.002209472,0.044977427,0.04347742652893066,0.04579139804840088
2012-06-01,UAL,24.36,-0.032181147,1.23211304e+08,5.241926152440342,-0.009441767,-0.04433497,-0.04583497041463852,-0.03672574901580811
2012-07-10,PENN,9.633733,-0.033567633,2.6655408e+07,7.975431465900456,-0.0007040398,-0.026754307,-0.02825430662930012,-0.02756862783432007
2012-07-10,CRUS,25.93,-0.0866502,6.723462e+07,7.975431465900456,0.0030852265,0.0030852265,0.0015852265190333128,-0.0015
2012-07-10,ISRG,59.085556,-0.035582803,1.5233579e+08,7.975431465900456,0.0015796449,0.0053030155,0.0038030154667794704,0.0022175416946411133
2012-07-10,NXPI,18.643555,-0.04383208,2.3131446e+07,7.975431465900456,-0.0037808227,-0.04442344,-0.045923438608646394,-0.04229687595367432
2012-07-10,EXPE,41.53158,-0.036865335,1.598968e+08,7.975431465900456,0.0028431409,-0.036308143,-0.03780814328789711,-0.040540327072143556
2012-07-10,SWKS,20.175163,-0.03264513,7.433982e+07,7.975431465900456,0.0019397602,0.020946536,0.01944653621315956,0.01746989345550537
2012-07-10,ALGN,33.59,-0.030311758,4.4009856e+07,7.975431465900456,-0.0020839444,-0.059839245,-0.061339244931936265,-0.05937593126296997
2012-07-10,CAR,14.232607,-0.03603607,2.243182e+07,7.975431465900456,0.0060079857,-0.0020026842,-0.0035026841666549445,-0.009462822914123535
2012-07-10,RGLD,62.99401,-0.03650369,6.597457e+07,7.975431465900456,-0.0034688583,-0.018410329,-0.019910328775644304,-0.016493488788604738
2012-07-11,INCY,24.39,-0.050972816,4.463976e+07,4.647412148722282,-0.0036900432,0.04428044,0.04278043961524963,0.04664815521240234
2012-07-12,MAR,30.678755,-0.06442248,1.02729944e+08,1.9309200176908803,0.0008429232,0.015177031,0.013677031047642231,0.012822042465209961
2012-07-12,EXPE,40.023647,-0.033983793,1.5714802e+08,1.9309200176908803,0.00567425,0.026327591,0.024827591389417647,0.01903678035736084
2012-07-12,ALGN,31.58,-0.036313716,4.5446984e+07,1.9309200176908803,0.008233066,-0.01899938,-0.0204993791282177,-0.028510083198547365
2012-07-12,UAL,23.78,-0.04074224,1.0681155e+08,1.9309200176908803,0.0,0.018923417,0.01742341673374176,0.017423401832580565
2012-07-12,HST,8.559536,-0.03161326,5.629606e+07,1.9309200176908803,0.0026647507,0.024650475,0.02315047501027584,0.02042723751068115
2012-07-25,BKNG,24.716566,-0.051894628,5.469692e+08,7.590382061789867,0.012471487,0.08390915,0.08240914648771286,0.06905771350860596
2012-07-25,AAL,10.511566,-0.03796386,1.1970351e+08,7.590382061789867,0.014350071,0.017937474,0.016437473952770232,0.0020365819931030273
2012-07-25,AAPL,17.197142,-0.043184016,7.188778e+09,7.590382061789867,0.008330732,0.017722435,0.016222435295581816,0.007814179420471192
2012-07-25,EXPE,40.19625,-0.04468878,1.241765e+08,7.590382061789867,0.018983021,0.24067794,0.23917793786525726,0.21606494045257568
2012-07-25,TRIP,32.17399,-0.16770194,7.81577e+07,7.590382061789867,0.01630738,-0.021282472,-0.022782471716403963,-0.03848670864105225
2012-08-30,WDC,25.421741,-0.032183707,1.2330975e+08,6.120029300222228,0.0054629566,0.005225717,0.0037257170900702476,-0.001736034393310547
2012-08-30,VECO,33.87,-0.033941884,2.7916192e+07,6.120029300222228,0.009152683,0.02391501,0.022415009573101996,0.01312852954864502
2012-08-30,STX,17.720657,-0.04108381,1.8864258e+08,6.120029300222228,0.010245483,0.0058987844,0.004398784380406142,-0.0058025016784667965
2012-08-30,SSYS,65.5,-0.054014992,3.3226476e+07,6.120029300222228,0.016030582,0.008396993,0.006896993391215802,-0.009013105869293212
2012-09-25,CRUS,38.66,-0.037829775,1.12738376e+08,2.008070238167832,-0.0051733255,0.026642494,0.02514249390363693,0.03048122978210449
2012-09-25,ZION,14.838847,-0.03282578,2.7520526e+07,2.008070238167832,0.00049159175,0.0147565575,0.013256557531654835,0.012757907867431641
2012-09-25,GT,10.839541,-0.047730744,5.6266092e+07,2.008070238167832,-0.0032868844,0.023829142,0.02232914163172245,0.025705467224121092
2012-09-25,VRTX,56.26,-0.04189378,8.464343e+07,2.008070238167832,-0.0023106516,-0.010664744,-0.012164744302630424,-0.009873498916625976
2012-09-25,NXPI,21.322021,-0.047993917,4.3893828e+07,2.008070238167832,0.0061985636,0.048347242,0.046847242176532744,0.04038907146453857
2012-09-25,IPGP,57.04,-0.03207194,3.0315686e+07,2.008070238167832,-0.0014025567,0.01174611,0.010246110394597054,0.011667142868041993
2012-09-25,ZG,12.924852,-0.066651605,6.818856e+07,2.008070238167832,-0.013269026,0.01375144,0.01225143975019455,0.02588380432128906
2012-09-25,VIAV,7.01934,-0.032915358,6.031707e+07,2.008070238167832,0.0,0.034035653,0.03253565287590027,0.032535682678222655
2012-09-25,LQDT,50.28,-0.054176092,3.0703978e+07,2.008070238167832,-0.0035799583,-0.0055687907,-0.007068790715187788,-0.003495980739593506
2012-09-26,FTNT,5.004,-0.032108296,5.2689336e+07,1.0464257817847908,0.0031974008,-0.035971284,-0.03747128391265869,-0.04054390335083008
2012-09-26,JAZZ,54.79,-0.032662403,5.8593704e+07,1.0464257817847908,0.03814565,0.04033581,0.03883581167459488,0.0006096467971801758
2012-09-26,SSYS,54.48,-0.037965767,5.215368e+07,1.0464257817847908,0.0033039704,-0.0014683924,-0.0029683924382552505,-0.006256689071655273
2012-10-09,IDXX,47.865,-0.031954657,2.7445862e+07,4.287241895528524,0.0019846945,0.012221854,0.01072185418009758,0.008716832160949707
2012-10-09,SWBI,6.35859,-0.03346077,2.0525842e+07,4.287241895528524,0.0029674696,0.01285856,0.01135856030881405,0.008361826896667481
2012-10-09,LULU,72.79,-0.034615394,1.4604712e+08,4.287241895528524,0.0024728712,-0.0012364881,-0.0027364881113171578,-0.005200196743011474
2012-10-09,AKAM,38.36,-0.03131308,9.322014e+07,4.287241895528524,-0.003910363,-0.012252378,-0.013752378277480602,-0.00987475061416626
2012-10-09,AMZN,12.548,-0.031266868,7.606635e+08,4.287241895528524,0.00414409,-0.02685686,-0.028356860145926477,-0.032373000621795656
2012-10-09,EBAY,17.154783,-0.035475735,4.173189e+08,4.287241895528524,0.0038942425,0.027477285,0.025977284893393515,0.021991621017456053
2012-10-09,PSKY,26.98923,-0.037016805,2.3512846e+08,4.287241895528524,-0.0008606282,-0.029546726,-0.031046726495027543,-0.03021084213256836
2012-10-10,EQIX,140.14366,-0.033372466,1.5935552e+08,2.9934250110804186,0.01060248,-0.0066333823,-0.00813338229060173,-0.018555034637451173
2012-10-10,NXPI,20.440952,-0.051512502,4.2826296e+07,2.9934250110804186,0.025861844,-0.053448528,-0.054948528051376344,-0.07881103897094727
2012-10-10,ALKS,19.3,-0.03548231,2.0161734e+07,2.9934250110804186,0.0046632206,-0.0041450737,-0.00564507370442152,-0.010267426013946533
2012-10-10,TMUS,18.96994,-0.03756992,1.8827013e+08,2.9934250110804186,-0.08637893,-0.013289245,-0.014789244845509529,0.07849992370605469
2012-10-10,SRPT,31.71,-0.04860494,1.186486e+08,2.9934250110804186,0.015137167,-0.1450646,-0.1465646072626114,-0.1593129529953003
2012-10-11,ROST,27.10429,-0.031318102,1.17925944e+08,2.180490714545556,0.0012868695,0.0017695423,0.00026954234484583136,-0.0010179176330566407
2012-10-11,RGLD,76.92716,-0.040520716,8.196926e+07,2.180490714545556,0.0,-0.034792136,-0.036292136400938035,-0.03629212522506714
2012-10-11,TMUS,18.339706,-0.03322276,2.1408e+08,2.180490714545556,0.010309207,-0.02663238,-0.02813237974047661,-0.038064648151397706
2012-10-11,SRPT,30.73,-0.030905064,1.2059103e+08,2.180490714545556,0.0,-0.10966479,-0.11116479033231735,-0.11116479778289795
2012-10-11,COST,71.876175,-0.03190227,1.5946714e+08,2.180490714545556,-0.0026443182,-0.018409176,-0.01990917579829693,-0.017306674957275392
2012-10-12,TCBI,47.04801,-0.06381291,2.4410886e+07,2.023593924972431,-0.0088907685,0.0042336415,0.0027336415499448776,0.011742125511169434
2012-10-12,SRPT,27.11,-0.11780016,1.24138696e+08,2.023593924972431,0.06233857,0.03836219,0.03686219012737274,-0.024069477558135988
2012-10-12,VRTX,53.53,-0.05889596,1.3237595e+08,2.023593924972431,0.0014945233,-0.0044834274,-0.005983427386730909,-0.007468987941741943
2012-10-12,ZG,11.393826,-0.033844534,6.4822764e+07,2.023593924972431,0.017515015,0.050355848,0.04885584792494774,0.03077543830871582
2012-10-12,RGLD,74.570526,-0.030634642,8.358599e+07,2.023593924972431,-0.003611685,0.015237094,0.013737093903124333,0.017417083740234374
2012-10-19,SRPT,24.41,-0.07990956,1.3844264e+08,6.872432547181106,0.011470737,-0.04424416,-0.045744159013032915,-0.05658309602737427
2012-10-19,EXPE,47.444756,-0.040162306,1.33850136e+08,6.872432547181106,0.0024954656,0.030518379,0.029018379062414168,0.026453267097473143
2012-10-19,CCEP,15.664809,-0.032257963,3.0944532e+07,6.872432547181106,-0.010256462,-0.000641006,-0.0021410059868358076,0.00821508026123047
2012-10-19,VRTX,50.24,-0.04541135,1.546271e+08,6.872432547181106,-0.0007961965,-0.012141732,-0.013641731567680835,-0.012854565620422363
2012-10-19,FSLR,23.54,-0.06364354,1.5251816e+08,6.872432547181106,0.010620221,-0.009770664,-0.011270664386451244,-0.02167664909362793
2012-10-19,JAZZ,55.37,-0.036540844,3.5831172e+07,6.872432547181106,-0.004876295,0.0043345075,0.0028345075100660324,0.00775588607788086
2012-10-19,AAPL,18.318396,-0.036039777,1.0825426e+10,6.872432547181106,0.004231207,0.0057723173,0.004272317294031382,3.470039367675778e-05
2012-10-19,MAR,32.472553,-0.034970354,1.08819736e+08,6.872432547181106,-2.3494901e-07,-0.017053364,-0.018553363844752313,-0.01855312728881836
2012-10-19,MELI,83.27698,-0.036186878,4.8884176e+07,6.872432547181106,0.013023486,0.0031679445,0.0016679444946348667,-0.011228789329528808
2012-10-19,LULU,69.03,-0.0752847,1.2059143e+08,6.872432547181106,-0.002752462,-0.0026075663,-0.004107566304504871,-0.0013546838760375977
2012-11-08,LULU,68.41,-0.033210833,1.0547424e+08,5.853408062411276,-0.002923616,0.011986546,0.010486546218395234,0.013453851699829102
2012-11-08,CRUS,30.82,-0.039875355,1.25799976e+08,5.853408062411276,-0.008111616,0.0009734162,-0.0005265837986953557,0.007659326553344727
2012-11-08,NWL,12.083173,-0.03325391,3.9057436e+07,5.853408062411276,-0.003931295,0.006879569,0.005379569031298161,0.00935352897644043
2012-11-14,LBTYA,11.920259,-0.03616571,7.1873016e+07,3.656499383189754,-0.0074681793,0.025318703,0.023818702682852744,0.03153360939025879
2012-11-14,JAZZ,50.58,-0.045480274,2.4909462e+07,3.656499383189754,0.0031633026,0.022736214,0.021236214101314543,0.018011103630065917
2012-11-14,SRPT,25.28,-0.058823526,5.3448212e+07,3.656499383189754,0.008702504,0.021756299,0.020256298840045928,0.011441122055053711
2012-11-14,AAL,11.322324,-0.046068396,6.91018e+07,3.656499383189754,0.0016652184,-0.020815734,-0.022315733820199968,-0.023943592548370363
2012-11-14,STLD,9.438008,-0.030511577,2.7761926e+07,3.656499383189754,-0.0007865432,-0.025176758,-0.026676757946610452,-0.02590941333770752
2012-11-14,SIRI,21.045147,-0.032257672,1.7915714e+08,3.656499383189754,0.0037035567,-0.0037037379,-0.005203737864270806,-0.00887994909286499
2012-11-14,MLCO,11.000709,-0.040333822,4.7311836e+07,3.656499383189754,0.0,0.0021739772,0.000673977205529809,0.0006740198135375976
2012-11-14,FSLR,23.45,-0.03893438,1.15045496e+08,3.656499383189754,0.004264327,0.0038379594,0.002337959375232458,-0.0019246234893798828
2012-11-14,SWBI,6.138461,-0.06692154,2.0273592e+07,3.656499383189754,7.768024e-08,-0.03381149,-0.03531149098277092,-0.035311628818511964
2012-11-15,SWBI,5.83028,-0.050204974,2.0675238e+07,2.658047405124023,-0.0010787616,0.084142424,0.08264242416620254,0.08381332015991211
2012-11-15,URBN,34.82,-0.03838717,6.3746544e+07,2.658047405124023,0.0011487914,0.064618036,0.06311803615093231,0.06189633464813232
2012-11-15,RGLD,67.61848,-0.059140395,7.297049e+07,2.658047405124023,0.0070950906,0.04020427,0.03870427167415619,0.031375895500183104
2012-11-15,REGN,141.1381,-0.034429155,1.2071033e+08,2.658047405124023,0.003790315,0.12613201,0.12463201141357422,0.12037981605529785
2012-11-15,WMT,17.47805,-0.0363205,4.1866906e+08,2.658047405124023,-0.0018911922,0.004366002,0.002866002045571804,0.0047690973281860356
2012-12-05,PENN,11.123672,-0.032258105,7.98115e+07,5.763692703678203,0.0010162882,0.0054878187,0.003987818736582995,0.002967010498046875
2012-12-05,SRPT,27.58,-0.05450806,4.6216732e+07,5.763692703678203,-0.01957937,-0.081943445,-0.08344344490766525,-0.0651095404624939
2012-12-26,SSYS,77.36,-0.041981418,5.5579224e+07,5.166690987139702,-0.00077556306,0.0069803633,0.00548036327958107,0.006261955261230469
2012-12-26,AMZN,12.4315,-0.038628053,8.0398426e+08,5.166690987139702,-0.0014077848,-0.013876089,-0.01537608889490366,-0.013985861778259277
2012-12-26,LULU,73.38,-0.031415056,1.7978906e+08,5.166690987139702,0.009266835,0.012673758,0.0111737579703331,0.0018756494522094726
2012-12-28,SRPT,23.79,-0.030562347,3.4192576e+07,1.2759722179248456,0.0,0.1029844,0.10148439860343933,0.10148442840576172
2013-02-21,BMRN,53.27,-0.034438968,5.890023e+07,9.473761960347261,0.0015017461,0.036042765,0.03454276478290558,0.03298927402496338
2013-02-21,SSYS,66.15,-0.031620495,7.1377064e+07,9.473761960347261,0.006046886,-0.035525355,-0.037025355488061906,-0.04282241010665894
2013-02-21,BPOP,20.348421,-0.03840743,2.4506028e+07,9.473761960347261,0.007328724,0.0003661269,-0.001133873114362359,-0.008411993026733398
2013-02-21,HST,9.470468,-0.03523206,8.419114e+07,9.473761960347261,0.007912085,0.004260307,0.002760307177901268,-0.005123068332672119
2013-02-21,TRMB,29.51,-0.031982955,4.9223276e+07,9.473761960347261,0.006946795,-0.021687543,-0.023187543019652368,-0.02993683958053589
2013-02-21,SNY,27.19397,-0.031115737,6.3259776e+07,9.473761960347261,0.006549759,-0.01373322,-0.015233220286667347,-0.021650959491729738
2013-02-21,ALKS,20.68,-0.04081629,3.1257512e+07,9.473761960347261,0.007736936,-0.015473872,-0.016973872423172,-0.024532546043395997
2013-02-21,META,27.042526,-0.041461613,1.7970688e+09,9.473761960347261,0.012463401,-0.0003666225,-0.0018666224947664887,-0.014172126293182373
2013-02-21,IPGP,58.8,-0.03146104,4.6674884e+07,9.473761960347261,0.0073129307,-0.021258503,-0.02275850319862366,-0.029863943099975587
2013-02-21,XRAY,35.11401,-0.039302293,2.5072326e+07,9.473761960347261,0.0031473362,-0.010893188,-0.012393188416957855,-0.015496481895446777
2013-06-05,SIRI,26.19467,-0.032257926,1.4981522e+08,4.9628061358299504,0.0030305346,0.04848484,0.04698483949899673,0.04381693458557129
2013-06-05,BMRN,57.67,-0.035941184,1.2545932e+08,4.9628061358299504,0.0027744698,0.021848485,0.020348484873771666,0.017521153450012206
2013-06-05,GILD,34.39823,-0.04204915,4.693769e+08,4.9628061358299504,0.005187922,0.05526749,0.053767490446567534,0.048321138381958006
2013-06-05,FAST,8.473914,-0.06323638,6.03836e+07,4.9628061358299504,0.0,0.0148849655,0.013384965494275093,0.01338494873046875
2013-06-05,GT,13.012795,-0.032450195,8.3586536e+07,4.9628061358299504,-0.0013690091,0.0143734235,0.012873423531651497,0.014263998031616211
2013-06-05,FSLR,51.03,-0.030216651,3.8268896e+08,4.9628061358299504,0.0021556069,0.040368438,0.03886843776702881,0.03663052177429199
2013-06-05,DPZ,49.95823,-0.030408578,6.4168652e+07,4.9628061358299504,-0.0013710795,0.037360694,0.035860694259405135,0.03728498077392578
2013-06-05,WBD,38.773632,-0.035709746,1.1558088e+08,4.9628061358299504,-0.0027675363,0.006721188,0.005221187848597765,0.008015047073364258
2013-06-05,INVA,24.885344,-0.05282682,7.004899e+07,4.9628061358299504,0.0018088329,0.070545554,0.06904555416107178,0.06711257553100586
2013-06-05,AAL,15.979466,-0.039660268,1.04305176e+08,4.9628061358299504,-0.0017699067,0.0041297623,0.0026297622956335544,0.004410158157348633
2013-06-21,TCOM,15.59919,-0.03210865,6.500365e+07,8.354497432017453,-0.014354094,-0.0035087867,-0.005008786670863628,0.009503255844116211
2013-06-21,SIRI,25.004004,-0.03669754,1.8850021e+08,8.354497432017453,-0.015873084,0.015873007,0.014373007476329804,0.030758033752441405
2013-06-21,SSYS,82.15,-0.040303703,6.0559004e+07,8.354497432017453,-0.00060867984,-0.018015865,-0.01951586523652077,-0.0189177885055542
2013-06-21,UAL,30.06,-0.03530168,1.1931e+08,8.354497432017453,-0.011310717,0.02295411,0.02145411005616188,0.033156763076782225
2013-06-21,CAR,26.688513,-0.052613858,5.5625896e+07,8.354497432017453,-0.021715898,0.018155983,0.016655982717871665,0.0392569408416748
2013-06-21,MLCO,17.927967,-0.041346826,6.908966e+07,8.354497432017453,-0.04891058,-0.0040015243,-0.005501524299383163,0.04571856117248535
2013-06-21,SRPT,38.11,-0.03543401,4.8546324e+07,8.354497432017453,-0.00970871,0.042508498,0.041008497834205626,0.051229129791259764
2013-06-24,APA,60.590504,-0.033631593,2.3380525e+08,4.457051381351164,0.008395979,0.012046574,0.0105465736836195,0.002120147705078125
2013-06-24,CSX,6.1043587,-0.03493796,1.6287755e+08,4.457051381351164,0.011037381,0.025606932,0.02410693211853504,0.012910614967346192
2013-06-24,WYNN,99.17641,-0.04294861,1.6039893e+08,4.457051381351164,0.01853053,0.025056522,0.023556522339582442,0.004907260894775391
2013-06-24,MNKD,32.3,-0.038690455,7.7071896e+07,4.457051381351164,0.032507718,-0.003095928,-0.004595928113907575,-0.03598265790939331
2013-06-24,MLCO,17.027185,-0.050244495,7.005417e+07,4.457051381351164,0.01638597,0.04868934,0.0471893393099308,0.03028262710571289
2013-06-24,GT,12.692151,-0.046184633,7.706344e+07,4.457051381351164,0.009824562,0.04631562,0.04481562158465385,0.03463615036010742
2013-06-24,MU,13.125345,-0.031654924,5.375756e+08,4.457051381351164,0.020802341,0.053491767,0.05199176749587059,0.030523191452026366
2013-06-24,SSYS,79.19,-0.036031637,6.0729244e+07,4.457051381351164,0.010228533,0.04205069,0.040550689458847045,0.029999981880187987
2013-06-24,NXPI,25.683348,-0.056634158,7.128972e+07,4.457051381351164,0.010291434,0.034991425,0.03349142453074455,0.022948275566101073
2013-06-24,TCOM,14.912526,-0.044019185,6.4960536e+07,4.457051381351164,0.026359735,0.06272944,0.06122944062948227,0.03393567657470703
2013-07-19,MSFT,25.513262,-0.1139955,1.4081969e+09,9.866627047252578,0.009554513,0.013376123,0.011876123271882534,0.0022854909896850586
2013-08-15,MU,13.778688,-0.04655872,5.818115e+08,8.913974903487315,0.002830772,-0.02335444,-0.024854440927505494,-0.027611245155334474
2013-08-15,FSLR,37.63,-0.031153426,2.1441083e+08,8.913974903487315,0.0018602097,-0.014350276,-0.015850276440382005,-0.017680455684661867
2013-08-15,GRPN,195.6,-0.042115528,1.7329851e+08,8.913974903487315,0.0061349533,-0.028629888,-0.030129887849092485,-0.0360529317855835
2013-08-15,CSCO,16.547298,-0.07202442,6.3283584e+08,8.913974903487315,0.0020420607,-0.008578822,-0.010078822016716003,-0.012099255561828613
2013-08-15,TRIP,62.711708,-0.041196562,1.3313722e+08,8.913974903487315,-0.0032614134,-0.017867213,-0.019367213115096094,-0.01615362310409546
2013-08-15,SSYS,96.78,-0.035575483,8.1058696e+07,8.913974903487315,0.008472822,0.08700143,0.08550142800807953,0.07636881923675537
2013-08-15,REGN,231.63412,-0.03087834,1.6358693e+08,8.913974903487315,-0.00038490488,-0.026387822,-0.027887821882963182,-0.02751289749145508
2013-08-15,WDC,40.766376,-0.03606357,1.2677461e+08,8.913974903487315,-0.0024235821,-0.027567264,-0.029067263692617418,-0.026704777717590333
2013-08-15,STX,22.69215,-0.037740305,1.0751189e+08,8.913974903487315,0.004555013,-0.018977288,-0.02047728815674782,-0.024925579071044923
2013-08-15,FFIV,89.23,-0.035351314,1.6557576e+08,8.913974903487315,0.00078448607,-0.039560758,-0.04106075757741928,-0.04181360149383545
2013-08-16,MNKD,28.85,-0.1310241,7.4522904e+07,8.594458758155326,0.060658578,0.050259925,0.04875992542505264,-0.011303950786590576
2013-08-16,IONS,25.17,-0.030804746,3.687076e+07,8.594458758155326,0.0027810764,0.027413609,0.025913608506321906,0.023064266204833983
2013-08-19,CSIQ,10.95,-0.0453357,4.2081664e+07,6.557258979569468,0.0054794904,0.1424658,0.14096580004692078,0.1347398862838745
2013-08-19,ZG,26.423449,-0.07103706,8.685447e+07,6.557258979569468,-0.055227716,-0.031390123,-0.03289012306928635,0.023731003761291503
2013-10-08,GILD,40.753532,-0.038692053,2.6928195e+08,9.10010216073539,0.0072413995,0.056584794,0.05508479407429695,0.0474886999130249
2013-10-08,GRPN,210.6,-0.045330916,2.8513616e+08,9.10010216073539,0.0028489593,0.054131024,0.052631023585796355,0.049636374473571776
2013-10-08,BKNG,39.094746,-0.041807346,5.4825005e+08,9.10010216073539,0.0037069009,0.015088131,0.013588130719959736,0.009839068412780762
2013-10-08,MU,17.48421,-0.030286588,7.7484845e+08,9.10010216073539,0.005577106,0.027886404,0.0263864037245512,0.020685564041137694
2013-10-08,REGN,284.9906,-0.037698712,2.3462285e+08,9.10010216073539,0.005700872,0.022246977,0.020746977314352988,0.014952312469482422
2013-10-08,META,46.72964,-0.066904224,3.9691402e+09,9.10010216073539,0.005091227,0.040517654,0.0390176542699337,0.033747087478637694
2013-10-08,VRTX,72.22,-0.043190274,2.8731347e+08,9.10010216073539,0.0024923885,-0.01703134,-0.018531339928507806,-0.020975221633911134
2013-10-08,TSLA,11.648667,-0.04555632,1.7820294e+09,9.10010216073539,0.0,-0.010301597,-0.011801597416400909,-0.011801589965820312
2013-10-08,BIDU,148.75,-0.055795312,5.2165978e+08,9.10010216073539,0.0082016885,0.029647084,0.028147083953022956,0.0197709903717041
2013-10-08,BIIB,225.5,-0.046874326,2.6840574e+08,9.10010216073539,0.006474531,0.038447887,0.03694788670539856,0.03026772594451904
2013-10-09,SRPT,44.42,-0.11248753,1.2928415e+08,7.451811930850553,0.02678979,0.05020269,0.04870269006490707,0.021302114486694335
2013-10-09,TSLA,11.252,-0.034052607,1.834084e+09,7.451811930850553,0.025536215,0.058774713,0.05727471342682838,0.030910860061645506
2013-10-09,CLDX,385.5,-0.112262525,1.1728776e+08,7.451811930850553,0.046692606,0.059143938,0.05764393812417984,0.010395895004272461
2013-10-09,BMRN,65.0,-0.03345725,1.596869e+08,7.451811930850553,0.016307654,0.04200005,0.04050005158782005,0.023780117988586424
2013-10-09,ACAD,19.86,-0.14763942,7.29399e+07,7.451811930850553,0.037764348,0.08207448,0.08057447826862335,0.04119778728485107
2013-10-09,AMCX,63.15,-0.030549552,3.3941496e+07,7.451811930850553,0.005700662,0.044338804,0.042838803738355635,0.03691912746429443
2013-10-09,WEN,5.4507627,-0.03440081,4.296646e+07,7.451811930850553,0.013513336,0.049139723,0.04763972318172455,0.03365136241912842
2013-10-09,ALNY,53.35,-0.06403512,4.7589684e+07,7.451811930850553,0.022680467,0.10965328,0.1081532791852951,0.08354390716552734
2013-10-09,INVA,26.738426,-0.036756735,3.9728424e+07,7.451811930850553,0.0075757015,0.017676685,0.016176685005426406,0.0085250244140625
2013-10-09,CSIQ,17.58,-0.036184203,4.8071508e+07,7.451811930850553,0.030716775,0.12912403,0.12762403047084808,0.09397460079193115
2013-11-07,TSLA,9.318,-0.07535065,1.9633608e+09,2.5690505117927387,-0.023538603,0.035272237,0.03377223691344261,0.05872846698760986
2013-11-07,META,47.145985,-0.03175898,4.2560532e+09,2.5690505117927387,0.0052566393,-0.028595433,-0.03009543263912201,-0.035175074577331544
2013-11-07,QCOM,47.07978,-0.03799893,4.7190954e+08,2.5690505117927387,0.0049193455,0.007900219,0.006400219410657883,0.0014664039611816406
2013-11-07,TRIP,74.59243,-0.03152067,2.297426e+08,2.5690505117927387,0.002503534,0.013590803,0.012090803369879723,0.009559641838073731
2013-11-07,BKNG,40.064545,-0.033221893,6.218532e+08,2.5690505117927387,0.032330032,0.071962774,0.07046277379989624,0.0368915901184082
2013-11-07,BIIB,231.19,-0.030568574,2.7644298e+08,2.5690505117927387,0.00834808,0.015571568,0.014071568161249161,0.005663643836975098
2013-11-07,AMZN,17.178,-0.035431553,1.1948545e+09,2.5690505117927387,0.0069566374,0.031493794,0.02999379417300224,0.022867570877075194
2013-11-07,ADBE,53.17,-0.031158945,2.1803872e+08,2.5690505117927387,0.0047019,0.056610912,0.055110912084579466,0.05016614055633545
2013-11-07,MDLZ,24.22314,-0.040370345,2.2522075e+08,2.5690505117927387,-0.0018701719,0.008725186,0.007225185878574849,0.009115229606628418
2013-11-07,FSLR,58.13,-0.04938676,4.1082643e+08,2.5690505117927387,0.011697924,0.0861861,0.08468610352277756,0.07212687587738037
2013-12-13,AXON,15.52,-0.055961072,2.0188658e+07,7.785749242558552,0.034149405,0.048969086,0.0474690862596035,0.012830267906188965
2014-01-06,JBLU,8.66,-0.04309396,4.327896e+07,9.05157935487388,0.019630494,0.039260987,0.03776098719239235,0.017752538681030272
2014-01-06,SSYS,127.98,-0.062142774,1.1691028e+08,9.05157935487388,0.023519317,0.040865786,0.039365786373615264,0.01544786548614502
2014-01-06,FSLR,51.26,-0.09658095,2.1050574e+08,9.05157935487388,0.01736253,0.008193562,0.006693561807274819,-0.010512401103973388
2014-01-06,WEN,5.657228,-0.032257993,2.9476554e+07,9.05157935487388,-2.528644e-07,0.0011906541,-0.0003093458814546466,-0.00030909919738769534
2014-01-06,ALNY,61.07,-0.032784283,3.3403282e+07,9.05157935487388,0.006713605,0.042737853,0.04123785278201103,0.03428400611877441
2014-01-06,SYNA,48.65,-0.03682433,3.3026256e+07,9.05157935487388,0.013155177,0.0945529,0.0930528969168663,0.07884074306488037
2014-01-06,CLDX,334.95,-0.08031301,5.244897e+07,9.05157935487388,0.009404371,0.04343928,0.04193928024172783,0.03221775150299072
2014-01-24,ILMN,134.84436,-0.038029112,2.48591e+08,7.95304861670698,-0.018900642,0.042634513,0.0411345132291317,0.061220537185668944
2014-01-24,GOOG,27.728203,-0.03126448,2.2022838e+09,7.95304861670698,0.0020199395,-0.00072969584,-0.0022296958356164396,-0.004244019031524658
2014-01-24,MU,22.350142,-0.03045718,7.522062e+08,7.95304861670698,0.007853363,0.00567183,0.004171829916536808,-0.0036645426750183106
2014-01-24,AAL,28.65934,-0.030302992,3.01345e+08,7.95304861670698,-6.6552424e-08,0.05131578,0.0498157807290554,0.04981590366363525
2014-01-24,UAL,46.13,-0.047491208,3.0705568e+08,7.95304861670698,0.00021674228,-0.0021678363,-0.0036678362973034382,-0.003884006977081299
2014-01-24,BIIB,303.6,-0.036068026,3.4713114e+08,7.95304861670698,3.2869724e-05,0.006752265,0.005252265151590109,0.005219112396240235
2014-01-24,GOOGL,27.85878,-0.031264517,2.2021878e+09,7.95304861670698,0.00201992,-0.0007296989,-0.002229698920622468,-0.004244019031524658
2014-01-24,META,53.97601,-0.038495418,2.9812954e+09,7.95304861670698,0.005142377,0.01267212,0.011172119773924351,0.005991230964660645
2014-01-24,TSLA,11.64,-0.03801653,1.3707064e+09,7.95304861670698,0.0032072624,0.02164947,0.020149470552802085,0.016883264541625975
2014-01-24,AMZN,19.38,-0.030685002,1.02022035e+09,7.95304861670698,0.0074819643,0.017621323,0.016121323466300963,0.008564005851745606
2014-01-27,REGN,268.20895,-0.03172276,2.3418622e+08,4.411937125492358,0.008458389,0.03989079,0.03839078849554062,0.029668699264526366
2014-01-27,TRIP,69.28346,-0.030487714,1.15459704e+08,4.411937125492358,-0.006161023,-0.015915874,-0.017415874391794206,-0.011315335273742675
2014-01-27,JOYY,43.89561,-0.04683066,1.1103686e+08,4.411937125492358,0.04895589,0.119143695,0.11764369463920593,0.06541205501556396
2014-01-27,JAZZ,142.71,-0.043434516,1.2808075e+08,4.411937125492358,0.019199707,0.062434223,0.06093422254920006,0.04092002964019775
2014-01-27,ZG,23.994387,-0.04741276,8.548151e+07,4.411937125492358,0.008187142,0.026640685,0.025140685275197028,0.016803632736206053
2014-01-27,SLS,151800.0,-0.112280704,6.6351084e+07,4.411937125492358,0.007905139,0.04347826,0.04197826167941093,0.03379417514801025
2014-01-27,BKNG,44.778408,-0.03109529,7.170272e+08,4.411937125492358,0.009761729,-0.008265698,-0.009765698328614235,-0.01935308122634888
2014-01-27,VOD,17.191591,-0.03259721,1.6571187e+08,4.411937125492358,0.0013585412,0.013858673,0.01235867316275835,0.01098323917388916
2014-01-27,ALNY,81.05,-0.030502338,6.39352e+07,4.411937125492358,-0.0006169408,0.028624302,0.02712430177628994,0.027759324073791503
2014-01-27,ALGN,55.43,-0.05859376,1.01515e+08,4.411937125492358,0.003968992,0.041674208,0.040174207895994185,0.03605629062652588
2014-01-28,AAPL,15.66771,-0.07992741,6.2417126e+09,4.189896991746522,-0.0050340304,-0.013267688,-0.014767688453197479,-0.009775330066680908
2014-01-28,HIMX,8.50689,-0.06877572,7.582035e+07,4.189896991746522,-0.008124217,0.047267295,0.04576729542016983,0.054345260620117186
2014-01-28,STX,29.847271,-0.11248918,1.2852585e+08,4.189896991746522,-0.00038821448,0.030667795,0.029167794868350028,0.029568086624145506
2014-01-29,CLDX,380.1,-0.032085575,5.2115196e+07,1.4688542089121341,0.0138121545,0.017363867,0.01586386679112911,0.0020033226013183593
2014-01-29,TMUS,29.52254,-0.038997307,1.7646032e+08,1.4688542089121341,0.036070727,-0.015458984,-0.016958984300494195,-0.051235724925994874
2014-01-29,MTCH,18.172056,-0.030488644,7.3152664e+07,1.4688542089121341,0.013210857,0.00574386,0.0042438598014414314,-0.008869697093963623
2014-01-29,IPGP,70.08,-0.04249215,2.7559128e+07,1.4688542089121341,-0.004280865,-0.04580478,-0.04730477997660637,-0.04320244932174683
2014-01-29,ADSK,49.65,-0.031030446,1.3570395e+08,1.4688542089121341,0.03826783,0.032225545,0.03072554549574852,-0.0073196783065795894
2014-01-29,ZG,24.633614,-0.052189607,9.019773e+07,1.4688542089121341,0.028860774,0.039240476,0.03774047574400902,0.008588562965393067
2014-01-29,PPLI,11.983473,-0.03048877,7.707691e+07,1.4688542089121341,0.013210928,0.0057438645,0.0042438644580543045,-0.008869697093963623
2014-01-29,NBIX,17.2,-0.03425035,3.552374e+07,1.4688542089121341,0.0063952734,-0.006395384,-0.007895384203642606,-0.014209319591522216
2014-01-29,SLS,158400.0,-0.045207955,6.799191e+07,1.4688542089121341,0.018939395,-0.0018939395,-0.0033939394503831864,-0.021946062088012697
2014-01-29,BIDU,158.1,-0.03738431,6.7926694e+08,1.4688542089121341,0.021378808,-0.010120215,-0.011620214894413948,-0.03233968162536621
2014-03-14,FCEL,13046.4,-0.09309304,1.3877843e+08,6.8493090800545815,0.04966887,-0.089404,-0.09090400183200836,-0.13399212503433228
2014-03-14,GILD,51.508133,-0.037943747,6.4888877e+08,6.8493090800545815,0.012125489,0.036242418,0.034742417991161345,0.022327910423278807
2014-03-14,BIDU,160.59,-0.03311458,8.6997766e+08,6.8493090800545815,0.01506942,0.021794632,0.0202946320772171,0.005125413894653321
2014-03-24,TRIP,86.77551,-0.038715366,1.6899307e+08,9.975519627029527,0.008198375,-0.04990786,-0.051407859414815904,-0.05913375759124756
2014-03-24,VTRS,39.905453,-0.04161873,2.4752323e+08,9.975519627029527,0.012007007,-0.016209578,-0.017709578141570093,-0.029381801128387453
2014-03-24,META,63.542,-0.046698466,3.7407877e+09,9.975519627029527,0.012324674,-0.057878435,-0.05937843465805054,-0.07084845447540283
2014-03-24,CSIQ,33.02,-0.060330078,1.9627205e+08,9.975519627029527,0.020290677,-0.058449432,-0.05994943225383759,-0.07867424631118775
2014-03-24,TCOM,23.779434,-0.034350414,1.8227224e+08,9.975519627029527,0.00062780373,-0.0008369915,-0.002336991472169757,-0.0029638304710388184
2014-03-24,JAZZ,137.32,-0.045460816,2.3936293e+08,9.975519627029527,0.0037866952,-0.006699777,-0.008199777208268642,-0.011946906089782714
2014-03-24,NFLX,5.412857,-0.0667258,9.645417e+08,9.975519627029527,0.000264016,-0.01747157,-0.018971570521593095,-0.019230891704559328
2014-03-24,BKNG,48.095554,-0.032241993,1.0266727e+09,9.975519627029527,0.0033795314,-0.03189112,-0.033391118735075,-0.0366518988609314
2014-03-24,PANW,12.188333,-0.04480154,1.6870146e+08,9.975519627029527,0.025570966,-0.05127855,-0.05277855017781258,-0.07643340969085693
2014-03-24,TSLA,14.678,-0.03809683,2.5734735e+09,9.975519627029527,0.018031513,-0.03274745,-0.03424745121598244,-0.05137955093383789
2014-03-27,DXCM,10.125,-0.042779516,4.41412e+07,6.926985567390332,-0.003209903,0.021234583,0.019734583109617232,0.023023258209228514
2014-03-27,CTSH,41.431946,-0.030957578,1.6366923e+08,6.926985567390332,0.030895479,0.06347209,0.061972092151641844,0.030100236892700194
2014-03-27,VNET,25.45,-0.07150672,3.79437e+07,6.926985567390332,0.021610972,0.12770137,0.12620137190818786,0.10234619235992432
2014-03-27,AXON,18.27,-0.030769225,2.4796306e+07,6.926985567390332,-0.0005473579,0.0010947158,-0.0004052842138335109,0.00014294242858886716
2014-03-27,JOYY,54.694294,-0.03793511,1.6204864e+08,6.926985567390332,0.018166339,0.075341575,0.07384157484769821,0.05465520477294922
2014-03-27,AVAV,38.89,-0.04540997,2.7199024e+07,6.926985567390332,-0.0017999407,0.034970447,0.03347044742107391,0.03533662414550781
2014-04-04,GOOG,26.828537,-0.046687823,1.9549366e+09,9.753005473997064,-0.004418849,0.021651827,0.02015182679891586,0.024686466217041014
2014-04-04,TSLA,14.148667,-0.058429413,1.8508051e+09,9.753005473997064,-0.03025023,0.015219312,0.0137193121612072,0.045387993812561034
2014-04-04,ILMN,134.79572,-0.06649151,3.8033843e+08,9.753005473997064,0.019989876,0.02345389,0.021953889414668082,0.001896153450012207
2014-04-04,GOOGL,27.005527,-0.04593164,2.5466929e+09,9.753005473997064,-0.0008437937,0.022484804,0.020984803572297095,0.021848331451416014
2014-04-04,BIIB,288.27,-0.04502086,6.507036e+08,9.753005473997064,-0.006625746,-0.008151995,-0.00965199501812458,-0.003036428928375244
2014-04-04,REGN,282.6725,-0.044407163,4.235466e+08,9.753005473997064,-0.017592877,0.0038549602,0.0023549602031707763,0.020331989288330077
2014-04-04,BKNG,46.143024,-0.047977727,1.2262445e+09,9.753005473997064,-0.00898065,0.008029932,0.006529932156205178,0.01566470718383789
2014-04-04,MU,22.018597,-0.059166756,6.8393043e+08,9.753005473997064,-0.0026572046,-0.016386138,-0.017886138275265695,-0.015265573501586914
2014-04-04,META,56.25598,-0.04605823,4.1536955e+09,9.753005473997064,-0.014977858,0.025374431,0.023874431163072585,0.03946591472625732
2014-04-04,AMGN,83.81076,-0.040441375,3.205538e+08,9.753005473997064,-0.0077239065,-0.009486908,-0.010986908093094825,-0.0032766952514648438
2014-04-07,VTRS,38.65168,-0.044045057,2.5592906e+08,6.327830220542694,-0.0047521265,0.0035121324,0.0020121324472129345,0.00680376148223877
2014-04-07,JOYY,49.695473,-0.060160298,1.3370466e+08,6.327830220542694,0.0141042285,0.14011155,0.1386115506887436,0.12275482273101807
2014-04-07,INTU,67.20901,-0.031091947,1.1993255e+08,6.327830220542694,0.0025464233,0.0068364744,0.005336474407464266,0.0027792558670043945
2014-04-07,CSIQ,28.35,-0.08489345,1.3015224e+08,6.327830220542694,0.017636685,0.052910052,0.051410052239894866,0.03316212749481201
2014-04-07,FCEL,9849.6,-0.053941965,1.3201187e+08,6.327830220542694,0.030701796,0.0877193,0.08621929889917374,0.05381919002532959
2014-04-07,MU,21.170227,-0.038529687,7.2103136e+08,6.327830220542694,0.016121654,0.040994942,0.03949494218826294,0.022978673934936522
2014-04-07,TMUS,29.246807,-0.052372154,1.2571796e+08,6.327830220542694,-0.0029258986,0.030884227,0.029384226784110068,0.03240932083129883
2014-04-07,MLCO,28.66195,-0.040376853,1.2081485e+08,6.327830220542694,0.011220183,0.061991535,0.06049153512716293,0.04870797252655029
2014-04-07,PANW,10.038333,-0.044877954,1.3593338e+08,6.327830220542694,0.013448471,0.13116387,0.12966386532783508,0.11465324020385742
2014-04-07,CTSH,42.389816,-0.030085731,1.7358253e+08,6.327830220542694,-0.0024648504,0.022802161,0.021302161052823065,0.023829351425170897
2014-07-31,ZG,44.755222,-0.032881882,3.171613e+08,9.42713780433634,-0.0036229002,0.00891802,0.007418019942939282,0.011086593627929688
2014-07-31,CHTR,154.52,-0.044816714,1.7336589e+08,9.42713780433634,0.0075070434,0.01669688,0.015196879640221596,0.0076214179992675785
2014-07-31,VRTX,88.91,-0.033691972,1.6977453e+08,9.42713780433634,0.0077605983,-0.024969082,-0.026469082325696947,-0.03397767686843872
2014-07-31,CMCSA,18.758732,-0.030319277,5.227137e+08,9.42713780433634,-0.003536561,0.0022331518,0.0007331518121063709,0.004290233612060547
2014-07-31,MU,29.790438,-0.06086699,8.5457325e+08,9.42713780433634,0.010801939,0.03731587,0.03581587156653404,0.024730573654174803
2014-07-31,ILMN,155.55447,-0.03108342,2.2565147e+08,9.42713780433634,0.0031892944,0.011256356,0.009756355792284012,0.0065413818359375
2014-07-31,TRIP,84.33889,-0.051789623,1.9086558e+08,9.42713780433634,-0.0036904537,-0.0005271172,-0.0020271172267384827,0.0016750202178955078
2014-07-31,FSLR,63.11,-0.03766394,1.4937451e+08,9.42713780433634,-0.0098241,0.00047534113,-0.0010246588659938425,0.008901606559753418
2014-07-31,ADBE,69.25,-0.036722764,1.5522973e+08,9.42713780433634,-0.0034656732,-0.0069314563,-0.008431456271559,-0.004977871417999267
2014-07-31,PANW,13.476667,-0.039781436,1.060678e+08,9.42713780433634,-0.006059877,-0.007667654,-0.009167654193937778,-0.003117550849914551
2014-08-01,BPOP,22.958147,-0.034796365,3.4670456e+07,7.18499028649812,0.0022735503,-0.0035727457,-0.005072745714336633,-0.007333089351654052
2014-08-01,AKAM,57.09,-0.032700785,1.2783469e+08,7.18499028649812,0.00017513262,-0.0040287185,-0.005528718452900648,-0.00570314073562622
2014-08-01,CHRD,31.42103,-0.032927558,4.7504524e+07,7.18499028649812,0.0038687799,-0.00348277,-0.004982769941911101,-0.008823265075683593
2014-08-01,MNKD,40.35,-0.034689013,6.6508096e+07,7.18499028649812,0.0024783716,0.009913297,0.00841329737007618,0.005916605949401856
2014-08-01,MEOH,48.362007,-0.038112573,4.1915676e+07,7.18499028649812,-0.0046336865,0.00031921917,-0.0011807808347512037,0.00347591495513916
2014-09-15,CSIQ,37.74,-0.050327126,1.4049574e+08,8.330635133524325,-0.009009013,0.06756754,0.06606754219532013,0.07577277278900146
2014-09-15,TRIP,84.67682,-0.041280676,1.3526483e+08,8.330635133524325,-0.0070362817,0.008296602,0.006796602405607701,0.013941536903381348
2014-09-15,BIDU,210.73,-0.033171274,5.2287437e+08,8.330635133524325,-0.0034641281,0.03962419,0.03812419182062149,0.041738043785095214
2014-09-15,FSLR,69.92,-0.03929652,1.170185e+08,8.330635133524325,-0.0031464705,0.025314707,0.023814707309007643,0.02705098247528076
2014-09-15,MU,29.273624,-0.047890615,5.7530746e+08,8.330635133524325,0.002331603,0.06528957,0.06378957188129425,0.06131149387359619
2014-09-15,JOYY,62.18868,-0.08840418,1.0582925e+08,8.330635133524325,-0.00049581693,0.002600539,0.0011005390100181102,0.0015978918075561523
2014-09-15,TSLA,16.924,-0.09075929,1.513769e+09,8.330635133524325,0.0050815674,0.029622622,0.028122621834278105,0.022917042732238768
2014-09-15,META,73.93078,-0.037428923,2.1466948e+09,8.330635133524325,-0.014213145,0.024805436,0.02330543591082096,0.03808117961883545
2014-09-15,JAZZ,160.35,-0.05347971,1.6828048e+08,8.330635133524325,-0.017337067,0.012160879,0.010660878628492356,0.028518448829650878
2014-09-15,NFLX,6.539286,-0.03945014,8.462771e+08,8.330635133524325,-0.020426098,-0.0070344075,-0.008534407462924718,0.012170921325683594
2014-10-13,BMRN,68.09,-0.03827693,8.04481e+07,7.296866276749853,0.0073432224,-0.011308514,-0.012808513581752777,-0.020015706062316896
2014-10-13,NDAQ,11.042093,-0.033365797,3.7451724e+07,7.296866276749853,0.0045025796,-0.0045020613,-0.0060020612888038154,-0.010464240550994873
2014-10-13,CENX,21.71,-0.037250564,3.5133856e+07,7.296866276749853,0.014279198,0.048364863,0.04686486279964447,0.03210581398010254
2014-10-13,REGN,328.9954,-0.033215687,2.75968e+08,7.296866276749853,0.005992011,0.007979392,0.0064793920740485195,0.00047553634643554684
2014-10-13,TSLA,14.972667,-0.052002847,1.7252749e+09,7.296866276749853,0.01629639,0.022752514,0.021252514109015463,0.004852663040161133
2014-10-13,AMBA,35.24,-0.032399684,1.0703674e+08,7.296866276749853,0.020147532,0.0953461,0.093846100628376,0.07221342182159424
2014-10-13,PANW,14.901667,-0.052458715,2.2227909e+08,7.296866276749853,0.014651599,0.089699104,0.08819910442829132,0.07246376132965088
2014-10-13,CME,49.013092,-0.03185876,9.6569384e+07,7.296866276749853,0.008353201,0.003796867,0.0022968670949339866,-0.006018687725067138
2014-10-13,SWKS,35.636578,-0.035949443,1.8483915e+08,7.296866276749853,0.06531284,0.094659716,0.0931597158908844,0.026047597885131835
2014-10-13,AVGO,5.177141,-0.032511044,1.6050971e+08,7.296866276749853,0.043742746,0.05084012,0.04934012076258659,0.0052999362945556645
2014-10-14,ALNY,82.95,-0.04303188,7.291406e+07,7.832226684633781,-0.011452646,0.023990422,0.02249042248725891,0.03435374355316162
2014-10-14,GILD,66.69636,-0.04199485,1.03406714e+09,7.832226684633781,-0.02243279,-0.0030871567,-0.004587156685069203,0.01828957653045654
2014-10-15,VRTX,101.1,-0.030308878,2.4643053e+08,4.623845922820593,-0.018298699,0.012363996,0.010863996356725693,0.029734264373779296
2014-10-15,MNST,7.618333,-0.032387823,1.3290796e+08,4.623845922820593,-0.014985665,0.0075476305,0.006047630462795496,0.02137614345550537
2014-10-16,ABUS,22.81,-0.045606703,1.8040128e+08,2.5802845412443816,0.01490575,-0.18412971,-0.1856297149658203,-0.19761221551895142
2014-10-16,PPC,16.590952,-0.18084095,3.0641688e+07,2.5802845412443816,0.05673479,0.13006555,0.12856554543972015,0.06789375400543213
2014-10-16,FIVE,40.9,-0.037193928,2.811744e+07,2.5802845412443816,0.014914347,-0.012224939,-0.013724938720464706,-0.028240491390228273
2014-12-08,OSPN,25.65884,-0.062778726,2.2092818e+07,8.121026734864941,-0.025256267,0.025622217,0.02412221698462963,0.050696860313415526
2014-12-08,AXON,23.32,-0.060435135,1.0539364e+08,8.121026734864941,-0.07504288,-0.034305286,-0.035805285662412645,0.04254270648956299
2014-12-08,CENX,25.07,-0.04713036,3.593036e+07,8.121026734864941,-0.019944157,-0.008775402,-0.01027540186047554,0.009896050453186036
2014-12-08,GRPN,141.0,-0.030261308,1.15880504e+08,8.121026734864941,-0.008510617,0.01843976,0.0169397604316473,0.025681744575500487
2014-12-08,AVGO,7.5519958,-0.03154151,1.4032056e+08,8.121026734864941,-0.008142037,-0.01449707,-0.015997069641947748,-0.00790714168548584
2014-12-08,AMAT,21.061693,-0.03194868,2.4117448e+08,8.121026734864941,-0.0045378753,-0.018976774,-0.02047677406668663,-0.01600467109680176
2014-12-08,TTWO,26.56,-0.044947863,3.543783e+07,8.121026734864941,-0.015060227,-0.00037651465,-0.0018765146539080888,0.013408194541931153
2014-12-08,AMBA,51.04,-0.06673977,1.0793765e+08,8.121026734864941,-0.057014104,0.0015673592,6.73591988161206e-05,0.06062341785430908
2014-12-10,EXPE,82.27263,-0.032194175,1.4142394e+08,8.987513589840432,0.004898625,-0.002847833,-0.004347833093255758,-0.009208728313446045
2014-12-10,AXON,22.52,-0.031814262,1.0984605e+08,8.987513589840432,0.043516852,0.029751334,0.028251334339380263,-0.014691521167755127
2014-12-10,MRVL,12.842293,-0.03118651,8.7119864e+07,8.987513589840432,0.008397371,-0.0069977096,-0.00849770962819457,-0.01676683568954468
2014-12-10,CSX,9.7362,-0.033424992,1.894695e+08,8.987513589840432,0.005429935,-0.004287528,-0.005787527874112129,-0.011165071964263916
2014-12-10,MELI,133.97353,-0.034691814,5.7984196e+07,8.987513589840432,0.0011808536,-0.006714966,-0.008214966148138046,-0.009386528968811035
2014-12-10,ALNY,100.74,-0.054883186,5.297551e+07,8.987513589840432,0.0128052505,-0.002878707,-0.004378706902265548,-0.016985644340515138
2014-12-10,PCAR,29.47965,-0.03133888,6.829335e+07,8.987513589840432,0.0068798647,-0.00893003,-0.010430030278861522,-0.01720183038711548
2014-12-10,IPGP,73.61,-0.035761014,5.033374e+07,8.987513589840432,0.0063850186,0.020649323,0.019149323239922522,0.01267386531829834
2014-12-10,LRCX,6.8120265,-0.031356342,1.0463253e+08,8.987513589840432,0.0035132654,-0.016561978,-0.018061977565288545,-0.02150492811203003
2014-12-10,AVGO,7.442514,-0.03302816,1.4617632e+08,8.987513589840432,0.008363103,-0.0005033289,-0.002003328919876367,-0.010292877197265625
2014-12-15,BMRN,87.23,-0.04687493,1.099768e+08,7.261604098700872,0.0017195218,-0.00022932788,-0.00172932788124308,-0.0034454360008239746
2014-12-15,ILMN,173.45331,-0.03250133,1.9097334e+08,7.261604098700872,-0.0028041503,0.016263826,0.014763825818896294,0.017621646881103514
2014-12-15,REGN,397.26114,-0.03705219,2.757172e+08,7.261604098700872,-0.015635546,0.024887204,0.02338720417022705,0.03966642475128174
2014-12-15,ADBE,73.04,-0.039200157,2.3894496e+08,7.261604098700872,-0.0023274666,0.0131434705,0.011643470510840416,0.014006982803344727
2014-12-15,ALNY,93.95,-0.064708814,5.4930428e+07,7.261604098700872,-0.027887123,0.0266099,0.02510989947617054,0.054560314178466796
2014-12-15,AGIO,111.23,-0.069672085,1.1556314e+08,7.261604098700872,-0.042434603,0.04360333,0.042103330850601195,0.08835066413879394
2014-12-15,VRTX,112.88,-0.04782797,1.5997523e+08,7.261604098700872,-0.0021261328,-0.009124723,-0.010624723263084888,-0.008513440132141113
2014-12-15,INCY,72.14,-0.03375307,1.105414e+08,7.261604098700872,-0.0070696166,0.04768509,0.04618509045243263,0.053644548416137694
2014-12-15,CLDX,253.2,-0.06378264,8.4738056e+07,7.261604098700872,-0.0017772391,0.07286729,0.07136728918552399,0.07327736473083496
2014-12-15,IONS,56.93,-0.08648908,1.1637445e+08,7.261604098700872,-0.024240313,0.009660974,0.008160974144935608,0.03324342823028564
2014-12-16,AAL,45.442265,-0.0566483,6.4598995e+08,2.7624234180009637,0.006255238,0.045454502,0.04395450210571289,0.03745556926727295
2014-12-16,MELI,125.56005,-0.054215062,5.459696e+07,2.7624234180009637,-0.0013385463,0.008897696,0.007397695690393448,0.008749972343444825
2014-12-16,UAL,61.63,-0.037632726,3.8109526e+08,2.7624234180009637,0.0071393577,0.042511746,0.041011746287345885,0.03362167930603027
2014-12-16,IONS,54.94,-0.034955237,1.20753656e+08,2.7624234180009637,0.0043684323,0.083909735,0.08240973508358002,0.07769538021087646
2014-12-16,JBLU,14.44,-0.033467203,1.5474008e+08,2.7624234180009637,0.0,0.06440446,0.06290445780754089,0.06290448760986328
2014-12-16,BIIB,325.13,-0.031774815,6.250908e+08,2.7624234180009637,0.0042136842,0.087872565,0.08637256479263306,0.08180774307250976
2014-12-16,OSPN,23.799232,-0.030604403,2.1736462e+07,2.7624234180009637,0.0,0.07695342,0.07545341855287552,0.07545341110229492
2014-12-16,AGIO,107.47,-0.033803847,1.1982914e+08,2.7624234180009637,0.0029775721,0.1139853,0.11248530006408691,0.10917807674407959
2014-12-16,MSFT,38.251923,-0.032354962,1.187033e+09,2.7624234180009637,-0.0024358984,0.052258827,0.05075882679224014,0.05332828617095947
2014-12-16,TTWO,27.05,-0.038051266,3.848723e+07,2.7624234180009637,0.004066566,0.050646983,0.049146983087062834,0.04489172554016113
2014-12-31,AMBA,50.72,-0.032061074,1.2100987e+08,7.632410900624734,0.025236567,-0.0009858645,-0.0024858645498752594,-0.027077008724212648
2015-01-02,BLMN,18.408176,-0.03392576,3.5685724e+07,5.4597616539079326,-0.0062706284,-0.008779128,-0.010279128082096576,-0.004024316310882568
2015-01-02,OSPN,25.640055,-0.032258105,2.2642326e+07,5.4597616539079326,-0.0036629348,-0.079487175,-0.08098717474937439,-0.07760303163528443
2015-01-02,PPC,20.27285,-0.03446167,3.9905636e+07,5.4597616539079326,-0.0050538103,-0.012634244,-0.014134243816137313,-0.00911890411376953
2015-01-05,AMAT,20.992172,-0.032051433,2.610184e+08,1.4469807846779617,-0.001241511,-0.028559295,-0.03005929546058178,-0.028851737022399904
2015-01-05,JBLU,15.22,-0.03609878,1.2831717e+08,1.4469807846779617,0.007884355,-0.007884355,-0.009384355261921882,-0.017145384788513185
2015-01-05,AXON,25.69,-0.030931711,9.302186e+07,1.4469807846779617,0.016348777,0.0112884,0.009788399808108807,-0.006478895187377929
2015-01-05,PCAR,28.848328,-0.033602387,8.408233e+07,1.4469807846779617,0.0037961414,0.0147282295,0.013228229492902756,0.009390722274780274
2015-01-05,NTAP,30.02635,-0.034008224,7.515669e+07,1.4469807846779617,-4.4465745e-07,-0.0038488915,-0.005348891472443938,-0.005348493099212646
2015-01-05,CAR,61.129898,-0.036393605,1.2424907e+08,1.4469807846779617,-0.00031076762,0.031395767,0.029895766884088515,0.030216465950012206
2015-01-05,CHTR,160.5,-0.035630554,1.2121038e+08,1.4469807846779617,0.0024921738,-0.023115307,-0.024615307092666627,-0.027043808937072755
2015-01-05,LBTYA,20.285542,-0.047105767,1.0656467e+08,1.4469807846779617,0.0031420344,-0.0031420344,-0.004642034402117133,-0.007764388561248779
2015-01-05,LBTYK,19.5388,-0.045717884,1.8218083e+08,1.4469807846779617,0.0,-0.0041187205,-0.005618720535188913,-0.005618740558624267
2015-01-05,CHRW,53.836826,-0.04387854,9.56622e+07,1.4469807846779617,0.018413588,-0.012606107,-0.01410610669851303,-0.03195874834060669
2015-01-06,IONS,65.44,-0.04004688,2.476433e+08,0.6226419167073516,0.030409502,0.09917478,0.09767478263378143,0.06523586368560791
2015-01-06,CSX,9.318811,-0.039850857,1.8816453e+08,0.6226419167073516,0.008659485,0.029262194,0.027762194409966467,0.01892579650878906
2015-01-06,AMAT,20.201496,-0.037665285,2.697078e+08,0.6226419167073516,0.005161356,0.041720632,0.04022063246369362,0.03487146949768066
2015-01-06,REGN,393.17972,-0.037772313,3.3816653e+08,0.6226419167073516,0.014865357,0.016024418,0.01452441817522049,-0.0003578557968139649
2015-01-06,SWKS,55.027397,-0.03188684,1.683801e+08,0.6226419167073516,0.023485519,0.062580355,0.06108035451173782,0.03669775581359863
2015-01-06,BMRN,90.28,-0.030394176,1.0582912e+08,0.6226419167073516,0.015950404,0.043198954,0.04169895431399345,0.02532065963745117
2015-01-06,NXPI,63.772255,-0.047631215,1.5822587e+08,0.6226419167073516,0.009118222,0.07543502,0.07393502002954483,0.06421757793426514
2015-01-06,AMGN,109.11351,-0.03221758,4.2820656e+08,0.6226419167073516,0.0077832565,0.031197283,0.029697283416986464,0.02173317527770996
2015-01-06,INTU,79.7633,-0.030709352,1.3805027e+08,0.6226419167073516,0.0018218539,0.02334569,0.021845690220594405,0.01998473262786865
2015-01-06,VRTX,117.36,-0.030323045,2.1363739e+08,0.6226419167073516,0.012440346,0.056322433,0.05482243305444717,0.0418429479598999
2015-01-15,NXPI,67.49919,-0.043212008,1.8650982e+08,4.318657086048049,-0.0022191065,0.0283254,0.02682539938390255,0.02911246871948242
2015-01-15,WDC,66.1481,-0.037418295,1.6852315e+08,4.318657086048049,-0.0009552299,0.018051332,0.016551331862807273,0.01752472972869873
2015-01-15,VTRS,42.11755,-0.033888947,1.2670772e+08,4.318657086048049,-0.0017064789,0.045316476,0.04381647637486458,0.045603285789489745
2015-01-15,CAR,58.08006,-0.031066714,1.19579016e+08,4.318657086048049,-0.0047439993,0.0045803906,0.003080390639603138,0.00786877727508545
2015-01-15,AGIO,127.71,-0.054070037,1.12788104e+08,4.318657086048049,-0.0031321081,0.029833257,0.02833325719833374,0.03156901454925537
2015-01-15,STX,37.31155,-0.035763886,9.144239e+07,4.318657086048049,0.0012844291,0.013487579,0.011987579300999642,0.010687480926513672
2015-01-15,AMBA,53.61,-0.07489215,1.1691773e+08,4.318657086048049,-0.0039171623,0.10464466,0.10314466363191604,0.10748876190185547
2015-01-15,EXPE,77.35202,-0.033493325,1.4360219e+08,4.318657086048049,0.0009697511,0.017084565,0.01558456501364708,0.014599214553833008
2015-01-15,PANW,20.346666,-0.03341249,1.4499702e+08,4.318657086048049,-0.003358421,0.019495454,0.017995453685522078,0.02143097972869873
2015-01-15,IONS,68.84,-0.047724508,2.7718294e+08,4.318657086048049,0.00058107084,0.050697353,0.04919735273718834,0.04858721351623535
2015-01-28,CMCSA,19.213749,-0.0314052,5.7258995e+08,8.846915088568892,0.0049462263,-0.02637802,-0.02787802064418793,-0.0326700701713562
2015-01-28,FTNT,6.28,-0.032357406,4.711378e+07,8.846915088568892,-0.06050957,-0.04777073,-0.049270731151103975,0.012059341430664063
2015-01-28,BIDU,220.31,-0.031732086,6.1747616e+08,8.846915088568892,-0.009395815,-0.010848347,-0.012348347097635269,-0.0029662742614746094
2015-01-28,CLDX,334.05,-0.060733885,4.78194e+07,8.846915088568892,0.0013471403,-0.03816794,-0.039667938590049745,-0.04096197032928467
2015-01-28,IONS,68.58,-0.052762426,2.5204005e+08,8.846915088568892,0.0077281827,-0.0010207013,-0.0025207012528553605,-0.010181833744049072
2015-01-28,PCRX,101.54,-0.046304125,5.5062028e+07,8.846915088568892,0.008174136,0.057218805,0.05571880495548248,0.04714692687988281
2015-01-28,AGIO,118.8,-0.058189284,9.396334e+07,8.846915088568892,0.0012625748,-0.024242464,-0.02574246445298195,-0.026972819805145265
2015-01-28,AAL,47.96263,-0.03946852,6.3709146e+08,8.846915088568892,0.008494394,-0.03042261,-0.03192260929942131,-0.0400892391204834
2015-01-28,ALNY,90.88,-0.048376992,8.559824e+07,8.846915088568892,0.018595979,0.03246044,0.030960439950227736,0.012111435890197754
2015-01-28,RGLD,64.48024,-0.031193057,5.2773708e+07,8.846915088568892,-0.026404789,-0.023845082,-0.02534508214890957,0.0011291608810424804
2015-03-10,CMCSA,20.660318,-0.03087358,5.735907e+08,7.7086394968977885,-0.0015328716,0.0107328715,0.009232871480286122,0.010784517288208008
2015-03-10,WDC,62.793316,-0.031097667,1.5947883e+08,7.7086394968977885,-0.005433242,-0.008351128,-0.009851127617061138,-0.0044338002204895016
2015-03-10,PGEN,44.928333,-0.03509857,8.110247e+07,7.7086394968977885,0.002339932,0.009997883,0.008497882880270482,0.00614000415802002
2015-03-10,QLYS,43.85,-0.034141034,2.6067692e+07,7.7086394968977885,-0.004332922,0.0031927756,0.0016927756499499082,0.0060584650039672856
2015-03-10,OSPN,20.230288,-0.06347821,6.313635e+07,7.7086394968977885,0.0,0.015320232,0.013820232138037682,0.013820181846618653
2015-03-10,MCHP,19.60001,-0.035067193,1.1068729e+08,7.7086394968977885,-0.0044419793,0.0032301322,0.0017301321625709533,0.006206284523010254
2015-03-10,ADSK,59.64,-0.034326408,1.3678243e+08,7.7086394968977885,0.004024173,0.008383635,0.006883635431528092,0.0028419599533081054
2015-03-10,CRTO,40.59,-0.053184018,3.5317144e+07,7.7086394968977885,0.00024632475,0.014781929,0.01328192862123251,0.013032089233398438
2015-03-10,VRSK,65.163826,-0.039518263,6.5606016e+07,7.7086394968977885,0.010067494,0.035891876,0.034391875624656676,0.024067054748535155
2015-03-10,LRCX,6.6783032,-0.034909464,1.08595464e+08,7.7086394968977885,0.0035913961,-0.003078523,-0.004578523091971874,-0.00814609670639038
2015-03-11,PENN,15.76,-0.030750306,2.2453568e+07,5.214352137952773,0.0038070728,0.034898426,0.03339842638373375,0.029473434448242186
2015-03-25,SWKS,75.43059,-0.058052346,4.2443485e+08,5.047882952872513,-0.03766887,0.03411141,0.03261141037940979,0.07308996772766113
2015-03-25,REGN,449.74588,-0.041689474,4.1812538e+08,5.047882952872513,-0.013194096,0.0011234101,-0.00037658993247896436,0.013008962631225586
2015-03-25,UAL,65.56,-0.030607715,3.4897155e+08,5.047882952872513,-0.02379496,0.033404555,0.03190455517172813,0.05709375
2015-03-25,AMGN,115.229576,-0.03246775,3.973605e+08,5.047882952872513,-0.011082029,0.012265143,0.010765142984688282,0.02210880374908447
2015-03-25,NXPI,88.239716,-0.0373893,3.9422048e+08,5.047882952872513,-0.041338068,-0.0022967802,-0.0037967802360653878,0.03922475433349609
2015-03-25,AVGO,9.392016,-0.06527979,2.8661773e+08,5.047882952872513,-0.033512272,0.030379226,0.02887922643125057,0.06460691547393799
2015-03-25,AAL,49.37949,-0.035601832,9.1789235e+08,5.047882952872513,-0.022495821,0.0124977045,0.010997704476118088,0.03429878807067871
2015-03-25,NFLX,6.025,-0.037715655,8.974339e+08,5.047882952872513,-0.010314245,-0.016550088,-0.018050088301301004,-0.0078008069992065426
2015-03-25,BIIB,431.63,-0.046563998,9.836497e+08,5.047882952872513,-0.00887338,-0.004077589,-0.005577589139342308,0.003338705062866211
2015-03-25,VRTX,118.64,-0.04584202,2.5156328e+08,5.047882952872513,0.0025286837,0.014329037,0.012829036697745324,0.01027060604095459
2015-03-26,NVAX,151.6,-0.050125312,4.801378e+07,4.034278294963457,0.013192612,0.13984166,0.13834166085720062,0.1235
2015-04-17,ALNY,116.98,-0.036170382,7.828075e+07,9.949714466789985,0.013164585,0.03180025,0.030300251454114913,0.016893516540527342
2015-04-17,CSIQ,34.82,-0.032509085,6.1770204e+07,9.949714466789985,0.017805828,0.029580666,0.028080665752291678,0.010068903923034668
2015-04-17,IPGP,94.99,-0.030516487,4.4098028e+07,9.949714466789985,0.0043162825,0.012106554,0.01060655365139246,0.006256710052490235
2015-04-17,ON,11.84,-0.042845573,7.655596e+07,9.949714466789985,0.0033783752,0.027871614,0.026371614322066306,0.022910724639892577
2015-04-17,NTES,18.36976,-0.030626172,5.544062e+07,9.949714466789985,0.01171472,0.02263067,0.02113066917657852,0.009289632797241211
2015-04-17,CLDX,401.4,-0.03567569,5.796886e+07,9.949714466789985,0.010089732,0.041479807,0.03997980734705925,0.029576550483703612
2015-04-17,VRTX,125.07,-0.03001398,2.2977149e+08,9.949714466789985,0.0085552065,0.057008054,0.055508054107427596,0.046541820526123046
2015-04-17,RARE,62.95,-0.03153845,2.1240914e+07,9.949714466789985,0.0063542128,0.02017475,0.018674749195575713,0.012233267784118653
2015-04-17,OSPN,23.761663,-0.04708108,2.671931e+07,9.949714466789985,0.014229301,0.01541513,0.0139151301831007,-0.0003309144973754883
2015-04-17,CHKP,81.75,-0.03551206,8.6514056e+07,9.949714466789985,0.01529052,0.060428165,0.05892816489934921,0.04295791244506836
2015-04-30,ACAD,34.17,-0.047127787,6.0512684e+07,5.4626139716715585,0.002633894,0.06994449,0.06844449347257614,0.06563378429412842
2015-04-30,PTCT,58.75,-0.059699096,4.6734164e+07,5.4626139716715585,0.01225534,0.03557447,0.034074469715356825,0.021536837577819823
2015-04-30,IONS,56.72,-0.04366886,1.4259909e+08,5.4626139716715585,0.018159358,0.051833544,0.05033354392647743,0.0315735445022583
2015-04-30,VTRS,57.70599,-0.030066922,9.082544e+08,5.4626139716715585,0.006365983,0.010932898,0.00943289814889431,0.0030380592346191406
2015-04-30,CSIQ,35.4,-0.046336137,5.8654044e+07,5.4626139716715585,0.0005648769,0.029378448,0.02787844768166542,0.027297268867492674
2015-04-30,MAR,71.61381,-0.04554663,1.5252354e+08,5.4626139716715585,0.0074949674,0.005746298,0.004246298003941775,-0.003235687255859375
2015-04-30,AGIO,92.34,-0.07027792,7.545197e+07,5.4626139716715585,0.014728186,0.04104398,0.03954397818446159,0.02443386173248291
2015-04-30,UTHR,159.69,-0.03036007,1.3210418e+08,5.4626139716715585,0.01058302,0.061556775,0.060056775122880934,0.04893995380401611
2015-04-30,FSLR,59.67,-0.036648378,1.018221e+08,5.4626139716715585,-0.036366653,-0.04843304,-0.04993303933739662,-0.014021803379058837
2015-04-30,INCY,97.16,-0.044359148,1.2720242e+08,5.4626139716715585,0.01749688,0.0395224,0.03802239826321602,0.020146857261657714
2015-06-08,EBAY,22.584774,-0.037640434,3.7609683e+08,3.8815594369238653,-0.0019717207,-0.006244951,-0.007744950927793979,-0.005781699657440185
2015-06-08,PTCT,54.55,-0.04163737,3.715223e+07,3.8815594369238653,-0.0045829513,-0.011915632,-0.013415631592273712,-0.008866418838500976
2015-06-08,JAZZ,174.27,-0.034942947,8.268398e+07,3.8815594369238653,-0.00636943,0.01910829,0.01760828985273838,0.02414108371734619
2015-06-08,AVGO,10.463843,-0.036019415,4.9179213e+08,3.8815594369238653,0.0023078462,0.030512748,0.029012748286128043,0.026639829635620116
2015-06-08,GLNG,37.87523,-0.041031018,5.715222e+07,3.8815594369238653,0.0017202544,0.028050218,0.026550217777490615,0.024784694671630858
2015-06-08,JBLU,19.01,-0.07223033,2.0520611e+08,3.8815594369238653,-0.015255176,0.007364513,0.005864512886852026,0.021470080375671385
2015-06-08,ACAD,40.89,-0.030123351,3.934705e+07,3.8815594369238653,-0.0061139646,-0.041574977,-0.04307497733831406,-0.0371791615486145
2015-06-08,SWKS,80.866356,-0.03234363,2.5992283e+08,3.8815594369238653,-0.0072321654,0.031470146,0.029970146030187605,0.037484298706054686
2015-06-08,ON,12.48,-0.034802843,7.1246536e+07,3.8815594369238653,0.0024039012,0.012820577,0.011320577248930931,0.008891712188720704
2015-06-08,LULU,61.52,-0.035736658,1.3404705e+08,3.8815594369238653,0.06810791,0.08533804,0.0838380411863327,0.01463140106201172
2015-06-09,CLDX,377.85,-0.042569336,4.0672396e+07,3.1487118517530206,-0.002778929,0.014291369,0.012791369356215,0.015617977142333985
2015-06-09,ALKS,58.25,-0.034796994,4.917939e+07,3.1487118517530206,0.0003433555,0.03055792,0.029057919293642043,0.028704176902770995
2015-06-09,NBIX,42.96,-0.051236745,3.83862e+07,3.1487118517530206,0.0051210714,0.01280259,0.011302589684724808,0.0061423883438110356
2015-06-09,CSIQ,31.23,-0.03012426,1.1240587e+08,3.1487118517530206,0.006083911,0.06980468,0.06830468332767486,0.061835418701171874
2015-06-09,MNKD,33.5,-0.07330571,6.1653508e+07,3.1487118517530206,0.0074626864,-0.14776121,-0.14926121079921723,-0.15557413244247437
2015-06-09,ACAD,39.13,-0.04304227,3.968546e+07,3.1487118517530206,0.005877831,0.016611237,0.015111237078905106,0.009170661926269532
2015-06-26,ON,12.0,-0.040767405,9.2096856e+07,8.390941547694524,-0.009166638,-0.025833368,-0.027333368301391603,-0.01832090759277344
2015-06-26,SRPT,31.26,-0.04286588,3.4342572e+07,8.390941547694524,0.016634692,-0.0265515,-0.028051499962806703,-0.04397957468032837
2015-06-26,CRUS,34.44,-0.031768374,3.5934416e+07,8.390941547694524,-0.018873338,-0.011904758,-0.013404758401215076,0.005602608680725098
2015-06-26,JAZZ,174.12,-0.032290325,7.290859e+07,8.390941547694524,-0.0093039,0.011199243,0.009699243366718293,0.01919568634033203
2015-06-26,AMBA,101.57,-0.03017286,6.7178854e+08,8.390941547694524,-0.03810183,0.011026905,0.009526904918253422,0.04957474327087402
2015-06-26,SYNA,86.32,-0.038966823,7.6977736e+07,8.390941547694524,-0.008920258,0.004865595,0.0033655951395630836,0.01240993595123291
2015-06-26,IONS,58.89,-0.0500081,1.7579704e+08,8.390941547694524,-0.023603318,-0.022754291,-0.024254291072487832,-0.0006304874420166016
2015-06-26,JOYY,54.008778,-0.057653606,8.971809e+07,8.390941547694524,-0.043068916,-0.0085566705,-0.010056670509278774,0.03456557846069336
2015-06-26,ALNY,117.67,-0.044188146,1.21128696e+08,8.390941547694524,-0.017251626,0.018696394,0.01719639381766319,0.035079132080078124
2015-06-26,OSPN,29.115082,-0.07847803,6.128766e+07,8.390941547694524,-0.053870935,-0.026128933,-0.02762893283367157,0.02782155132293701
2015-06-29,BIIB,396.21,-0.030631514,5.1153222e+08,1.4670569798098114,0.01852552,0.023220042,0.021720041766762732,0.003109227180480957
2015-06-29,TRIP,76.27316,-0.03455646,1.8361466e+08,1.4670569798098114,0.0144573385,0.013174789,0.011674789026379586,-0.0027642741203308106
2015-06-29,NXPI,85.904854,-0.030043636,2.306895e+08,1.4670569798098114,0.009128202,0.001333248,-0.00016675201337784532,-0.009224463939666748
2015-06-29,MNST,11.199167,-0.03600887,1.6058886e+08,1.4670569798098114,0.009970895,0.0008184326,-0.0006815674002282322,-0.010562051773071289
2015-06-29,GILD,79.52928,-0.033807542,8.586012e+08,1.4670569798098114,0.015849676,0.004763306,0.0032633061185479164,-0.012413372039794921
2015-06-29,LULU,64.8,-0.034133155,2.4199086e+08,1.4670569798098114,0.010185123,0.0038580245,0.002358024487271905,-0.007763375282287597
2015-06-29,TCOM,35.13425,-0.03630405,2.4587443e+08,1.4670569798098114,0.018411044,0.005381623,0.0038816228173673153,-0.014293898582458496
2015-06-29,CTSH,53.27462,-0.041516643,1.6097755e+08,1.4670569798098114,0.009807369,0.015364515,0.013864514663815499,0.004003177642822266
2015-06-29,SWKS,80.64508,-0.045462806,2.6415174e+08,1.4670569798098114,0.020481894,0.01832614,0.01682613907754421,-0.0036125078201293946
2015-06-29,REGN,500.24927,-0.03007919,4.1030634e+08,1.4670569798098114,0.014317752,0.0030496882,0.0015496881809085607,-0.012608934879302978
2015-07-08,VRTX,121.54,-0.046595562,1.9895776e+08,9.314994296258448,0.012094794,0.011601087,0.01010108670592308,-0.0019877448081970215
2015-07-08,ILMN,208.07393,-0.035487205,2.9970746e+08,9.314994296258448,0.011500672,0.025946712,0.024446712121367453,0.012781749725341797
2015-07-08,INCY,106.0,-0.030369554,9.736276e+07,9.314994296258448,0.007547199,0.02198115,0.020481149911880492,0.012825857162475586
2015-07-08,TSLA,16.997334,-0.048230577,9.334816e+08,9.314994296258448,0.016159348,0.016433937,0.014933937475085259,-0.001229752540588379
2015-07-08,ALNY,112.73,-0.056889445,1.0085476e+08,9.314994296258448,0.018628567,0.080191545,0.07869154518842697,0.05893708324432373
2015-07-08,AMBA,97.45,-0.03380928,6.168621e+08,9.314994296258448,0.020625984,0.022165252,0.02066525189578533,8.235931396484344e-06
2015-07-08,NXPI,81.27042,-0.04384742,2.389718e+08,9.314994296258448,0.019080242,0.0053119166,0.003811916582286358,-0.015010525226593017
2015-07-08,VTRS,55.070656,-0.035389356,2.7541306e+08,9.314994296258448,0.01087581,0.03277262,0.031272619277238844,0.020161281585693358
2015-07-08,SWKS,75.55533,-0.0486619,2.866217e+08,9.314994296258448,0.02677865,0.048117638,0.04661763763427734,0.019282470703125
2015-07-08,AVGO,9.692564,-0.036058452,3.529736e+08,9.314994296258448,0.016634017,0.013978801,0.012478800736367703,-0.004111696720123291
2015-07-09,CACC,252.8,-0.07524598,3.0820262e+07,8.832262354058031,0.0042325635,-0.012064885,-0.013564885348081588,-0.017728735446929933
2015-07-09,CRUS,30.74,-0.040574316,3.686275e+07,8.832262354058031,0.025374128,0.044241987,0.04274198716878891,0.01690090751647949
2015-07-24,SWKS,77.22295,-0.052463483,3.5293142e+08,6.246512238628242,-0.016477458,-0.020776214,-0.022276214078068735,-0.005870748996734619
2015-07-24,TRIP,71.90682,-0.1339831,1.2673258e+08,6.246512238628242,-0.006307287,-0.018797936,-0.02029793591797352,-0.014069904327392578
2015-07-24,GOOG,30.88546,-0.03216005,1.7494633e+09,6.246512238628242,-0.004105262,0.007120477,0.005620477035641671,0.009772072792053223
2015-07-24,VRTX,125.5,-0.040886555,2.275231e+08,6.246512238628242,-0.010039858,0.02231078,0.020810780361294745,0.031178723335266112
2015-07-24,INCY,108.54,-0.041250758,1.0496856e+08,6.246512238628242,-0.0049751326,-0.028100267,-0.029600267052650453,-0.024740745067596437
2015-07-24,UTHR,169.28,-0.03323819,9.7323576e+07,6.246512238628242,-0.0035444596,-0.01961243,-0.021112429663538934,-0.017625142574310304
2015-07-24,AMGN,114.334076,-0.033577234,3.348621e+08,6.246512238628242,0.004918125,0.08922403,0.08772403305768967,0.0823932991027832
2015-07-24,EXPE,99.42222,-0.03487958,1.4044027e+08,6.246512238628242,-0.0017973415,0.013907565,0.01240756480395794,0.014233122825622559
2015-07-24,GILD,77.71773,-0.041050546,7.69191e+08,6.246512238628242,-0.0017724234,0.0021272025,0.0006272024605423212,0.0024064884185791015
2015-07-24,TCOM,36.24386,-0.030738525,1.7244262e+08,6.246512238628242,-0.036243767,-0.062191155,-0.06369115480780602,-0.02842312002182007
2015-07-27,TCOM,34.35305,-0.052169062,1.711383e+08,3.0459978346532353,-0.0014484569,0.021292005,0.019792004734277724,0.021273385047912596
2015-07-27,PANW,31.048332,-0.053789094,2.6784371e+08,3.0459978346532353,0.013634682,-0.014171409,-0.01567140942066908,-0.02893208408355713
2015-07-27,AMBA,119.45,-0.03847707,3.5508896e+08,3.0459978346532353,0.021347871,-0.014483012,-0.0159830122590065,-0.036581982612609865
2015-07-27,INCY,104.37,-0.038418997,1.072283e+08,3.0459978346532353,0.0017246364,-0.006036264,-0.007536263890564441,-0.009247530937194824
2015-07-27,JD,28.16883,-0.07188202,2.6828075e+08,3.0459978346532353,-0.004665716,0.035458792,0.033958792001008986,0.03881264781951904
2015-07-27,PGEN,54.083252,-0.040274348,8.185308e+07,3.0459978346532353,0.014660027,0.14238587,0.14088587021827698,0.12438047981262207
2015-07-27,NTES,22.651237,-0.06774271,1.3387309e+08,3.0459978346532353,0.010030169,0.020854475,0.01935447497665882,0.009216795921325684
2015-07-27,RARE,117.06,-0.10886117,8.8465816e+07,3.0459978346532353,0.0134973675,-0.0052963877,-0.006796387709677219,-0.020043481826782228
2015-07-27,TSLA,16.867332,-0.046720233,1.01285114e+09,3.0459978346532353,0.010829619,0.0427256,0.04122560030221939,0.030054222106933592
2015-07-27,SWKS,73.88776,-0.043189198,3.6669757e+08,3.0459978346532353,0.014225861,0.018183684,0.016683683976531027,0.002402316093444824
2015-08-20,META,89.77166,-0.049837433,3.0943314e+09,3.6876493689941583,-0.03356897,-0.093528934,-0.09502893382310867,-0.06354265356063843
2015-08-20,AMZN,25.789,-0.03216244,2.4178578e+09,3.6876493689941583,-0.016324772,-0.10161304,-0.10311303728818894,-0.08820371770858765
2015-08-20,SBUX,44.386616,-0.030907927,3.8231232e+08,3.6876493689941583,-0.019530952,-0.09801125,-0.09951124781370163,-0.08154361391067505
2015-08-20,GILD,77.41467,-0.03287137,7.8768646e+08,3.6876493689941583,-0.016460797,-0.10436896,-0.10586896234750748,-0.09087948942184448
2015-08-20,TSLA,16.145332,-0.051204745,1.1131594e+09,3.6876493689941583,-0.025518192,-0.09625066,-0.09775066071748734,-0.07408468866348267
2015-08-20,NFLX,11.249,-0.07840412,1.7200846e+09,3.6876493689941583,-0.055916056,-0.13876788,-0.14026788318157196,-0.08925895833969116
2015-08-20,AMBA,97.04,-0.07262996,3.144038e+08,3.6876493689941583,-0.041632324,-0.097485565,-0.09898556464910507,-0.05977957391738892
2015-08-20,AMGN,116.72015,-0.032538526,4.5540202e+08,3.6876493689941583,-0.013527842,-0.083835185,-0.0853351845741272,-0.07277147912979126
2015-08-20,EBAY,23.387035,-0.033175495,3.4530672e+08,3.6876493689941583,-0.0071643516,-0.059954777,-0.061454777359962465,-0.05467133665084839
2015-08-20,REGN,541.5397,-0.03912731,4.035473e+08,3.6876493689941583,-0.016281048,-0.07695975,-0.0784597515463829,-0.06318293952941895
2015-08-21,META,85.31083,-0.049690858,3.2168274e+09,1.0474502991479397,-0.10492654,-0.035556514,-0.03705651381611824,0.07600201225280762
2015-08-21,GOOGL,31.897968,-0.05217231,1.5322432e+09,1.0474502991479397,-0.06743469,-0.049003866,-0.05050386556982994,0.01826358890533447
2015-08-21,TSLA,15.384667,-0.047113612,1.157241e+09,1.0474502991479397,-0.12124633,-0.04653988,-0.048039880335330964,0.08351410484313965
2015-08-21,BKNG,47.664314,-0.032301076,9.2192256e+08,1.0474502991479397,-0.045130443,-0.03131682,-0.03281682053208351,0.012966524124145508
2015-08-21,REGN,522.25165,-0.035617013,4.2796147e+08,1.0474502991479397,-0.055351086,-0.053416315,-0.054916315466165544,0.0005481348037719726
2015-08-21,AMBA,89.76,-0.0750206,3.1869075e+08,1.0474502991479397,-0.16443852,-0.030748686,-0.03224868582189083,0.15849996662139892
2015-08-21,NFLX,10.396,-0.07582894,1.8410292e+09,1.0474502991479397,-0.14630626,-0.023470515,-0.02497051538527012,0.14238740062713623
2015-08-21,SBUX,42.02451,-0.053216636,3.9618675e+08,1.0474502991479397,-0.09065079,-0.033118766,-0.03461876580119133,0.06176723098754883
2015-08-21,GOOG,30.33666,-0.05310533,1.3682707e+09,1.0474502991479397,-0.064459324,-0.049666878,-0.051166877835989,0.014311681747436524
2015-08-21,AMZN,24.7235,-0.041316077,2.3605253e+09,1.0474502991479397,-0.06247087,-0.056828476,-0.05832847648859024,0.004518280982971192
2015-08-24,EXPE,101.905426,-0.053881776,2.237968e+08,0.4749255853823655,0.037465297,0.06604997,0.0645499706864357,0.026052366256713866
2015-08-24,SBUX,40.03623,-0.04731242,4.1646134e+08,0.4749255853823655,0.05204589,0.07191105,0.0704110518693924,0.017382393836975096
2015-08-24,GOOG,29.203888,-0.037340052,1.4221124e+09,0.4749255853823655,0.042909827,0.066162474,0.06466247445344925,0.020795951843261717
2015-08-24,NFLX,9.688,-0.068103135,2.0753025e+09,0.4749255853823655,0.112200655,0.13676712,0.13526711916923523,0.020588170051574706
2015-08-24,REGN,499.8629,-0.042869627,4.4592454e+08,0.4749255853823655,0.032423075,0.061219297,0.05971929734945297,0.02639199352264404
2015-08-24,BKNG,45.987923,-0.03517079,9.2988186e+08,0.4749255853823655,0.023839077,0.04202296,0.040522958397865294,0.016260396003723143
2015-08-24,EBAY,21.98487,-0.032596152,3.2320803e+08,0.4749255853823655,0.01764939,0.049739365,0.04823936453461647,0.030033360481262206
2015-08-24,GOOGL,30.614185,-0.040246543,1.593859e+09,0.4749255853823655,0.04588188,0.06735042,0.06585041737556457,0.019026766777038573
2015-08-24,AMZN,23.1685,-0.062895566,2.0309847e+09,0.4749255853823655,0.052053407,0.08071299,0.07921298897266388,0.02574158763885498
2015-08-24,META,81.37541,-0.046130337,3.388148e+09,0.4749255853823655,0.05920305,0.062126726,0.060626725912094115,0.0012602910995483398
2015-08-25,ULTA,153.26,-0.034400243,1.3645344e+08,0.43070884470660076,0.00678591,0.045543592,0.044043592423200606,0.03699649429321289
2015-08-25,NVAX,205.0,-0.04473442,7.365234e+07,0.43070884470660076,0.031219482,0.13365851,0.1321585134267807,0.09783781623840332
2015-09-25,RARE,94.11,-0.07444925,5.4663064e+07,3.819769979803553,-0.011582233,-0.07969397,-0.08119397306442261,-0.07040982389450073
2015-09-25,LGND,57.223953,-0.056081507,2.8179958e+07,3.819769979803553,-0.0057777804,-0.10498199,-0.10648198866844177,-0.10128073835372925
2015-09-25,EXEL,5.91,-0.04677419,3.965513e+07,3.819769979803553,-0.010152275,-0.054145467,-0.055645466536283494,-0.04594438219070435
2015-09-25,DXCM,23.015,-0.051319078,9.573312e+07,3.819769979803553,-0.019769713,-0.0985227,-0.10002270036935806,-0.08184133911132813
2015-09-25,SRPT,36.27,-0.06712964,5.179193e+07,3.819769979803553,-0.0013785287,-0.12048527,-0.12198526853322983,-0.1207711591720581
2015-09-25,REGN,486.083,-0.06001926,4.130676e+08,3.819769979803553,0.0006928065,-0.07917758,-0.08067758077383042,-0.0813150897026062
2015-09-25,INCY,106.62,-0.04761049,1.812895e+08,3.819769979803553,-0.010035638,-0.06593516,-0.0674351572394371,-0.05796616220474243
2015-09-28,AMZN,25.203,-0.03851218,1.8416575e+09,0.7230922892217251,0.0038487532,0.015533884,0.014033884055912495,0.010140310287475586
2015-09-28,TSLA,16.562,-0.033007614,9.855651e+08,0.7230922892217251,0.008171242,-0.00012080719,-0.0016208071917062626,-0.009724785327911377
2015-09-28,META,88.43342,-0.038374286,2.6938043e+09,0.7230922892217251,-0.0012331827,0.007734439,0.0062344388701021675,0.007478605270385743
2015-09-28,TCOM,30.78041,-0.053259812,1.470367e+08,0.7230922892217251,0.009052659,0.021338534,0.019838533610105513,0.010675679206848145
2015-09-28,BKNG,46.967907,-0.042801447,7.323856e+08,0.7230922892217251,-0.00094238675,0.03145572,0.02995572170615196,0.030928741455078124
2015-09-28,EQIX,209.87025,-0.031543296,2.3858501e+08,0.7230922892217251,0.0037340256,0.010758135,0.009258134536445141,0.005498062133789063
2015-09-28,JBLU,25.48,-0.044261076,2.0407469e+08,0.7230922892217251,-0.0074567753,0.011381512,0.009881511576473713,0.017479787826538085
2015-09-28,TMUS,38.545696,-0.051251993,1.2097246e+08,0.7230922892217251,0.0014797334,-0.018006887,-0.019506887286901475,-0.02095781707763672
2015-09-28,SBUX,44.3548,-0.038282294,3.9093837e+08,0.7230922892217251,0.0014342914,0.019185979,0.017685978919267653,0.01622630214691162
2015-09-28,ADBE,80.52,-0.031396616,3.3248637e+08,0.7230922892217251,0.0,0.021112824,0.019612823858857154,0.019612799644470214
2015-09-29,PANW,27.968332,-0.04490611,3.0724326e+08,0.5615046804130515,0.013050466,0.022942673,0.0214426734149456,0.008264790534973145
2015-09-29,SRPT,31.9,-0.050877742,5.105952e+07,0.5615046804130515,-0.017241355,0.23134793,0.2298479334115982,0.25145042991638183
2015-09-29,MKTX,81.62245,-0.04097154,2.0047564e+07,0.5615046804130515,0.007707962,0.035234183,0.03373418307304382,0.025815735816955565
2015-11-09,HALO,17.88,-0.03819263,2.1233086e+07,7.926138037896706,-0.06152117,-0.09507824,-0.0965782373547554,-0.03725688600540161
2015-11-09,NFLX,10.986,-0.036822733,1.8582776e+09,7.926138037896706,-0.009102529,0.0273075,0.025807499200105666,0.03524447536468506
2015-11-09,TCOM,48.72321,-0.05290652,3.8739098e+08,7.926138037896706,-0.0029615979,0.012663459,0.011163459405303002,0.014171491622924805
2015-11-09,ALGT,173.22717,-0.032676168,2.9833622e+07,7.926138037896706,0.0019873832,-0.031028707,-0.03252870658040047,-0.034450520515441896
2015-11-09,BKNG,51.355106,-0.09569632,9.8508096e+08,7.926138037896706,-0.006932699,0.014056523,0.012556523330509663,0.019635807037353514
2015-11-09,BIDU,194.01,-0.031402938,8.1574144e+08,7.926138037896706,-0.00448428,0.028246025,0.02674602462351322,0.03137780284881592
2015-11-09,ACHC,71.27,-0.032840356,6.0331376e+07,7.926138037896706,-0.007576727,-0.03465685,-0.03615684875845909,-0.02878688716888428
2015-11-09,TTWO,32.97,-0.0359649,4.936119e+07,7.926138037896706,0.0006066259,-0.0015166227,-0.0030166227240115404,-0.0036219849586486817
2015-11-10,EWBC,32.71253,-0.0342195,2.9513922e+07,5.626901038848416,0.007900163,-0.022025462,-0.0235254622399807,-0.03119104051589966
2015-11-10,FSLR,55.87,-0.043158084,1.0783566e+08,5.626901038848416,0.0026848314,-0.034902465,-0.03640246459841728,-0.03898661279678345
2015-11-10,TMUS,35.208363,-0.039678548,1.8118498e+08,5.626901038848416,0.0097217,0.025384897,0.023884897366166113,0.014012347221374512
2015-11-10,RARE,97.43,-0.04788431,4.6019116e+07,5.626901038848416,0.0008211211,-0.027917491,-0.029417491272091867,-0.030215014457702638
2015-11-11,MIDD,90.78037,-0.062245466,4.071138e+07,4.395979959853847,-0.010280059,-0.064604774,-0.06610477411746979,-0.05638896369934082
2015-11-11,DOX,45.038372,-0.07554075,3.150801e+07,4.395979959853847,-0.0127791045,-0.026277727,-0.027777726516127588,-0.015173365116119384
2015-11-11,EXEL,5.74,-0.09320698,2.2683496e+07,4.395979959853847,0.0034844005,-0.059233394,-0.06073339352011681,-0.06399994039535523
2015-11-12,SRPT,24.87,-0.03641994,3.860019e+07,0.9904562396493333,-0.0036188238,0.04302371,0.04152370920777321,0.045311938285827635
2015-11-12,SYNA,88.33,-0.035066627,5.1663692e+07,0.9904562396493333,-0.0014718089,-0.015170428,-0.01667042797058821,-0.015218843460083007
2015-11-12,AMCX,76.09,-0.031317715,8.142374e+07,0.9904562396493333,-0.003416934,0.007622577,0.006122576784342528,0.009577404022216797
2015-11-12,NFLX,10.892,-0.03491051,1.7345112e+09,0.9904562396493333,-0.005325061,0.022309955,0.020809955209493636,0.026282917022705077
2015-11-12,LGND,58.845913,-0.03449338,3.3223764e+07,0.9904562396493333,-0.0031803236,0.057987943,0.05648794329166412,0.05986345863342285
2015-11-12,EXEL,5.42,-0.055749077,2.2922154e+07,0.9904562396493333,0.0,0.0110701,0.009570099659264088,0.0095701322555542
2015-11-12,AVT,35.179394,-0.03331182,4.129806e+07,0.9904562396493333,-0.0038039195,0.007608164,0.006108164101839066,0.009955655097961426
2015-11-12,OZK,37.990173,-0.030625412,2.956784e+07,0.9904562396493333,0.024782868,0.0022705328,0.0007705327719449997,-0.02346788787841797
2015-11-12,ALKS,71.42,-0.03146189,6.3496924e+07,0.9904562396493333,0.0,0.024922974,0.02342297440767288,0.023422966957092284
2015-11-12,PODD,33.0,-0.056873437,2.058442e+07,0.9904562396493333,-0.0063636084,0.030303031,0.02880303120613098,0.035401473999023436
2015-11-13,NTES,24.303978,-0.034107186,1.1547368e+08,0.24164903846390473,-0.01924247,0.017419484,0.015919483512639998,0.03588117218017578
2015-11-13,AMZN,32.1175,-0.034930844,2.8769144e+09,0.24164903846390473,-0.0022261655,0.0014789635,-2.103646844625476e-05,0.002213369369506836
2015-11-13,NFLX,10.365,-0.048384175,1.5940042e+09,0.24164903846390473,-0.006560525,0.12976366,0.128263662815094,0.13572431659698486
2015-11-13,NWL,27.035091,-0.03482605,5.8262164e+07,0.24164903846390473,-0.0028112396,0.017572664,0.016072663724422454,0.018941412925720214
2015-11-13,META,103.04508,-0.03767834,3.0032832e+09,0.24164903846390473,-0.006060346,0.011351867,0.009851866647601128,0.016018401145935057
2015-12-11,META,101.231026,-0.03130341,2.383564e+09,9.926623303361481,0.0016647633,0.023795737,0.02229573695361614,0.020594130516052245
2015-12-11,TCOM,48.454514,-0.035650693,4.1569434e+08,9.926623303361481,-0.003902123,-0.007188283,-0.008688282907009124,-0.00479899787902832
2015-12-11,AMZN,32.0075,-0.033473287,2.992636e+09,9.926623303361481,0.0024994714,0.02888384,0.02738384088873863,0.02481855010986328
2015-12-11,JBLU,23.44,-0.07861635,1.5084723e+08,9.926623303361481,0.014931757,-0.010238898,-0.011738897986710071,-0.026300360202789308
2015-12-11,NFLX,11.891,-0.032544184,2.248518e+09,9.926623303361481,0.007232398,-0.0026070252,-0.004107025206089019,-0.01126884365081787
2015-12-11,ADSK,61.1,-0.033839393,1.6761814e+08,9.926623303361481,-0.0037643134,-0.00016363866,-0.0016636386587051675,0.0021143064498901367
2015-12-11,JD,26.766956,-0.03322798,3.3192618e+08,9.926623303361481,0.00752872,0.03371524,0.03221524065732956,0.024490962982177733
2015-12-11,SBUX,47.729862,-0.033133917,3.774714e+08,9.926623303361481,0.0036778806,0.0026746115,0.0011746115181595087,-0.002499569892883301
2015-12-11,BIDU,193.68,-0.031648427,1.02761645e+09,9.926623303361481,0.0010842974,0.028139263,0.02663926339149475,0.025525580406188964
2015-12-11,GT,29.227165,-0.037413925,8.268065e+07,9.926623303361481,0.004042301,0.017723879,0.01622387884557247,0.012126575469970704
2016-01-04,ALKS,74.83,-0.057319168,6.2217356e+07,6.868202046416627,0.006815375,0.0029400135,0.001440013539046049,-0.005349148750305175
2016-01-04,VRSN,82.45343,-0.039033994,9.283426e+07,6.868202046416627,-0.026563253,-0.034901757,-0.036401756793260576,-0.010066081523895263
2016-01-04,AMZN,31.8495,-0.057553682,2.8656492e+09,6.868202046416627,0.015494681,-0.0068133236,-0.008313323590904474,-0.02346764945983887
2016-01-04,MNST,12.028333,-0.031015057,1.582633e+08,6.868202046416627,0.0,0.013579097,0.012079096645116806,0.012079130172729493
2016-01-04,CASY,107.1791,-0.040348697,5.2924804e+07,6.868202046416627,-0.0038064008,0.020243976,0.01874397626519203,0.022642265319824217
2016-01-04,NTES,28.34014,-0.05032025,1.4316603e+08,6.868202046416627,0.005345059,0.009005077,0.007505077183246613,0.0021405324935913086
2016-01-04,CSIQ,27.98,-0.033839766,6.268077e+07,6.868202046416627,0.017155094,-0.02501783,-0.02651782961189747,-0.04296164655685425
2016-01-04,XRAY,50.873386,-0.032703545,4.693555e+07,6.868202046416627,0.0066260486,0.005606639,0.004106639198958874,-0.0025126233100891114
2016-01-04,NFLX,10.996,-0.03864307,1.755263e+09,6.868202046416627,0.004456146,0.07020729,0.06870729035139084,0.06395937061309814
2016-01-04,EBAY,23.307665,-0.03820974,2.2804384e+08,6.868202046416627,0.0068104323,-0.0007567147,-0.002256714725866914,-0.009015966892242431
2016-01-05,GT,27.900312,-0.040924586,8.55195e+07,6.208860758082679,-0.01661248,-0.0648211,-0.06632110172510147,-0.05052303218841553
2016-01-05,EXEL,5.27,-0.040072825,2.1895714e+07,6.208860758082679,-0.020872891,-0.06451616,-0.06601615691184998,-0.04607366466522217
2016-01-05,VRSN,79.958725,-0.03025593,9.406115e+07,6.208860758082679,-0.012283655,-0.010563864,-0.01206386437267065,0.0002411708831787109
2016-01-05,AVGO,10.474185,-0.033455204,3.2696694e+08,6.208860758082679,-0.021451466,-0.06159094,-0.06309093976020813,-0.04251938009262085
2016-01-06,IBKR,9.22724,-0.03544556,2.086176e+07,3.0125963235199293,-0.018374007,-0.062421206,-0.06392120638489723,-0.04637162828445435
2016-01-06,NBIX,50.12,-0.04405877,3.9184188e+07,3.0125963235199293,-0.02853153,-0.07402233,-0.0755223303437233,-0.048326839447021486
2016-01-06,AVGO,10.152008,-0.03075914,3.1934874e+08,3.0125963235199293,-0.014854743,-0.038187243,-0.039687243044376375,-0.02518438243865967
2016-01-06,KLAC,5.553811,-0.03142291,7.8381656e+07,3.0125963235199293,-0.01742232,-0.020126063,-0.021626063376665117,-0.004251648426055908
2016-01-06,SWBI,15.541122,-0.04447046,7.3294824e+07,3.0125963235199293,-0.022258157,-0.08417648,-0.08567648077011109,-0.06482790851593018
2016-01-06,IONS,58.72,-0.036429234,6.708931e+07,3.0125963235199293,-0.02980245,-0.031335153,-0.032835152685642244,-0.0030798211097717285
2016-01-06,MANH,62.7,-0.030612238,3.6105748e+07,3.0125963235199293,-0.02073364,-0.10095697,-0.10245696896314621,-0.08342187547683716
2016-01-06,FSLR,69.52,-0.034846622,1.9084754e+08,3.0125963235199293,-0.02704254,-0.05609888,-0.057598878383636476,-0.03136389398574829
2016-01-07,ADSK,55.98,-0.05979176,1.0567594e+08,0.6967071497330579,0.0033940447,-0.013397642,-0.014897642411291599,-0.018234838485717775
2016-01-07,NTES,27.228727,-0.047791597,1.2965817e+08,0.6967071497330579,0.010521869,-0.039789725,-0.04128972509503365,-0.05128775978088379
2016-01-07,INTC,25.163609,-0.037484683,5.420206e+08,0.6967071497330579,0.007851677,0.006909509,0.005409509189426899,-0.002434898853302002
2016-01-07,MSFT,45.392616,-0.03478259,1.7664146e+09,0.6967071497330579,0.003833638,0.00249189,0.000991889987140894,-0.00283669376373291
2016-01-07,FSLR,66.22,-0.04746829,1.9851608e+08,0.6967071497330579,0.018272411,-0.012080988,-0.01358098791539669,-0.03130870008468628
2016-01-07,META,97.06759,-0.049043514,2.2789187e+09,0.6967071497330579,0.02001636,-0.0041868784,-0.005686878446489572,-0.025228251457214357
2016-01-07,AMZN,30.397,-0.03905794,2.9817423e+09,0.6967071497330579,0.019278234,0.016120005,0.014620005398988724,-0.004598607063293457
2016-01-07,EXPE,108.44333,-0.035534408,2.9970138e+08,0.6967071497330579,0.010887665,-0.03144313,-0.03294313022494316,-0.04337482595443726
2016-01-07,TCOM,45.031155,-0.055126324,2.6485762e+08,0.6967071497330579,0.022320447,-0.03602217,-0.03752217137813568,-0.05856876516342163
2016-01-07,AVGO,9.82907,-0.031810254,3.1868582e+08,0.6967071497330579,0.0075941198,-0.007826497,-0.009326496846973896,-0.016804386615753175
2016-01-08,ROST,46.93769,-0.030877864,1.2231475e+08,0.5012145919795046,0.008061565,0.045105368,0.04360536789894104,0.03524757480621338
2016-01-08,SWBI,14.232925,-0.04191369,6.908837e+07,0.5012145919795046,0.0035352402,-0.00044162862,-0.0019416286246851087,-0.005462874412536621
2016-02-05,VC,61.17505,-0.03747866,7.8753016e+07,2.768455731197207,-0.011263123,-0.027353182,-0.028853182435035707,-0.017773319721221925
2016-02-05,GOOGL,34.85632,-0.035984766,2.5655782e+09,2.768455731197207,-0.022848794,-0.00389335,-0.005393350018188357,0.01789868927001953
2016-02-05,EQIX,234.10431,-0.06487296,3.268413e+08,2.768455731197207,-0.008875029,-0.081091315,-0.08259131455421448,-0.07436292314529419
2016-02-05,MSFT,43.643738,-0.03538472,2.3059597e+09,2.768455731197207,-0.012161147,-0.017543744,-0.019043744295835496,-0.006948877811431884
2016-02-05,CRUS,32.57,-0.043184523,8.706488e+07,2.768455731197207,-0.013816419,-0.010439059,-0.011939058765769004,0.0019246444702148437
2016-02-05,LULU,60.75,-0.03001758,2.0471848e+08,2.768455731197207,-0.012510261,-0.063703686,-0.06520368599891663,-0.05334197425842285
2016-02-05,FSLR,65.07,-0.03169639,1.5481002e+08,2.768455731197207,-0.024127858,0.021669028,0.02016902832686901,0.04542912101745605
2016-02-05,DPZ,97.71554,-0.0318417,8.784248e+07,2.768455731197207,-0.012413245,-0.04303731,-0.044537310242652894,-0.03250895881652832
2016-02-05,GOOG,33.857807,-0.03451947,2.2867581e+09,2.768455731197207,-0.022996927,-0.007987385,-0.009487384684383869,0.013862858772277832
2016-02-05,META,103.164055,-0.058104873,4.7819607e+09,2.768455731197207,-0.035168678,-0.043528438,-0.04502843761444092,-0.010164488792419433
2016-02-08,XRAY,49.438625,-0.030344296,7.2572776e+07,1.5947595055685042,-0.0087411,0.00926579,0.007765789762139321,0.0166657075881958
2016-02-08,MPWR,51.601444,-0.0608233,2.2103246e+07,1.5947595055685042,-0.007984174,0.0024842152,0.0009842151906341314,0.009052644729614258
2016-02-08,META,98.88165,-0.0415106,4.9085553e+09,1.5947595055685042,-0.026165424,0.012531503,0.011031503103673459,0.03823662853240967
2016-03-08,BRKR,26.948519,-0.03004137,4.5002544e+07,8.992213933408465,0.0003560108,-0.0017798416,-0.0032798416083678603,-0.0036350383758544922
2016-03-08,WYNN,70.6048,-0.044290982,3.3674794e+08,8.992213933408465,0.014326619,0.047215827,0.04571582680940628,0.030924688339233397
2016-03-08,APA,35.474247,-0.0950605,2.0672298e+08,8.992213933408465,0.023391822,0.0017326997,0.00023269968945533034,-0.022664059638977052
2016-03-08,AMAT,16.748299,-0.033950716,2.0699565e+08,8.992213933408465,0.012246763,0.042066038,0.04056603765487671,0.02795864200592041
2016-03-08,FSLR,66.87,-0.033391118,1.8506602e+08,8.992213933408465,0.0062808157,0.035591405,0.03409140488505363,0.02762759780883789
2016-03-08,RGLD,42.474754,-0.043807182,5.5831484e+07,8.992213933408465,-0.025614347,0.038734287,0.03723428702354431,0.06454015827178955
2016-03-08,CRUS,34.36,-0.04819939,4.413174e+07,8.992213933408465,0.0026193291,-0.016880145,-0.01838014529645443,-0.020948578357696535
2016-03-08,GRPN,91.6,-0.037815113,9.566026e+07,8.992213933408465,-0.056768525,-0.11790388,-0.11940388077497482,-0.06631480598449707
2016-03-08,MTSI,40.99,-0.042513423,2.8060888e+07,8.992213933408465,0.002927517,0.0095145,0.008014500387012959,0.005067716598510743
2016-03-08,PTEN,14.036827,-0.051281847,6.266358e+07,8.992213933408465,0.020126738,0.017251207,0.015751206561923026,-0.004318703651428222
2016-04-22,GOOGL,36.540787,-0.054141067,1.452998e+09,4.308628070822351,-0.0032799009,-0.016807377,-0.018307377338409425,-0.015071977615356445
2016-04-22,SSYS,26.21,-0.039575003,3.4168784e+07,4.308628070822351,0.0,-0.008012175,-0.009512174628674984,-0.009512175559997558
2016-04-22,GOOG,35.6013,-0.05317841,1.3083414e+09,4.308628070822351,-0.0037146937,-0.01478902,-0.016289019711315633,-0.012615670204162597
2016-04-22,MSFT,45.37677,-0.07171031,1.3813056e+09,4.308628070822351,-1.6813436e-07,-0.006566067,-0.008066067226231098,-0.008065868854522705
2016-04-22,KMB,87.52674,-0.03696392,1.5506586e+08,4.308628070822351,-0.0075663086,-0.024195923,-0.025695922538638116,-0.01825635576248169
2016-04-22,DPZ,117.56442,-0.03981088,7.713628e+07,4.308628070822351,0.00052831374,0.010572569,0.009072569444775582,0.008538971900939942
2016-04-25,MSTR,18.55,-0.03284677,2.3976492e+07,4.308628070822351,0.012776357,0.024097063,0.02259706264734268,0.009677897453308106
2016-04-25,APA,41.99617,-0.031850915,1.380556e+08,4.308628070822351,0.0088221105,0.05752634,0.05602633884549141,0.046778331756591796
2016-04-25,WYNN,79.990036,-0.052708473,3.534171e+08,4.308628070822351,9.537931e-08,-0.019463293,-0.02096329325437546,-0.020963419914245607
2016-04-26,TMUS,37.395218,-0.044924796,1.8462898e+08,2.004935034124955,0.003051128,0.010933158,0.009433157987892628,0.006358037948608399
2016-04-26,LGND,78.64005,-0.0311275,5.0411556e+07,2.004935034124955,-0.003093764,-0.02332222,-0.024822220891714097,-0.021791209220886232
2016-04-27,CHRW,56.44324,-0.051512443,6.9223896e+07,0.7276636565894989,-0.012115226,-0.011697553,-0.013197553098201751,-0.001077164649963379
2016-04-28,ODFL,21.256767,-0.07678434,4.3607984e+07,0.25057500608805583,-0.0058550867,-0.0091580115,-0.010658011525869369,-0.004822362899780273
2016-04-28,SYNA,81.1,-0.056208562,5.5395264e+07,0.25057500608805583,-0.12959312,-0.14821205,-0.1497120454311371,-0.022891093730926515
2016-04-28,CHRD,5.963247,-0.05673057,5.7739184e+07,0.25057500608805583,0.020387523,-0.05198765,-0.053487651735544206,-0.07242911005020142
2016-04-28,LKQ,28.565546,-0.037177935,5.649373e+07,0.25057500608805583,0.0009120912,-0.013073886,-0.014573885813355445,-0.0154731764793396
2016-04-28,NXPI,75.65795,-0.034517664,3.091782e+08,0.25057500608805583,0.004425088,0.005473427,0.003973427008837462,-0.0004563226699829102
2016-04-28,DPZ,106.96305,-0.09848117,1.0203354e+08,0.25057500608805583,0.004897909,-0.0008297514,-0.002329751428682357,-0.007199813365936279
2016-04-28,APA,42.783474,-0.036669817,1.4480136e+08,0.25057500608805583,0.008298299,-0.021468904,-0.02296890386939049,-0.031022180557250978
2016-04-28,LRCX,6.80142,-0.034704417,1.933684e+08,0.25057500608805583,-0.0042216517,-0.020087129,-0.021587128505110742,-0.017432679176330568
2016-04-28,GEN,8.028805,-0.069022484,6.3226844e+07,0.25057500608805583,-0.010676328,-0.0065243766,-0.008024376571178436,0.002696763038635254
2016-04-28,CRUS,36.43,-0.044082925,4.5533856e+07,0.25057500608805583,-0.005215444,-0.003019506,-0.004519506111741066,0.0007075176239013672
2016-04-29,MRVL,9.221129,-0.044061694,6.0380456e+07,0.16012690438452637,-0.0060120663,-0.033066005,-0.034566004514694215,-0.0287175669670105
2016-04-29,TCOM,43.399086,-0.032394037,1.722345e+08,0.16012690438452637,-0.0011465428,0.008942929,0.0074429290965199475,0.008601079940795899
2016-04-29,TRMB,23.95,-0.050356805,3.292883e+07,0.16012690438452637,0.00041746645,-0.01294369,-0.014443689711391925,-0.014855553150177002
2016-04-29,VRSN,84.859764,-0.03377321,7.7919656e+07,0.16012690438452637,0.0010417398,0.008796395,0.007296394802629948,0.006246577262878418
2016-06-10,ASML,88.688705,-0.031526726,6.562998e+07,5.39876915176275,-0.017868133,-0.028547978,-0.030047978028655054,-0.012374152183532714
2016-06-10,CHRD,6.0179543,-0.080780216,5.042728e+07,5.39876915176275,-0.026262453,0.03838394,0.03688393837213516,0.06489003753662109
2016-06-10,NTES,26.91289,-0.05539982,2.467112e+08,5.39876915176275,-0.006050203,0.015310517,0.013810516580939293,0.01999081230163574
2016-06-10,HIMX,6.371165,-0.041922286,2.6158072e+07,5.39876915176275,-0.0064034183,0.024546336,0.023046336382627486,0.02964926815032959
2016-06-10,FANG,67.92523,-0.030809645,7.11097e+07,5.39876915176275,-0.0071629016,0.005820672,0.004320672027766705,0.011577259063720704
2016-06-10,QRVO,54.03,-0.036383107,7.612604e+07,5.39876915176275,-0.009624291,0.007403323,0.005903322961181403,0.015693198204040526
2016-06-10,MRVL,9.126667,-0.037254997,4.157998e+07,5.39876915176275,-0.012219849,0.009164677,0.007664677001535893,0.02014912223815918
2016-06-10,BRKR,23.82846,-0.031628516,2.4619816e+07,5.39876915176275,0.0016132265,-0.034676924,-0.036176924347877504,-0.037731696605682374
2016-06-10,APA,41.30923,-0.041375794,1.7402138e+08,5.39876915176275,-0.009155352,0.023169154,0.021669154301285742,0.031123171806335448
2016-06-10,JAZZ,150.76,-0.033713687,1.1896485e+08,5.39876915176275,-0.008092341,-0.015388645,-0.016888645231723787,-0.008855868816375732
2016-06-13,HIMX,6.173978,-0.030949906,2.2153118e+07,2.4128019798585996,0.011013171,0.053964812,0.05246481230854988,0.04098380661010742
2016-06-13,ACAD,38.1,-0.03787879,9.773577e+07,2.4128019798585996,-0.006824103,0.0018372624,0.00033726241812109944,0.0072208747863769535
2016-06-13,WEN,7.0666065,-0.033170767,2.728058e+07,2.4128019798585996,0.001009059,-0.01816367,-0.019663669854402543,-0.020653475761413576
2016-06-13,NBIX,46.67,-0.03534524,5.3514884e+07,2.4128019798585996,-0.0021426715,-0.0019283553,-0.003428355311974883,-0.0012851848602294922
2016-06-14,NAVI,7.4059167,-0.047058742,2.1055316e+07,2.4128019798585996,0.0016462206,-0.00740722,-0.00890722008049488,-0.01053850793838501
2016-06-14,SWBI,13.748642,-0.044580363,3.8546844e+07,2.4128019798585996,0.0013725943,-0.005031805,-0.0065318050198256965,-0.007895637989044189
2016-06-14,TCBI,46.789066,-0.031340245,2.2994848e+07,2.4128019798585996,0.0023414507,-0.02043419,-0.0219341895878315,-0.024222482681274415
2016-06-14,OLLI,23.16,-0.032581482,2.983758e+07,2.4128019798585996,0.0,0.0043178056,0.0028178056366741657,0.002817760467529297
2016-06-27,AVGO,11.010402,-0.034225345,3.9088166e+08,8.914839454805843,0.021374604,0.07916187,0.0776618674993515,0.05507792091369629
2016-06-27,FFIV,108.64,-0.041975327,1.21399464e+08,8.914839454805843,0.011966155,0.03571426,0.03421426123380661,0.021967302322387694
2016-06-27,NTES,27.69046,-0.031553704,2.0287466e+08,8.914839454805843,0.012360571,0.088923536,0.08742353624105453,0.07412816143035889
2016-06-27,QRVO,50.69,-0.07735712,8.923079e+07,8.914839454805843,0.022095142,0.078121975,0.07662197506427765,0.05331576919555664
2016-06-27,WYNN,77.54642,-0.0498429,2.1805608e+08,8.914839454805843,0.028623505,0.04093972,0.03943971848487854,0.01047350025177002
2016-06-27,AMAT,19.965755,-0.04046476,3.18411e+08,8.914839454805843,0.020636799,0.056976125,0.05547612464427948,0.034104476928710936
2016-06-27,XRAY,51.435616,-0.03164755,1.0622185e+08,8.914839454805843,0.0074120755,0.03537751,0.033877509891986846,0.026259671211242674
2016-06-27,CME,63.217003,-0.04075516,1.03230744e+08,8.914839454805843,0.0024736968,0.0335591,0.032059098839759825,0.029508720397949217
2016-06-27,NWL,28.937199,-0.03074616,1.2442536e+08,8.914839454805843,0.013087762,0.061224766,0.05972476607561111,0.046015153884887694
2016-06-27,APA,40.136036,-0.05213243,1.41887e+08,8.914839454805843,0.027307624,0.0732691,0.07176909899711609,0.043239723205566405
2016-09-09,MU,16.392057,-0.036676135,3.9669107e+08,4.149879717639536,-0.011897732,-0.00356975,-0.005069750115275383,0.006928335189819336
2016-09-09,AVGO,12.3250885,-0.045135934,3.518376e+08,4.149879717639536,-0.010262391,0.027739769,0.02623976884782314,0.03689612007141113
2016-09-09,AMD,5.9,-0.05296949,2.5815758e+08,4.149879717639536,-0.011864436,-0.027118698,-0.02861869776248932,-0.016937424182891847
2016-09-09,NTES,35.545425,-0.038388725,2.1275453e+08,4.149879717639536,-0.02284584,0.08490881,0.08340881323814392,0.10877395725250244
2016-09-09,QCOM,46.204174,-0.034614455,3.1020672e+08,4.149879717639536,-0.004792049,0.012722765,0.01122276509553194,0.016099105834960936
2016-09-09,AMAT,25.93967,-0.031218318,3.8828314e+08,4.149879717639536,-0.0076229475,0.018017836,0.016517835915088652,0.02433777904510498
2016-09-09,AMZN,38.007,-0.030507848,1.6226862e+09,4.149879717639536,-0.0036703676,0.0011444995,-0.00035550048202276233,0.003332625389099121
2016-09-09,PYPL,37.590786,-0.0320857,2.597427e+08,4.149879717639536,-0.009470988,0.048671536,0.04717153614759445,0.057198415756225585
2016-09-09,BIIB,296.1,-0.037792884,4.0999635e+08,4.149879717639536,-0.0066193566,0.0044241725,0.002924172453582287,0.009617100715637207
2016-09-09,TXN,50.727364,-0.03362807,2.2140205e+08,4.149879717639536,-0.005399585,0.011699614,0.010199614115059376,0.015692006111145018
2016-10-28,LITE,37.45,-0.037275083,3.5939364e+07,7.791351982208894,0.00801066,-0.044058785,-0.04555878484249115,-0.05315565013885498
2016-10-28,AMZN,38.816,-0.05137097,2.974793e+09,7.791351982208894,0.0060669957,0.011709045,0.010209044687449933,0.0041080818176269535
2016-10-28,GLNG,19.427525,-0.04032248,2.2417216e+07,7.791351982208894,-0.009730092,-0.06988059,-0.07138058984279633,-0.06224154376983643
2016-10-31,WB,32.867596,-0.058715392,6.3222732e+07,6.713121886828219,0.0052165478,-0.027167808,-0.028667808264493944,-0.033716310501098634
2016-10-31,SRPT,39.24,-0.040586792,1.5405488e+08,6.713121886828219,0.0045870664,-0.047145825,-0.048645824879407884,-0.052996684551239015
2016-10-31,GLNG,18.80887,-0.031844214,2.2675022e+07,6.713121886828219,0.015075247,-0.05938802,-0.060888019144535066,-0.07485734367370606
2016-10-31,CHRD,6.3766007,-0.086236894,1.1087851e+08,6.713121886828219,0.019065931,-0.050524198,-0.05202419751882553,-0.06978814744949341
2016-10-31,LITE,33.6,-0.1028038,3.9528304e+07,6.713121886828219,0.0,0.059523813,0.0580238134264946,0.058023820877075194
2016-10-31,MOMO,14.595796,-0.057165235,5.062263e+07,6.713121886828219,0.0012458182,-0.033014998,-0.034514997839927675,-0.03571825170516968
2016-10-31,BKR,29.902533,-0.062922835,1.528533e+08,6.713121886828219,0.002527565,-0.016967203,-0.018467203468084337,-0.020945598125457765
2016-10-31,NTES,42.852276,-0.030116677,2.091112e+08,6.713121886828219,0.007820915,-0.054671545,-0.05617154458165169,-0.06350754642486572
2016-11-01,ADSK,70.1,-0.030160492,9.865019e+07,2.0889366669666174,0.0011412529,-0.035520654,-0.03702065417170525,-0.03812019968032837
2016-11-01,ICLR,77.4,-0.035874404,4.0742984e+07,2.0889366669666174,0.0031007475,-0.009302341,-0.010802341379225254,-0.013864745140075683
2016-11-01,GLNG,18.069918,-0.039287455,2.2845416e+07,2.0889366669666174,-0.017594026,-0.012363201,-0.01386320100724697,0.0038244829177856445
2016-11-01,PTC,45.93,-0.031829644,6.1509104e+07,2.0889366669666174,-0.0047899242,-0.05834967,-0.05984966897964478,-0.0553175106048584
2016-11-01,NTES,41.524956,-0.03097432,2.2839899e+08,2.0889366669666174,-0.001043864,-0.022527086,-0.02402708561718464,-0.02300571346282959
2016-11-01,DHC,14.1154175,-0.032440096,2.6702836e+07,2.0889366669666174,0.0019436409,-0.053450055,-0.054950055420398713,-0.056786169052124025
2016-11-02,STX,21.915691,-0.031444475,1.2583924e+08,0.8505889014577548,-0.00030626275,0.010719544,0.009219544254243374,0.009529124259948731
2016-11-02,SBAC,97.294464,-0.03120205,8.808085e+07,0.8505889014577548,-0.0026993754,-0.013403954,-0.014903953984379768,-0.012233544826507568
2016-11-02,PANW,24.47,-0.032870047,1.7003634e+08,0.8505889014577548,0.001566567,0.008037132,0.00653713221102953,0.0049604282379150395
2016-11-02,PTEN,17.300177,-0.033439115,6.6817844e+07,0.8505889014577548,0.00093503227,0.00046790202,-0.0010320979796815664,-0.001966763973236084
2016-11-02,SRPT,37.39,-0.06688296,1.4981682e+08,0.8505889014577548,0.0029419796,0.04867611,0.04717611080408096,0.04410005664825439
2016-11-02,AMD,6.76,-0.046544418,2.9302464e+08,0.8505889014577548,0.002958577,-0.02958584,-0.031085840180516244,-0.03394835138320923
2016-11-02,ZION,23.198004,-0.039702408,7.256065e+07,0.8505889014577548,0.006783099,0.01388883,0.012388830319046975,0.005557785987854004
2016-11-02,INCY,87.19,-0.031545002,1.210859e+08,0.8505889014577548,0.0038994877,0.0043582665,0.002858266480267048,-0.0010429515838623047
2016-11-02,WDC,36.935272,-0.035639476,2.4152914e+08,0.8505889014577548,0.0041667526,-0.003260672,-0.004760672092437744,-0.008896578788757324
2016-11-02,CHRD,6.054428,-0.04414593,1.1027231e+08,0.8505889014577548,0.012048068,0.035140667,0.03364066711068153,0.021317611694335936
2016-11-03,EXEL,10.2,-0.056429286,6.7506024e+07,0.34850905755487815,0.06862743,0.2117647,0.21026469326019287,0.13244486904144287
2016-11-03,META,118.95538,-0.05638115,2.4129157e+09,0.34850905755487815,-0.0034166852,0.017916689,0.016416688695549964,0.01990653133392334
2016-11-03,APA,43.220192,-0.06626287,1.713471e+08,0.34850905755487815,-0.0057638567,0.034762137,0.03326213663816452,0.03926087474822998
2016-11-03,DHC,13.360948,-0.037549462,2.731487e+07,0.34850905755487815,-0.0020532522,-0.018480413,-0.019980412662029268,-0.017960955142974855
2016-11-03,INCY,83.28,-0.044844635,1.2096519e+08,0.34850905755487815,0.01224789,0.1065082,0.10500820285081863,0.09161985969543457
2016-11-03,PAA,13.879404,-0.048236925,3.2667886e+07,0.34850905755487815,-0.005242548,0.022020448,0.020520447999238967,0.02590669250488281
2016-11-03,ULTA,231.61,-0.03209492,2.2965474e+08,0.34850905755487815,-0.007210389,0.004231232,0.0027312322184443474,0.010024677276611329
2016-11-04,GEN,11.271744,-0.077013396,1.0112461e+08,0.2457976372100461,0.027245145,0.051936667,0.050436667412519454,0.022536526679992674
2016-11-04,NTAP,23.929876,-0.06163335,8.1244136e+07,0.2457976372100461,0.024302201,0.06699539,0.06549538975954056,0.040180216789245604
2016-12-01,WDC,41.224323,-0.03220211,2.2089234e+08,4.908374936201511,-0.0016231583,0.0077908086,0.006290808565914631,0.007929216384887696
2016-12-01,LRCX,8.637856,-0.07017506,2.0559402e+08,4.908374936201511,0.0061872834,0.03875021,0.037250208914279936,0.03086258029937744
2016-12-01,AVGO,12.516807,-0.045164093,3.468422e+08,4.908374936201511,0.0047915312,0.02051738,0.019017380908131598,0.01415086841583252
2016-12-01,AMAT,27.140774,-0.065217234,3.462523e+08,4.908374936201511,0.003321953,0.04750793,0.046007930546998976,0.04253960704803467
2016-12-01,MU,18.020535,-0.053763505,4.711997e+08,4.908374936201511,-0.001082457,0.0070349653,0.005534965325146914,0.006626258850097657
2016-12-01,AMD,8.39,-0.058361337,3.7718986e+08,4.908374936201511,-0.0011919223,0.034564953,0.03306495329737663,0.034299503326416014
2016-12-01,ADBE,99.51,-0.032098003,3.011789e+08,4.908374936201511,0.00010043721,0.024520095,0.02302009543776512,0.022917042732238768
2016-12-01,ADSK,69.22,-0.046687774,1.9268619e+08,4.908374936201511,-0.0028894043,0.028315501,0.026815501287579535,0.029795418739318846
2016-12-01,QCOM,49.366276,-0.05827074,5.1133043e+08,4.908374936201511,-0.0032729898,0.03428881,0.032788808703422545,0.03618515586853027
2016-12-01,TXN,53.965,-0.047612503,3.0935664e+08,4.908374936201511,-0.0059653907,0.0014201291,-7.987090945243839e-05,0.005929838180541993
2016-12-30,NTES,36.02728,-0.034349713,1.6401437e+08,5.3670667626089,0.01876077,0.015603428,0.014103427775204182,-0.004599262714385986
2017-03-21,INCY,140.73,-0.052450903,5.932252e+08,5.538747657523231,0.0072479523,-0.012506179,-0.014006178580224514,-0.02111195468902588
2017-03-21,JD,26.56544,-0.044136208,2.0278624e+08,5.538747657523231,-0.004617409,0.031992093,0.030492092728614806,0.035279284477233885
2017-03-21,AAL,39.146065,-0.030695552,3.1329648e+08,5.538747657523231,-0.015833803,0.024492819,0.022992818862199782,0.039475451469421385
2017-03-21,UAL,65.28,-0.03274558,3.3255987e+08,5.538747657523231,-0.0055147153,0.03400737,0.032507370471954344,0.038241158485412596
2017-03-21,AMD,13.82,-0.040277775,1.2110145e+09,5.538747657523231,-0.00868306,-0.0021707478,-0.00367074784450233,0.0050693855285644535
2017-03-21,TCOM,47.807663,-0.03456584,2.1192626e+08,5.538747657523231,0.00020809908,0.012073178,0.010573177844285965,0.010362516403198243
2017-03-21,ADSK,83.64,-0.03104727,2.1657712e+08,5.538747657523231,0.003108586,0.02450984,0.023009839713573454,0.01983488655090332
2017-03-21,WDC,49.34437,-0.04187396,2.3428306e+08,5.538747657523231,-0.003277767,0.040562704,0.039062704205513,0.042484651565551756
2017-03-21,TSLA,16.712,-0.042913817,1.506645e+09,5.538747657523231,0.0035104253,0.01635547,0.014855469822883606,0.011300097465515137
2017-03-21,NTES,47.44896,-0.038929563,3.056781e+08,5.538747657523231,0.003467069,0.01273574,0.011235740281641484,0.007736574172973633
2017-04-11,LITE,45.7,-0.03075293,9.1910424e+07,6.501583856825064,-0.013129152,-0.03501099,-0.036510989755392076,-0.023672927856445314
2017-04-11,AAOI,42.38,-0.04678358,1.0549173e+08,6.501583856825064,-0.008022656,0.06890038,0.06740037655830383,0.076045166015625
2017-04-11,HIMX,5.958725,-0.04318926,3.1541318e+07,6.501583856825064,-0.0046298313,-0.027777867,-0.029277867391705514,-0.024755646228790285
2017-04-11,ON,14.6,-0.03311258,1.1181065e+08,6.501583856825064,-0.0027397233,-0.03356169,-0.03506169164180756,-0.03240667724609375
2017-04-12,VIAV,9.47,-0.03662255,4.410054e+07,2.5100937693529772,0.024287174,0.021119304,0.019619304001331328,-0.004592765808105468
2017-04-12,TSLA,19.789333,-0.038450364,1.7384456e+09,2.5100937693529772,-0.00047160036,0.015496598,0.01399659762531519,0.014475713729858399
2017-04-12,AAOI,40.82,-0.036809847,1.0774243e+08,2.5100937693529772,0.22121507,0.06148952,0.0599895187318325,-0.1322923197746277
2017-04-12,CHRD,8.1212015,-0.06508024,6.293781e+07,2.5100937693529772,0.0007486175,-0.0142218545,-0.015721854507923128,-0.016459275722503663
2017-04-12,STLD,28.1421,-0.03808958,7.9524104e+07,2.5100937693529772,0.0017728072,-0.032506213,-0.03400621259212494,-0.035718311309814454
2017-04-12,ZBRA,88.71,-0.035026662,2.7223306e+07,2.5100937693529772,-0.0016909202,0.001916336,0.00041633601207286116,0.0021133527755737304
2017-04-12,AVGO,16.250565,-0.038381767,4.0289475e+08,2.5100937693529772,4.777009e-05,0.022323303,0.020823302924633025,0.020774374961853026
2017-04-12,FAST,9.04716,-0.08045295,1.02938984e+08,2.5100937693529772,0.004536698,-0.010585102,-0.012085102252662181,-0.01655357027053833
2017-04-12,LITE,44.25,-0.03172868,9.290778e+07,2.5100937693529772,0.03050844,0.016949153,0.015449152573943139,-0.014657784938812255
2017-04-12,GT,31.681614,-0.035073116,8.7990664e+07,2.5100937693529772,0.0020353647,0.015992979,0.01449297858774662,0.012429247856140137
2017-04-13,HWC,33.075546,-0.030439561,2.6515086e+07,1.1384949571191925,0.0034882422,0.029069878,0.02756987816095352,0.023992787361145018
2017-04-13,OZK,34.38627,-0.031249775,5.154722e+07,1.1384949571191925,0.004913384,0.014313046,0.012813045889139176,0.007853756904602051
2017-04-13,TCBI,77.53361,-0.037700877,8.5433496e+07,1.1384949571191925,0.0057803774,0.012203019,0.010703019112348557,0.0048856840133667
2017-04-13,AMD,12.31,-0.03526644,9.192443e+08,1.1384949571191925,0.017871592,0.0519902,0.05049019983410835,0.03201950645446777
2017-04-13,CENX,11.64,-0.034825876,2.5682502e+07,1.1384949571191925,0.00085904426,0.013745691,0.012245690695941449,0.011375556945800782
2017-04-13,MEOH,38.019615,-0.030720456,3.1295084e+07,1.1384949571191925,0.031694315,0.015300884,0.013800883911550045,-0.017389823436737062
2017-04-13,GLNG,23.006294,-0.0322933,2.3075148e+07,1.1384949571191925,0.0029996044,0.007873786,0.006373785682022572,0.0033595666885375976
2017-06-09,AAPL,34.534935,-0.038776796,3.8452403e+09,7.027021528464303,-0.021747958,-0.016042415,-0.01754241505265236,0.004332433700561524
2017-06-09,TSLA,23.821333,-0.034270335,2.3755645e+09,7.027021528464303,0.0018750542,0.052138165,0.05063816463947296,0.04866911029815674
2017-06-09,AMZN,48.9155,-0.0316351,3.4896888e+09,7.027021528464303,-0.011560797,0.002534995,0.001034995088353753,0.012760649681091309
2017-06-09,AVGO,18.902544,-0.04553832,6.2989734e+08,7.027021528464303,-0.012081983,-0.0016439335,-0.00314393347222358,0.009065638542175293
2017-06-09,MU,29.8392,-0.057010584,7.410304e+08,7.027021528464303,-0.01764722,0.030719046,0.029219045549631117,0.047735105514526366
2017-06-09,NFLX,15.803,-0.0473233,8.071874e+08,7.027021528464303,-0.017275246,-0.033601224,-0.035101224422454835,-0.0181129469871521
2017-06-09,AMD,12.28,-0.048062008,9.1208224e+08,7.027021528464303,-0.04315959,-0.026058607,-0.027558606803417207,0.016372333526611327
2017-06-09,GOOG,47.045902,-0.03414656,1.4448818e+09,7.027021528464303,-0.010812467,0.0037583513,0.002258351318538189,0.013230095863342286
2017-06-09,META,148.2977,-0.03302976,2.489863e+09,7.027021528464303,-0.009558756,0.007219073,0.0057190728969872,0.015439759254455567
2017-06-09,GOOGL,48.048775,-0.034014605,1.5609217e+09,7.027021528464303,-0.011750838,0.0003919592,-0.001108040787279606,0.010787139892578125
2017-06-12,IDXX,158.22,-0.03852696,9.211738e+07,5.08961784274284,0.007141985,0.015231978,0.01373197814822197,0.006532679557800293
2017-06-12,JAZZ,149.27,-0.03640823,7.047378e+07,5.08961784274284,0.0020098013,0.013063556,0.011563555583357811,0.009531627655029297
2017-06-12,EQIX,355.8113,-0.03233085,1.6775683e+08,5.08961784274284,0.001317669,0.016682155,0.015182155430316925,0.01384426212310791
2017-06-12,WIX,70.55,-0.04338979,6.7065372e+07,5.08961784274284,0.019135343,-0.00070876046,-0.0022087604608386755,-0.02097152614593506
2017-06-12,ALGN,143.41,-0.036546875,1.4121018e+08,5.08961784274284,0.0052994527,0.0062059783,0.004705978337675333,-0.0005981817245483399
2017-06-12,SWKS,84.370476,-0.030371094,1.3395791e+08,5.08961784274284,0.008770273,-0.012432307,-0.013932307004928588,-0.02251820707321167
2017-06-12,CRUS,64.6,-0.040118936,7.3604296e+07,5.08961784274284,0.017337505,-0.0077399383,-0.009239938329905271,-0.026150156497955324
2017-06-12,NFLX,15.144,-0.041700967,8.661114e+08,5.08961784274284,0.019413607,0.0050185034,0.0035185034051537513,-0.015620995998382568
2017-06-12,OLED,109.636795,-0.06290032,9.677708e+07,5.08961784274284,0.03617833,0.011802525,0.010302525259554387,-0.025024701595306398
2017-06-12,FLEX,12.599849,-0.035199143,7.538248e+07,5.08961784274284,-0.01555015,-0.0029904104,-0.00449041043035686,0.011258135795593262
2017-06-27,JD,35.65131,-0.055478282,4.7072048e+08,8.110122447868235,0.019660966,-0.029245615,-0.030745615005493165,-0.04946355962753296
2017-06-27,NFLX,15.103,-0.041079383,9.535275e+08,8.110122447868235,0.0040389244,-0.0062239203,-0.0077239202670753,-0.011721540927886962
2017-06-27,VRTX,129.23,-0.031332042,2.6808914e+08,8.110122447868235,0.003559597,-0.015398885,-0.016898885123431684,-0.020391215324401857
2017-06-27,TSLA,24.158,-0.040054016,3.171277e+09,8.110122447868235,0.011893887,-0.0044706394,-0.005970639396458864,-0.017672170639038087
2017-06-27,AMAT,37.96421,-0.031444672,4.3699274e+08,8.110122447868235,0.00023824141,-0.010742769,-0.01224276864528656,-0.012478460311889648
2017-06-27,TMUS,58.0087,-0.03388762,2.5444589e+08,8.110122447868235,-1.3152156e-07,-0.011637421,-0.013137421324849128,-0.013137330055236816
2017-06-27,ADSK,102.92,-0.030154584,2.829871e+08,8.110122447868235,0.0074815806,-0.014865904,-0.01636590411514044,-0.02368151092529297
2017-06-27,ADI,66.06705,-0.030159498,3.994063e+08,8.110122447868235,0.0052465834,-0.005119556,-0.006619556095451116,-0.01181208038330078
2017-06-27,AMD,13.4,-0.048295476,1.2441834e+09,8.110122447868235,0.018656718,-0.05970144,-0.06120143899321556,-0.07842301273345947
2017-06-27,AVGO,18.358175,-0.03056641,7.444347e+08,8.110122447868235,0.005354198,-0.005481471,-0.006981470841914415,-0.012277950286865234
2017-07-31,SRPT,38.58,-0.054643456,1.4662957e+08,8.62220588002188,0.0044063805,-0.012960082,-0.014460081920027732,-0.018790234565734865
2017-07-31,NKTR,327.45,-0.047140934,2.4927278e+07,8.62220588002188,0.007787411,-0.06092537,-0.06242536821961403,-0.06968187236785889
2017-07-31,ALGN,167.23,-0.033687748,1.3414319e+08,8.62220588002188,0.0010764094,0.0045446977,0.0030446977019309997,0.0019645795822143554
2017-07-31,PI,49.14,-0.032105595,3.265103e+07,8.62220588002188,-0.004273486,-0.001831505,-0.0033315049819648266,0.0009523735046386718
2017-07-31,WIX,61.7,-0.034428805,6.962102e+07,8.62220588002188,0.019448958,-0.0008103604,-0.002310360419563949,-0.021372844219207765
2017-07-31,AMCX,63.95,-0.038779467,4.5768664e+07,8.62220588002188,0.0020328548,-0.022361225,-0.02386122451722622,-0.02584462308883667
2017-07-31,REGN,487.02408,-0.033594843,3.6328147e+08,8.62220588002188,-0.01021104,-0.030104572,-0.03160457195341587,-0.021598745822906495
2017-07-31,TSLA,21.564667,-0.0346196,2.9189763e+09,8.62220588002188,-0.0014530214,0.007481362,0.005981362204998732,0.007447372436523438
2017-07-31,AMZN,49.389,-0.03162619,3.9527813e+09,8.62220588002188,0.008433054,0.0082103,0.006710299536585808,-0.001720954418182373
2017-07-31,MU,27.420853,-0.039617546,8.979939e+08,8.62220588002188,0.0035563086,0.018136708,0.016636708065867423,0.013028870582580567
2017-08-10,LRCX,13.238814,-0.037113424,3.5969078e+08,4.079463285904595,0.0027432838,0.06096066,0.059460661619901656,0.05655814266204834
2017-08-10,NFLX,16.914,-0.037774466,1.6794628e+09,4.079463285904595,0.0042568585,0.010996857,0.009496856726706028,0.005211363792419434
2017-08-10,JD,40.38262,-0.03658016,3.688766e+08,4.079463285904595,-0.012801077,-0.03992193,-0.04142192819714546,-0.02897255563735962
2017-08-10,AAPL,36.145992,-0.03185202,3.7625984e+09,4.079463285904595,0.008241293,0.029165776,0.027665776446461676,0.019253383636474608
2017-08-10,AMD,12.12,-0.055339053,1.0774176e+09,4.079463285904595,-0.0066006538,0.05280531,0.05130530825257301,0.05830074405670166
2017-08-10,MU,26.806522,-0.038138393,7.5812595e+08,4.079463285904595,-0.0018189402,0.06365942,0.0621594220995903,0.06409765338897705
2017-08-10,BIDU,222.57,-0.033564895,8.089503e+08,4.079463285904595,-0.01783709,0.0050321026,0.0035321025773882866,0.021784554481506346
2017-08-10,AVGO,18.777878,-0.033952326,4.032512e+08,4.079463285904595,-0.002742403,0.042374235,0.04087423464655876,0.04374075984954834
2017-08-10,AAOI,63.55,-0.058099926,4.8171066e+08,4.079463285904595,0.0009441601,0.08450038,0.08300037986040115,0.08197749710083008
2017-08-10,AMAT,38.091087,-0.04062994,3.8543437e+08,4.079463285904595,-2.0029343e-07,0.0416368,0.04013679853081703,0.04013706302642822
2017-09-21,IONS,51.83,-0.038047496,5.980431e+07,8.367850805280298,-0.0055952324,0.01717151,0.01567150956392288,0.021394859313964842
2017-09-21,JD,37.65773,-0.03285345,4.3087862e+08,8.367850805280298,-0.011633198,-0.047696415,-0.04919641533493996,-0.0379876389503479
2017-09-21,CENX,19.39,-0.048577026,4.264671e+07,8.367850805280298,-0.024239264,-0.07168641,-0.07318640941381455,-0.050125826835632326
2017-09-22,CENX,18.09,-0.06704483,4.2585172e+07,6.860517220527299,-0.005527937,-0.051409636,-0.052909635692834855,-0.04763679647445679
2017-09-22,TSLA,23.406,-0.04199407,1.7853952e+09,6.860517220527299,0.0058674235,-0.016633928,-0.01813392782211304,-0.02387015962600708
2017-09-22,SRPT,45.17,-0.040976655,1.1005028e+08,6.860517220527299,0.0044277348,-0.018374985,-0.019874985083937646,-0.024202276706695558
2017-09-22,EXEL,24.47,-0.12638347,1.04508056e+08,6.860517220527299,0.020841857,-0.03596237,-0.03746236929297447,-0.0571444525718689
2017-09-25,META,161.4522,-0.044974837,2.3701714e+09,1.39758799296537,0.010008004,0.029532751,0.02803275106847286,0.01783133602142334
2017-09-25,WB,68.26403,-0.044782117,1.65747e+08,1.39758799296537,0.015069121,0.030242851,0.028742851004004477,0.013448368072509766
2017-09-25,WDAY,100.27,-0.034844574,2.3015645e+08,1.39758799296537,0.0064825127,0.0044879285,0.002987928468734026,-0.0034817352294921875
2017-09-25,NFLX,17.855,-0.046970967,1.0184267e+09,1.39758799296537,0.012041454,0.019154353,0.01765435306727886,0.0055282220840454106
2017-09-25,MU,34.003033,-0.03326858,9.3174125e+08,1.39758799296537,0.01032423,0.06366499,0.0621649876832962,0.05129576778411865
2017-09-25,LRCX,15.1152935,-0.03711897,2.7379613e+08,1.39758799296537,0.01263463,0.054181024,0.05268102443218231,0.03952802276611328
2017-09-25,AMAT,42.08527,-0.030144598,3.7201898e+08,1.39758799296537,0.004964649,0.054176603,0.052676602512598036,0.04746891117095947
2017-09-25,AMD,12.61,-0.051879738,7.399638e+08,1.39758799296537,0.019032571,0.010309287,0.00880928734689951,-0.010060359477996826
2017-09-25,MELI,269.94144,-0.03306364,1.8490514e+08,1.39758799296537,0.0047738715,-0.0104359975,-0.011935997508466243,-0.016637612819671632
2017-09-25,JD,35.86159,-0.033986244,4.3144042e+08,1.39758799296537,0.015392141,-0.029807037,-0.03130703674256802,-0.04601406002044678
2017-10-26,FWONK,36.38248,-0.0351282,6.735149e+07,9.391122047845613,0.0,0.027903268,0.026403268113732337,0.026403318405151366
2017-10-26,PTCT,16.25,-0.0606936,2.757492e+07,9.391122047845613,0.0,0.12307692,0.12157692319154739,0.1215769157409668
2017-10-26,AGNC,6.7113724,-0.042442895,2.8572214e+07,9.391122047845613,0.0014604148,-0.0020307973,-0.003530797302722931,-0.0049861564636230465
2017-10-26,AAL,47.275013,-0.047236256,2.6560656e+08,9.391122047845613,-0.004114466,-0.027977802,-0.029477801859378816,-0.025461961269378663
2017-10-26,SSNC,36.720894,-0.03613048,3.8470616e+07,9.391122047845613,0.0029594349,-0.01183722,-0.013337219819426536,-0.016253043651580812
2017-10-26,JOYY,67.12586,-0.031451255,8.5428664e+07,9.391122047845613,0.007343674,0.002524459,0.0010244590360671282,-0.006284047603607177
2017-10-26,HTHT,27.195873,-0.03989968,4.377262e+07,9.391122047845613,-0.0005377856,-0.011676078,-0.013176077730953693,-0.012644280433654785
2017-10-26,BGC,7.5771627,-0.040049784,2.7489128e+07,9.391122047845613,0.0032598171,-0.020208474,-0.02170847424864769,-0.02489202165603638
2017-10-26,CORT,18.25,-0.037954632,3.0712492e+07,9.391122047845613,-0.0071232417,0.035616416,0.03411641648411751,0.041546236038208006
2017-10-26,UCTT,25.82,-0.210156,4.466007e+07,9.391122047845613,0.015879158,-0.060030956,-0.06153095582127571,-0.07622354173660278
2017-11-15,AZTA,24.797827,-0.04368745,2.9077624e+07,6.977017327018004,0.0027101338,0.06310485,0.06160485303401947,0.05873156642913818
2017-11-15,XNET,12.23,-0.04378424,6.5017652e+07,6.977017327018004,-0.053147968,0.24284549,0.24134549057483673,0.311108003616333
2017-11-15,QURE,14.78,-0.049517713,3.0647676e+07,6.977017327018004,0.011502035,0.017591355,0.016091355368494986,0.0045200691223144535
2017-11-15,ALNY,125.95,-0.03353292,1.8074467e+08,6.977017327018004,0.009210033,0.0123859085,0.010885908514261246,0.0016470060348510742
2017-12-26,ONC,95.24,-0.050637975,3.534064e+07,6.986332869468896,0.008294844,0.02740446,0.025904459193348883,0.017452369689941405
2017-12-26,ICHR,24.22,-0.03390508,3.1940218e+07,6.986332869468896,-0.000825704,0.020231204,0.018731204107403754,0.01957429504394531
2017-12-26,MU,41.19954,-0.042384304,2.0426117e+09,6.986332869468896,-0.0007097083,-0.010413962,-0.011913962416350841,-0.011211146354675293
2017-12-29,MARA,16.4,-0.048723906,3.621804e+07,9.077490256509108,0.0,0.021951256,0.020451256319880484,0.020451198577880858
2018-02-02,AMAT,46.115158,-0.04879882,6.389391e+08,5.809159039633414,-0.01381244,-0.008484787,-0.009984787307679653,0.003902207374572754
2018-02-02,MU,39.805103,-0.039303273,1.6704836e+09,5.809159039633414,-0.016658697,0.07496328,0.07346327906847,0.09167421913146973
2018-02-02,BIDU,233.17,-0.030599097,6.6990784e+08,5.809159039633414,-0.016082687,-0.018870326,-0.02037032575905323,-0.004333187580108642
2018-02-02,JD,40.330048,-0.03196642,5.8885114e+08,5.809159039633414,-0.021725021,-0.021290394,-0.022790393546223642,-0.001055826187133789
2018-02-02,INTC,38.742744,-0.03147951,1.5146915e+09,5.809159039633414,0.004333323,-0.020267073,-0.021767073065042497,-0.025994290351867677
2018-02-02,AMD,12.45,-0.060377374,7.7015456e+08,5.809159039633414,-0.032128483,-0.06425705,-0.06575704807043076,-0.034695078372955324
2018-02-02,GOOG,55.073364,-0.04778616,1.7907649e+09,5.809159039633414,-0.019156478,-0.028150013,-0.029650012716650964,-0.010669220924377441
2018-02-02,LRCX,15.949069,-0.053143624,6.820717e+08,5.809159039633414,-0.019881891,-0.004020854,-0.005520853899419307,0.014682780265808106
2018-02-02,AAPL,37.48576,-0.043390203,5.64227e+09,5.809159039633414,-0.008722998,0.015763126,0.014263126313686371,0.023201714515686034
2018-02-02,GOOGL,55.432518,-0.052801795,2.1278912e+09,5.809159039633414,-0.016610075,-0.031066727,-0.03256672689318657,-0.01620082998275757
2018-02-05,NFLX,25.426,-0.049246512,2.8628326e+09,1.5132028813206517,-0.025800366,0.040509667,0.0390096672475338,0.06656612014770508
2018-02-05,CMCSA,29.02184,-0.04646088,8.244605e+08,1.5132028813206517,-0.0071423776,0.024235003,0.02273500269651413,0.030103097915649413
2018-02-05,META,179.68211,-0.04740384,4.89523e+09,1.5132028813206517,-0.014840628,-0.0059584836,-0.007458483554422855,0.007515917778015137
2018-02-05,NVDA,5.276874,-0.08487463,3.2356324e+09,1.5132028813206517,-0.043519095,0.07065943,0.06915942883491516,0.11787355995178223
2018-02-05,MSFT,80.42558,-0.041185517,2.5773048e+09,1.5132028813206517,-0.012613525,0.018295616,0.016795615911483763,0.029804001808166503
2018-02-05,GOOG,52.29468,-0.050454203,1.9284535e+09,1.5132028813206517,-0.027107311,-0.00683834,-0.00833833984658122,0.019333730697631835
2018-02-05,INTC,37.374355,-0.03531988,1.4414381e+09,1.5132028813206517,-0.0045227013,0.022162165,0.020662165492773055,0.025306116104125975
2018-02-05,MU,38.420403,-0.034787018,1.6405736e+09,1.5132028813206517,0.029187987,0.06624388,0.06474387949705124,0.03450490093231201
2018-02-05,GOOGL,52.618793,-0.050759457,2.269911e+09,1.5132028813206517,-0.026741482,-0.0065700277,-0.00807002767547965,0.019225727081298827
2018-02-05,CSCO,30.319105,-0.052528642,8.246694e+08,1.5132028813206517,-0.011603842,0.04022687,0.03872686928510666,0.050939093589782714
2018-03-19,AMGN,141.27074,-0.03022721,1.1097791e+09,2.224431381920155,0.0027937037,-0.005258622,-0.006758622113615274,-0.00952987813949585
2018-03-19,MELI,366.51,-0.031524133,2.867647e+08,2.224431381920155,0.0051294775,-0.012714533,-0.014214533135294914,-0.019252885818481447
2018-03-19,NVDA,5.9546857,-0.037847515,3.5911365e+09,2.224431381920155,0.0004980829,0.031369694,0.02986969357728958,0.029356251716613768
2018-03-19,BIDU,252.83,-0.036434364,6.650991e+08,2.224431381920155,0.0036388014,-0.010995526,-0.012495525866746902,-0.01608120346069336
2018-03-19,WDC,71.17685,-0.030906156,3.603889e+08,2.224431381920155,0.003683345,-0.0031020574,-0.004602057380601763,-0.008260478019714355
2018-03-19,META,171.05783,-0.067696825,3.9147697e+09,2.224431381920155,-0.029496953,-0.018370366,-0.019870365723967554,0.009964715003967286
2018-03-19,GILD,56.83974,-0.032104097,4.319147e+08,2.224431381920155,0.0025911739,-0.008940418,-0.010440418250858783,-0.013001729488372802
2018-03-19,GOOGL,54.48504,-0.030279761,2.2202107e+09,2.224431381920155,-0.0015182464,-0.005517847,-0.007017846904695034,-0.005505670547485351
2018-03-19,GOOG,54.475033,-0.031618346,1.9699779e+09,2.224431381920155,-0.00074564246,-0.008128609,-0.00962860857695341,-0.008888412952423095
2018-03-19,QCOM,47.075726,-0.037116442,8.3408723e+08,2.224431381920155,0.010621591,-0.02672613,-0.028226130396127702,-0.038455177783966066
2018-03-22,LRCX,19.182518,-0.0421796,6.908538e+08,2.8981226503452433,-0.0035842112,0.00065157533,-0.0008484246660955251,0.0027510032653808593
2018-03-22,MU,57.45508,-0.035205524,3.5464635e+09,2.8981226503452433,-0.02087567,-0.057026375,-0.058526375085115434,-0.038421441555023195
2018-03-22,ADSK,131.41,-0.030470634,3.91017e+08,2.8981226503452433,0.0025872942,0.021383436,0.019883436396718024,0.017247568130493163
2018-03-22,MELI,350.6,-0.03109023,2.9154573e+08,2.8981226503452433,-0.0017113694,0.007986275,0.006486274547874928,0.008214245796203614
2018-03-22,NFLX,30.67,-0.030902445,3.4872558e+09,2.8981226503452433,0.002314938,0.044506025,0.043006024569272994,0.040593753814697264
2018-03-22,GOOGL,52.161156,-0.037339956,2.3492782e+09,2.8981226503452433,-0.0016902479,0.0008925872,-0.0006074128192849458,0.0010873184204101562
2018-03-22,GOOG,51.961834,-0.038317736,2.0534478e+09,2.8981226503452433,-0.0019539723,0.003936796,0.0024367959834635257,0.004402290344238282
2018-03-22,PYPL,77.693565,-0.030602217,6.440368e+08,2.8981226503452433,-0.00076369004,0.004964329,0.0034643288366496563,0.004232417106628418
2018-03-22,BIDU,236.11,-0.055748858,7.0248506e+08,2.8981226503452433,0.0017364942,-0.00071999565,-0.002219995645340532,-0.003952313899993896
2018-03-22,TXN,82.09821,-0.043630328,4.543913e+08,2.8981226503452433,0.0012512108,0.025986413,0.024486412540078162,0.02320433712005615
2018-03-23,NTNX,49.92,-0.055797253,3.214326e+08,1.0864140550487065,0.021434367,-0.051282004,-0.05278200352191925,-0.07269035720825195
2018-03-23,AMAT,50.483566,-0.060718864,8.094661e+08,1.0864140550487065,0.033044145,0.0010833489,-0.00041665112227201465,-0.03243838691711426
2018-03-23,AMZN,74.778,-0.031949904,8.096472e+09,1.0864140550487065,0.023028165,0.0009962962,-0.0005037038223817945,-0.02303587341308594
2018-03-23,WDC,63.711426,-0.08420077,3.8757808e+08,1.0864140550487065,0.020250913,-0.0017331307,-0.0032331306589767337,-0.023047675132751466
2018-03-23,LRCX,18.094006,-0.056745023,7.218561e+08,1.0864140550487065,0.039579213,-4.9544247e-05,-0.0015495442473038566,-0.039619912147521974
2018-03-23,ISRG,133.05,-0.035636555,2.7731843e+08,1.0864140550487065,0.021620918,0.015207295,0.013707295306026936,-0.007777859210968017
2018-03-23,NVDA,5.7562785,-0.036716945,3.451351e+09,1.0864140550487065,0.02159108,-0.031978272,-0.033478271901607515,-0.05393712663650513
2018-03-23,IPGP,231.41,-0.03470568,2.2660035e+08,1.0864140550487065,0.020655973,-0.0071302415,-0.008630241487175226,-0.028723944664001466
2018-03-23,MU,52.862186,-0.07993883,3.7943757e+09,1.0864140550487065,0.0378159,-0.033388622,-0.034888622105121614,-0.07011001253128052
2018-03-23,VRTX,160.93,-0.031125907,2.6817926e+08,1.0864140550487065,0.018144619,-0.0036661676,-0.0051661676131188865,-0.022922088146209718
2018-04-24,WDAY,125.56,-0.032889195,1.9290238e+08,3.4766766579312076,-0.00199108,0.0029468203,0.00144682034291327,0.0034477815628051758
2018-04-24,ADBE,217.89,-0.032889497,6.962654e+08,3.4766766579312076,0.001239177,0.018449696,0.016949695780873297,0.0156891450881958
2018-04-24,BKNG,80.971596,-0.031119788,7.082693e+08,3.4766766579312076,-0.0029845166,0.021530638,0.020030637517571448,0.023088584899902342
2018-04-24,WB,81.529655,-0.032386567,1.4495514e+08,3.4766766579312076,-0.0056076706,-0.02208014,-0.023580140188336374,-0.018065322875976564
2018-04-24,ADSK,123.68,-0.042576194,2.8298714e+08,3.4766766579312076,0.00032342266,0.026681785,0.02518178454041481,0.024849902153015135
2018-04-24,ALGN,239.66,-0.030501591,2.4513491e+08,3.4766766579312076,-0.0049653775,0.08441129,0.08291129326820373,0.08832264995574951
2018-04-24,PYPL,74.449745,-0.0374632,5.8562496e+08,3.4766766579312076,0.001461221,0.009962824,0.008462824173271656,0.006989131927490235
2018-04-24,MU,45.938713,-0.038963813,2.7312922e+09,3.4766766579312076,0.009552123,0.0643174,0.06281739777326584,0.05274702167510986
2018-04-24,NFLX,30.702,-0.036618654,4.184215e+09,3.4766766579312076,-0.0021171432,0.022669567,0.02116956679522991,0.023339282035827635
2018-04-24,AMZN,73.0045,-0.038060118,9.338257e+09,3.4766766579312076,-0.001431416,0.03963456,0.03813455930352211,0.039624820709228514
2018-06-25,ROKU,42.01,-0.060389195,4.0914195e+08,3.636440618647839,0.0040467028,-0.014044279,-0.015544279232621193,-0.01951806688308716
2018-06-25,NVDA,5.9118905,-0.047140744,2.6308654e+09,3.636440618647839,0.019153448,-0.014219076,-0.01571907637268305,-0.03424542093276978
2018-06-25,PYPL,81.28354,-0.034421954,6.381404e+08,3.636440618647839,0.0059618005,-0.018493813,-0.019993812531232835,-0.0258106484413147
2018-06-25,BIDU,250.41,-0.03316601,9.941874e+08,3.636440618647839,0.008186586,-0.029591484,-0.031091483995318414,-0.03897129440307617
2018-06-25,INTC,43.107025,-0.034094766,1.3403936e+09,3.636440618647839,-0.01498737,-0.03845429,-0.03995429047942162,-0.025323976516723634
2018-06-25,MU,51.838287,-0.069001764,3.268815e+09,3.636440618647839,0.023514148,-0.016930118,-0.01843011820316315,-0.04101507806777954
2018-06-25,NFLX,38.448,-0.06473033,4.034199e+09,3.636440618647839,0.022887984,0.0153714,0.013871399931609631,-0.008848299026489257
2018-06-25,AMZN,83.1575,-0.030611942,6.4501125e+09,3.636440618647839,0.0055436795,-0.0015873947,-0.0030873947413638234,-0.008591760635375976
2018-06-25,AMD,15.11,-0.04367092,1.198022e+09,3.636440618647839,0.013898084,-0.009265347,-0.010765347383916378,-0.024345983505249025
2018-06-25,ULTA,241.61,-0.032631304,3.1233334e+08,3.636440618647839,0.0031041761,-0.023012282,-0.024512282326817514,-0.02753566646575928
2018-07-30,ROKU,44.31,-0.067942776,2.9793046e+08,7.945787745537984,0.0018054167,0.030241484,0.02874148382246494,0.02688480472564697
2018-07-30,ISRG,167.66667,-0.03122052,4.589389e+08,7.945787745537984,0.0033797156,0.026421426,0.024921425864100455,0.021464119911193846
2018-07-30,INTU,191.19499,-0.045358256,2.2419237e+08,7.945787745537984,0.0074992687,0.0077955937,0.006295593701303006,-0.0012059106826782227
2018-07-30,ADBE,242.32,-0.049016878,6.552417e+08,7.945787745537984,0.010770821,0.023481293,0.021981292650103568,0.011075030326843262
2018-07-30,NFLX,33.496,-0.057008572,5.4630175e+09,7.945787745537984,-0.01029966,0.010210261,0.00871026074886322,0.019223462104797362
2018-07-30,PANW,32.61,-0.059191216,2.2521149e+08,7.945787745537984,0.0063885944,0.02310132,0.02160132049024105,0.015106688499450684
2018-07-30,ILMN,281.36188,-0.039548393,2.4833064e+08,7.945787745537984,0.08252663,0.117514774,0.11601477420330047,0.030820737838745116
2018-07-30,PYPL,81.48132,-0.035923406,6.5704755e+08,7.945787745537984,0.0014566588,0.012987082,0.01148708189278841,0.010013710021972657
2018-07-30,MELI,343.25,-0.031926014,2.6010293e+08,7.945787745537984,-0.0016314569,0.008419562,0.0069195621311664585,0.008567343711853028
2018-07-30,NVDA,6.0357537,-0.031307,1.8792701e+09,7.945787745537984,-0.0017201916,0.009584929,0.00808492886275053,0.009824524879455567
2018-09-05,PPLI,34.967964,-0.035397366,1.9669682e+08,7.9616537252857995,-0.0029132806,0.029080987,0.027580986976623534,0.03058780288696289
2018-09-05,NTAP,67.57311,-0.052320443,1.834199e+08,7.9616537252857995,0.0063609984,-0.0025207342,-0.004020734211429953,-0.010325600147247314
2018-09-05,TTD,14.189,-0.032722037,1.985205e+08,7.9616537252857995,0.0017619013,0.0005637762,-0.0009362238212488592,-0.0026960864067077637
2018-09-05,ADBE,256.14,-0.039522942,6.349215e+08,7.9616537252857995,0.0031623235,0.018466387,0.016966386944055556,0.013755808830261231
2018-09-05,ISRG,178.90666,-0.034728393,2.5279595e+08,7.9616537252857995,0.003577281,0.0023103966,0.0008103966377675533,-0.0027623071670532227
2018-09-05,WDAY,142.21,-0.09241174,2.9007702e+08,7.9616537252857995,0.007664695,0.019126544,0.017626543775200842,0.009874711990356446
2018-09-05,TTWO,128.9,-0.041849438,2.2030597e+08,7.9616537252857995,0.0069045727,0.012723037,0.011223037041723729,0.004278551101684571
2018-09-05,PYPL,88.06789,-0.043193273,5.2210778e+08,7.9616537252857995,0.0014597296,-0.0025828984,-0.004082898363471031,-0.00553672456741333
2018-09-05,ALGN,372.91,-0.03223207,2.4391179e+08,7.9616537252857995,0.0017161892,-0.011450455,-0.012950454592704773,-0.014644075870513916
2018-09-05,NFLX,34.118,-0.06166118,3.3378936e+09,7.9616537252857995,0.01834807,0.021982532,0.02048253199458122,0.00206900691986084
2018-09-06,GDS,35.28,-0.04803029,5.7322684e+07,3.8611439498631768,-0.007936474,-0.024943234,-0.02644323439896107,-0.018642832279205324
2018-09-06,MDGL,220.03,-0.047777764,4.541628e+07,3.8611439498631768,-0.0054537877,0.054038085,0.05253808504343033,0.05831802940368652
2018-09-06,LITE,64.9,-0.046989676,1.1369502e+08,3.8611439498631768,-0.000770463,0.00385208,0.002352080088108778,0.003126154899597168
2018-09-06,NTNX,51.41,-0.03164438,1.5969744e+08,3.8611439498631768,-0.009920216,0.0079751,0.006475099608302117,0.016574631690979003
2018-09-06,ALRM,55.15,-0.060796995,3.6186788e+07,3.8611439498631768,0.0016319157,0.032638244,0.031138244330883025,0.02945567226409912
2018-09-06,URBN,43.54,-0.08797655,1.5038662e+08,3.8611439498631768,-0.00045935824,0.00964626,0.008146260179579258,0.008610259056091309
2018-09-06,CZR,45.8,-0.032734938,7.953625e+07,3.8611439498631768,-0.010917031,0.0032751425,0.001775142516940832,0.012848864555358887
2018-09-06,CHRD,7.513325,-0.06717008,4.779143e+07,3.8611439498631768,-0.018608093,-0.022653323,-0.02415332266688347,-0.005621959209442138
2018-09-06,ONC,163.3,-0.034927033,4.098434e+07,3.8611439498631768,-0.00024500026,0.012492304,0.010992303736507893,0.011240373611450196
2018-09-06,CRSP,49.88,-0.066791385,3.774025e+07,3.8611439498631768,0.0024057524,-0.0038091908,-0.005309190820902586,-0.007700075149536132
2018-09-07,ADI,81.48975,-0.03223841,2.4475272e+08,2.6819191060427983,0.006386091,-0.0075560166,-0.00905601655691862,-0.015353609561920166
2018-09-07,SSNC,48.588306,-0.0328197,6.97274e+07,2.6819191060427983,0.021560032,0.048931576,0.047431576311588286,0.025293837547302245
2018-09-07,GIII,43.619118,-0.043431006,3.2780436e+07,2.6819191060427983,0.0013621071,0.035868324,0.0343683243393898,0.03295923328399658
2018-09-07,VKTX,11.27,-0.041666646,2.4801864e+07,2.6819191060427983,0.0,0.0,-0.0015,-0.0015
2018-09-07,FAST,11.6594305,-0.03067259,9.700906e+07,2.6819191060427983,0.0036712529,0.033566315,0.032066314727067946,0.028285752296447753
2018-09-07,NBIX,116.93,-0.036026403,6.985554e+07,2.6819191060427983,0.017531883,0.041990902,0.04049090227484703,0.02253759956359863
2018-10-04,NFLX,36.365,-0.035539057,3.17178e+09,5.267366312605006,-0.010669613,-0.04001105,-0.04151104831695557,-0.031157900333404542
2018-10-04,ILMN,335.321,-0.04140712,2.3610442e+08,5.267366312605006,-0.031069644,-0.054596648,-0.05609664762020111,-0.025781442165374757
2018-10-04,ROKU,66.82,-0.07923384,4.7150387e+08,5.267366312605006,-0.0032924458,-0.017659388,-0.01915938848257065,-0.015914370059967042
2018-10-04,PYPL,83.40981,-0.032243412,7.127069e+08,5.267366312605006,-0.0015412491,-0.04493706,-0.04643705928325653,-0.044962812900543214
2018-10-04,MELI,339.46,-0.041344292,2.407761e+08,5.267366312605006,0.003417203,0.00011785938,-0.0013821406188653782,-0.004788090229034423
2018-10-04,WDAY,139.76,-0.04050535,2.3430216e+08,5.267366312605006,0.0,-0.05251858,-0.054018580108881,-0.05401860618591309
2018-10-04,SHOP,14.891,-0.070474446,2.1403187e+08,5.267366312605006,0.0012088243,-0.056544222,-0.058044221937656404,-0.05918328905105591
2018-10-04,ALGN,357.89,-0.046287894,2.468119e+08,5.267366312605006,-0.004722128,-0.041968256,-0.04346825623512268,-0.03892283582687378
2018-10-04,GILD,57.278954,-0.030886006,3.6302864e+08,5.267366312605006,0.0027428628,-0.0020895973,-0.003589597284793854,-0.006319273948669433
2018-10-04,CRON,10.22,-0.04396626,2.9987088e+08,5.267366312605006,0.0,-0.05088067,-0.05238067054748535,-0.05238067054748535
2018-10-05,CARG,49.42,-0.03739778,6.5538228e+07,2.4520152605713292,-0.010926692,-0.07345199,-0.07495198839902878,-0.06471609020233154
2018-10-05,NVDA,6.6755404,-0.033763956,2.385749e+09,2.4520152605713292,-0.01245105,-0.016008431,-0.01750843109190464,-0.005102206707000732
2018-10-05,FTNT,17.22,-0.035726313,1.8383146e+08,2.4520152605713292,0.0011614668,-0.041114993,-0.042614993393421174,-0.04372738742828369
2018-10-05,ILMN,320.54474,-0.04406606,2.5595294e+08,2.4520152605713292,-0.0015172879,-0.017540636,-0.01904063554108143,-0.01754771614074707
2018-10-05,SRPT,135.03,-0.054676544,1.9539357e+08,2.4520152605713292,-0.005776485,-0.04339777,-0.04489776933193207,-0.03933988952636719
2018-10-05,COST,196.77412,-0.0555077,5.206313e+08,2.4520152605713292,0.0023762796,0.024449298,0.022949298158288,0.020520697593688964
2018-10-05,CHRD,8.109043,-0.035430096,5.532655e+07,2.4520152605713292,-0.020240039,-0.008245964,-0.009745963603258133,0.01074195957183838
2018-10-05,CZR,44.55,-0.085215636,5.033203e+07,2.4520152605713292,-0.0031425229,0.049831677,0.048331677228212355,0.051641117095947264
2018-10-05,NFLX,35.135,-0.03382382,3.1827295e+09,2.4520152605713292,-0.017560745,0.012409302,0.010909302406013012,0.02900577640533447
2018-10-05,CRON,9.77,-0.044031292,2.8724755e+08,2.4520152605713292,-0.040941715,-0.04401231,-0.04551231184601784,-0.004701663494110107
2018-10-08,ISRG,175.49,-0.04053141,3.5138182e+08,1.6054430793071077,0.0022982524,-0.02708611,-0.028586110785603525,-0.030817021369934083
2018-10-08,WDAY,132.42,-0.05394015,2.2943838e+08,1.6054430793071077,-0.0065699676,-0.061320007,-0.0628200068473816,-0.056612123489379884
2018-10-08,ADBE,254.69,-0.03240635,8.916015e+08,1.6054430793071077,-0.0020809562,-0.06588401,-0.06738400900363922,-0.06543605470657349
2018-10-08,OKTA,61.31,-0.05836276,1.4834854e+08,1.6054430793071077,-0.013700867,-0.09606921,-0.09756920927762985,-0.08501254463195801
2018-10-08,TNDM,34.72,-0.057801828,1.9866997e+08,1.6054430793071077,-0.00864064,-0.055875644,-0.057375644087791444,-0.049146701335906984
2018-10-08,AMD,26.46,-0.032541182,4.492077e+09,1.6054430793071077,-0.011715777,-0.055177595,-0.05667759546637535,-0.04547702217102051
2018-10-08,SHOP,14.049,-0.035096195,2.0874928e+08,1.6054430793071077,-0.0006406025,-0.07395541,-0.07545540922880173,-0.07486175441741943
2018-10-08,ADSK,146.21,-0.038092062,2.8342845e+08,1.6054430793071077,0.0021202213,-0.0869298,-0.0884297981262207,-0.09036164426803589
2018-10-08,VKTX,14.73,-0.053949915,1.3406334e+08,1.6054430793071077,-0.01493546,-0.07875084,-0.080250841319561,-0.06628297710418701
2018-10-08,TEAM,81.09,-0.05002348,1.4379406e+08,1.6054430793071077,-0.005056062,-0.030089961,-0.031589961364865304,-0.026661087512969972
2018-10-10,ROKU,56.45,-0.12480619,4.6612253e+08,3.3694546768512055,-0.01594334,0.07015056,0.06865056163072586,0.08598877048492432
2018-10-10,MSFT,98.27751,-0.054338034,2.8359972e+09,3.3694546768512055,-0.0076298206,0.03212128,0.030621278345584868,0.038556705474853514
2018-10-10,AAPL,51.112507,-0.046326097,7.1276667e+09,3.3694546768512055,-0.008504544,0.026576336,0.025076336473226546,0.03388179397583008
2018-10-10,NFLX,32.589,-0.083832294,3.4517343e+09,3.3694546768512055,-0.0029151314,0.041946687,0.040446686804294585,0.043492923736572264
2018-10-10,AMZN,87.7625,-0.061524253,1.005228e+10,3.3694546768512055,-0.017803732,0.019005831,0.017505831331014632,0.035976778030395506
2018-10-10,QCOM,54.875576,-0.048481382,8.577129e+08,3.3694546768512055,-0.0056947707,-0.036565375,-0.038065374583005906,-0.03254740381240845
2018-10-10,ISRG,170.73666,-0.035767455,3.859797e+08,3.3694546768512055,-0.005290812,0.03867554,0.037175539195537566,0.04270018196105957
2018-10-10,ADBE,237.91,-0.0639361,9.134689e+08,3.3694546768512055,-0.0063049053,0.046067804,0.04456780409812927,0.051205049514770506
2018-10-10,CSCO,36.486694,-0.039166298,7.606119e+08,3.3694546768512055,-0.0037255478,0.0017531005,0.00025310054328292605,0.0039991245269775395
2018-10-10,AMD,25.0,-0.082232006,4.3445545e+09,3.3694546768512055,-0.010400009,0.053600006,0.0521000058054924,0.06317258930206299
2018-10-11,CSCO,35.27927,-0.03309218,7.923976e+08,2.2858513593682233,0.018358827,0.012465711,0.010965710751712323,-0.007286895751953125
2018-10-11,HSIC,65.52157,-0.03265396,1.20396264e+08,2.2858513593682233,0.008020104,0.014484092,0.01298409166187048,0.004912506103515625
2018-10-11,AMGN,152.20233,-0.036530714,4.616569e+08,2.2858513593682233,0.009130771,0.008975981,0.007475980803370476,-0.0016533627510070801
2018-10-11,BIIB,327.27,-0.030397328,4.3041587e+08,2.2858513593682233,0.013291797,0.0034834072,0.001983407199382782,-0.011179734706878662
2018-10-11,FTNT,15.424,-0.030790485,3.262047e+08,2.2858513593682233,0.03267639,0.03928948,0.037789478212594985,0.004903923034667969
2018-10-11,QCOM,52.86903,-0.036565375,8.8728877e+08,2.2858513593682233,0.019598754,-0.0018664004,-0.0033664003582671285,-0.022552539348602296
2018-10-11,WBD,31.02,-0.032439202,1.4042982e+08,2.2858513593682233,0.014184353,0.041263662,0.03976366227865219,0.025200615882873534
2018-10-11,CRON,9.05,-0.057291683,2.556702e+08,2.2858513593682233,0.037569076,0.29723752,0.2957375154495239,0.2487661943435669
2018-10-11,LGND,128.30318,-0.038925316,1.29128824e+08,2.2858513593682233,0.009675711,-0.027228057,-0.028728057384490968,-0.038050164222717286
2018-10-11,APA,36.055878,-0.03814663,1.2743352e+08,2.2858513593682233,0.01814918,-0.0013443955,-0.0028443954521790147,-0.02064602518081665
2018-10-24,ROKU,50.74,-0.061933786,5.2456934e+08,3.623691296550305,0.008868682,0.021284942,0.01978494158387184,0.010807047843933106
2018-10-24,MSFT,94.72264,-0.053469088,3.3704394e+09,3.623691296550305,0.04134087,0.045348044,0.04384804448485374,0.0023480758666992187
2018-10-24,AAPL,50.812485,-0.03430181,6.6723917e+09,3.623691296550305,0.012181059,0.0056259716,0.004125971592962742,-0.007976163864135742
2018-10-24,AMGN,147.51497,-0.049382724,4.448154e+08,3.623691296550305,0.0041515213,-0.010112706,-0.011612705640494823,-0.015705217361450197
2018-10-24,AMD,22.79,-0.091669954,3.0831468e+09,3.623691296550305,-0.21369024,-0.22641516,-0.22791515731811524,-0.017683078289031984
2018-10-24,ADBE,238.44,-0.0529075,1.0728553e+09,3.623691296550305,0.01564333,0.030867307,0.029367306515574454,0.013489495277404786
2018-10-24,ISRG,161.03667,-0.046988748,5.159187e+08,3.623691296550305,0.012792103,0.007824271,0.0063242709860205654,-0.00640504503250122
2018-10-24,ILMN,281.61478,-0.07743792,4.043688e+08,3.623691296550305,0.01146809,0.019343726,0.017843726336956023,0.006286393165588379
2018-10-24,QCOM,51.4957,-0.056643505,8.0040704e+08,3.623691296550305,0.01900352,-0.002235451,-0.003735451014712453,-0.022342909812927247
2018-10-24,PYPL,82.17361,-0.051159043,1.02350765e+09,3.623691296550305,0.013840286,0.0033699889,0.0018699888736009597,-0.01182733917236328
2018-11-14,RGNX,59.01,-0.05885171,2.7424826e+07,8.113638551300198,-0.0044060047,0.09642431,0.09492431139945984,0.09977651691436767
2018-11-14,ERIC,6.7789955,-0.049327295,7.81516e+07,8.113638551300198,-1.4068077e-07,0.009434053,0.007934052743017674,0.007934223175048829
2018-11-14,SRPT,111.99,-0.040935162,1.5789182e+08,8.113638551300198,-0.01250113,0.06295208,0.061452078878879546,0.07490838623046875
2018-11-14,IONS,50.06,-0.032282975,5.68405e+07,8.113638551300198,-0.0033959644,0.07351179,0.07201178675889969,0.07566989517211914
2018-11-14,VKTX,10.97,-0.048568904,4.7621564e+07,8.113638551300198,0.0018231088,0.061075665,0.059575665056705474,0.05764473533630371
2018-11-14,ARWR,12.06,-0.032878898,2.4725184e+07,8.113638551300198,-0.014096191,0.110281914,0.10878191447257995,0.12465644931793213
2018-11-14,STAA,40.97,-0.042980615,2.4802612e+07,8.113638551300198,-0.006834332,-0.013180397,-0.01468039745092392,-0.007889737129211425
2018-11-14,HQY,84.39,-0.051691186,6.798491e+07,8.113638551300198,-0.0047399164,0.010783312,0.009283311910927296,0.014097224235534668
2018-11-20,FAST,11.376741,-0.036534373,1.5880784e+08,5.966274260835945,0.0030700678,0.008667426,0.007167426183819771,0.004080186843872071
2018-11-20,WBD,29.51,-0.03150637,1.4308014e+08,5.966274260835945,0.013215838,0.031175874,0.029675874173641204,0.016225825309753417
2018-11-20,FISV,76.08,-0.031568173,1.9431099e+08,5.966274260835945,0.007229172,0.010383818,0.008883818298578263,0.0016319856643676758
2018-11-20,LULU,121.39,-0.04409795,2.6047426e+08,5.966274260835945,0.006590354,-0.0043660826,-0.005866082604974508,-0.012384702205657959
2018-11-20,CMCSA,27.67801,-0.037191976,7.2925056e+08,5.966274260835945,-0.0016325266,0.017138291,0.015638291150331496,0.017301450729370116
2018-11-20,CSX,20.749159,-0.03967811,3.7650224e+08,5.966274260835945,0.0044783605,0.008090244,0.0065902436748147015,0.0020958290100097656
2018-11-20,ULTA,302.14,-0.035559192,3.163119e+08,5.966274260835945,0.0066524763,0.0039054498,0.0024054497610777616,-0.004228879451751709
2018-11-20,COST,197.68356,-0.041225612,5.2732723e+08,5.966274260835945,0.005699713,0.003419812,0.0019198120702058077,-0.0037670626640319825
2018-11-20,ORLY,22.404667,-0.051292866,2.9334333e+08,5.966274260835945,0.0046716053,0.043324318,0.04182431778311729,0.036973010063171385
2018-11-20,TRIP,52.25383,-0.034664072,1.6268424e+08,5.966274260835945,0.0154867545,-0.0018719482,-0.003371948246844113,-0.018593956470489503
2018-12-17,WDAY,153.76,-0.051039957,4.7045027e+08,4.88981533457526,0.008584855,0.012552082,0.011052081607282162,0.002433429718017578
2018-12-17,DXCM,28.425,-0.057682797,2.6658627e+08,4.88981533457526,0.015039638,-0.0019348601,-0.003434860134497285,-0.018223036766052247
2018-12-17,PPLI,31.350712,-0.04637127,1.5772736e+08,4.88981533457526,0.0062706238,0.011743221,0.010243221431970597,0.003938446998596192
2018-12-17,OKTA,60.45,-0.095195286,1.5965376e+08,4.88981533457526,0.021009106,0.036724523,0.035224522709846495,0.013892065048217774
2018-12-17,TTD,12.448,-0.08825899,1.6977862e+08,4.88981533457526,0.014379812,-0.023537936,-0.025037935689091684,-0.03888027811050415
2018-12-17,AEP,59.053425,-0.03349578,1.5237893e+08,4.88981533457526,0.0042669163,-0.006078098,-0.007578097969293594,-0.011801053524017334
2018-12-17,ILMN,302.42218,-0.04769341,3.3978365e+08,4.88981533457526,0.009553199,-0.024092082,-0.02559208193421364,-0.03482686424255371
2018-12-17,AMD,18.83,-0.05376883,2.0317132e+09,4.88981533457526,0.016994143,-0.03558152,-0.037081521689891817,-0.05319707536697388
2018-12-17,EXC,24.763319,-0.03081125,1.9599962e+08,4.88981533457526,0.0057004057,0.0024115175,0.0009115175474435091,-0.004770208835601806
2018-12-17,TSLA,23.228,-0.047277875,2.3844083e+09,4.88981533457526,0.00608458,-0.04434306,-0.04584306174516678,-0.051622618675231935
2018-12-19,ALRM,48.52,-0.034043383,2.0193312e+07,9.643813960208533,-0.0035037505,-0.08429514,-0.0857951387166977,-0.08257548952102661
2018-12-19,CRON,11.17,-0.03206238,1.3604802e+08,9.643813960208533,0.0026857415,-0.085944496,-0.08744449609518051,-0.08989285373687744
2018-12-19,ILMN,295.1362,-0.03246376,3.4208397e+08,9.643813960208533,-0.0019116902,-0.08088338,-0.08238337630033493,-0.08062296056747437
2018-12-19,TNDM,32.78,-0.037580814,5.0189144e+07,9.643813960208533,-0.010372183,-0.038438022,-0.039938022136688234,-0.02986000919342041
2018-12-19,RGEN,52.35,-0.030735048,2.8370708e+07,9.643813960208533,0.002674369,-0.064565375,-0.06606537544727326,-0.06856035137176514
2018-12-19,ARGX,95.55,-0.05452201,2.5991138e+07,9.643813960208533,0.007012016,-0.047828358,-0.04932835766673088,-0.05595849895477295
2018-12-20,ZS,37.23,-0.05339441,7.4920376e+07,5.482504351888778,0.0072522284,-0.045124907,-0.046624907046556474,-0.05349998617172241
2018-12-20,DXCM,27.515,-0.03013752,2.4450013e+08,5.482504351888778,0.008268251,-0.01898961,-0.020489609554409982,-0.02853434228897095
2018-12-20,OKTA,58.77,-0.0622307,1.644039e+08,5.482504351888778,0.0068061547,-0.08541774,-0.086917740046978,-0.09310041809082031
2018-12-20,MDB,79.77,-0.0675629,1.22747176e+08,5.482504351888778,0.009527419,-0.100162946,-0.10166294568777084,-0.11015515470504761
2018-12-20,NXST,61.753197,-0.07761875,5.314647e+07,5.482504351888778,-0.0036137984,-0.07318045,-0.07468045198917389,-0.07131897354125977
2018-12-20,TNDM,31.61,-0.035692442,5.029866e+07,5.482504351888778,-0.001898177,0.015817778,0.014317778185009957,0.016249667167663573
2018-12-20,TSLA,21.025333,-0.052827578,2.4040394e+09,5.482504351888778,0.006404961,-0.06338384,-0.06488384002447128,-0.07084463977813721
2018-12-20,MEDP,49.73,-0.039961386,3.2042636e+07,5.482504351888778,0.0074401554,-0.007842337,-0.009342336781322956,-0.016669680118560792
2018-12-20,TTD,11.709,-0.036692727,1.6737339e+08,5.482504351888778,0.002220516,-0.10846353,-0.10996353322267532,-0.11193882369995117
2018-12-20,TSCO,14.602668,-0.03603807,1.1146946e+08,5.482504351888778,-0.003979687,-0.05077179,-0.05227179148793221,-0.04847906970977783
2018-12-21,MDB,72.95,-0.0854958,1.2646281e+08,1.9451984319453146,-0.03385872,0.09239213,0.09089213168621063,0.1291753158569336
2018-12-21,TRIP,46.66918,-0.045991626,1.0690906e+08,1.9451984319453146,-0.008765293,0.022865862,0.021365861654281615,0.03041089630126953
2018-12-21,EEFT,97.08,-0.033164043,6.2903824e+07,1.9451984319453146,-0.0069015054,0.041615173,0.04011517322063446,0.04735375499725342
2018-12-21,CRON,10.21,-0.08265948,1.3859898e+08,1.9451984319453146,-0.059745315,-0.0029382696,-0.004438269637525081,0.058916698455810546
2018-12-21,TSCO,14.146556,-0.031234834,1.1488645e+08,1.9451984319453146,-0.0047305,0.03174385,0.0302438505589962,0.035147796630859374
2018-12-21,VRSN,139.90076,-0.031152112,1.50807e+08,1.9451984319453146,-0.0071610124,0.025414199,0.023914198637008666,0.031310211181640624
2018-12-21,OKTA,54.59,-0.071124725,1.6187112e+08,1.9451984319453146,-0.042132244,0.095805086,0.0943050861954689,0.14250458335876465
2018-12-21,TTD,10.655,-0.09001622,1.7188646e+08,1.9451984319453146,-0.026935684,0.039981287,0.03848128697276115,0.06726933574676514
2018-12-21,UAL,81.47,-0.034830023,3.6153184e+08,1.9451984319453146,-0.006873666,0.028599506,0.027099506244063376,0.034218679428100585
2018-12-21,WDAY,144.93,-0.046889417,5.1478838e+08,1.9451984319453146,-0.014075715,0.061270997,0.059770996928215026,0.07492233371734619
2018-12-24,TEAM,78.66,-0.030444887,1.1779133e+08,0.9723808845549513,0.00889902,0.11327226,0.11177225714921951,0.10195268249511719
2018-12-24,CME,132.4827,-0.033013728,3.3341376e+08,0.9723808845549513,0.0028307887,0.05371058,0.052210579872131346,0.0492361888885498
2018-12-24,AVGO,19.299307,-0.04536383,9.509816e+08,0.9723808845549513,0.017023154,0.072925694,0.07142569428682327,0.05346680736541748
2018-12-24,WING,51.366497,-0.04288332,2.617924e+07,0.9723808845549513,0.0036610817,0.056310985,0.05481098523736,0.05095792865753174
2018-12-24,MZTI,145.6972,-0.0565901,2.2716964e+07,0.9723808845549513,0.0037487908,0.026594788,0.025094787836074828,0.021260629653930663
2018-12-24,EXC,23.796883,-0.0448904,2.1164195e+08,0.9723808845549513,0.00045646107,0.021674968,0.020174968302249907,0.019708882331848143
2018-12-24,NVAX,34.6,-0.089473724,2.1312334e+07,0.9723808845549513,0.046242844,0.08670521,0.08520520782470703,0.037173996925354
2018-12-24,XEL,38.457615,-0.045186654,1.969909e+08,0.9723808845549513,0.00082339486,0.028461628,0.026961627662181853,0.02611542797088623
2018-12-24,AEP,56.166794,-0.03768186,1.5743331e+08,0.9723808845549513,0.0013599081,0.02025851,0.01875851048529148,0.017372976303100585
2018-12-24,EVRG,41.73938,-0.04066567,8.378308e+07,0.9723808845549513,-1.8278648e-07,0.014666331,0.013166331000626088,0.01316655731201172
2019-03-07,REGN,405.751,-0.033302784,2.5655229e+08,4.27285071802261,-0.005053909,0.0060306196,0.004530619610100985,0.009640942573547364
2019-03-07,OLLI,81.0,-0.038461514,5.277835e+07,4.27285071802261,-0.008395066,-0.005308646,-0.006808645777404308,0.0016125545501708984
2019-03-07,SSYS,22.95,-0.13915975,2.1725816e+07,4.27285071802261,0.006535931,0.035294093,0.033794093191623686,0.027071486473083495
2019-03-07,BILI,17.8,-0.04608792,1.0651993e+08,4.27285071802261,-0.033146076,0.044943888,0.04344388774037361,0.07926715469360351
2019-03-07,PDD,29.09,-0.03000999,2.6739491e+08,4.27285071802261,-0.037126157,0.028875908,0.027375907883048056,0.06704701042175293
2019-03-07,AZTA,30.669212,-0.038390636,2.3208546e+07,4.27285071802261,-0.015649928,0.0073459996,0.005845999591052533,0.02186156368255615
2019-03-07,SBGI,25.051449,-0.03586365,2.5019526e+07,4.27285071802261,-0.007644333,0.0365822,0.035082201719284056,0.043067227363586424
2019-03-07,TCOM,40.08519,-0.05423809,2.6525653e+08,4.27285071802261,-0.04344585,0.040715,0.03921500152349472,0.0864833698272705
2019-03-08,AMBA,40.62,-0.035841495,2.4820182e+07,3.5947846695960806,0.0036928,0.08025609,0.07875608956813812,0.07478166675567627
2019-03-08,OKTA,78.43,-0.03423222,1.6841518e+08,3.5947846695960806,0.0040800674,0.028050452,0.026550452470779418,0.022372971534729003
2019-03-08,LULU,142.51,-0.035138812,2.426398e+08,3.5947846695960806,0.0034383938,0.023015922,0.02151592193543911,0.018010507583618163
2019-05-02,IRDM,24.72415,-0.035792515,3.1727764e+07,6.421716339027526,0.0068182442,0.038257677,0.03675767710804939,0.029726515769958495
2019-05-02,MRCY,71.87,-0.03087919,3.2250976e+07,6.421716339027526,-0.0043134154,0.051203564,0.049703563809394835,0.05425752258300781
2019-05-02,WBD,29.26,-0.05276786,1.31264344e+08,6.421716339027526,0.0064935246,-0.0041011907,-0.005601190716028213,-0.012026418685913086
2019-05-02,SBGI,29.90033,-0.03679227,2.5156142e+07,6.421716339027526,0.029963542,0.38334873,0.3818487331867218,0.34160460090637207
2019-05-02,NXST,89.09519,-0.035896808,4.2290012e+07,6.421716339027526,0.002788005,0.016188292,0.01468829183280468,0.011863003730773926
2019-05-02,FIVN,49.17,-0.07173878,3.825029e+07,6.421716339027526,0.023388276,0.037217855,0.03571785545349121,0.012013565063476563
2019-05-09,CRON,14.09,-0.088615775,9.728277e+07,7.497073268349723,0.007097191,0.01135556,0.009855560272932053,0.00272823429107666
2019-05-09,PPLI,41.357132,-0.031352,1.7762208e+08,7.497073268349723,0.0006914157,-0.024242718,-0.025742717772722246,-0.026416887283325197
2019-05-09,MLCO,21.75158,-0.04792201,5.6753144e+07,7.497073268349723,-0.002227183,-0.04988876,-0.05138875985145569,-0.04926793718338013
2019-05-09,UPBD,17.517906,-0.048000354,2.4798996e+07,7.497073268349723,0.0,-0.042416684,-0.043916684329509736,-0.04391669178009033
2019-05-09,TTD,18.992,-0.14492817,3.2024237e+08,7.497073268349723,0.005739219,-0.06929233,-0.0707923292517662,-0.0761033787727356
2019-05-09,IPGP,153.62,-0.03158299,9.2598056e+07,7.497073268349723,-0.0065095695,-0.072972216,-0.07447221571207047,-0.0683981671333313
2019-05-13,PYPL,105.65179,-0.032424558,6.786061e+08,2.2685082139958723,0.0068332655,0.043714356,0.042214355677366255,0.03513074970245361
2019-05-13,ROKU,79.45,-0.03987919,9.392197e+08,2.2685082139958723,0.01522979,0.048961606,0.04746160587668419,0.03172577476501465
2019-05-13,AVGO,24.433739,-0.034807116,5.3726554e+08,2.2685082139958723,0.007873811,0.037460122,0.03596012225747108,0.02785516834259033
2019-05-13,ADBE,267.7,-0.038710136,6.3625075e+08,2.2685082139958723,0.006462385,0.034067966,0.032567966043949126,0.025928388595581053
2019-05-13,META,179.95966,-0.036104966,3.328288e+09,2.2685082139958723,0.005398413,0.026054967,0.024554967194795607,0.019045721054077147
2019-05-13,AMD,26.24,-0.06151643,1.7422198e+09,2.2685082139958723,0.011051864,0.05106708,0.049567080348730086,0.038077841758728026
2019-05-13,AMZN,91.134,-0.03560882,8.612339e+09,2.2685082139958723,0.009228123,0.02659271,0.025092709124088286,0.01570583438873291
2019-05-13,CSCO,41.59988,-0.03860604,8.775431e+08,2.2685082139958723,0.0029243957,0.0222226,0.020722600877285002,0.017741929054260253
2019-05-13,NFLX,34.526,-0.043707043,3.0698363e+09,2.2685082139958723,0.009992394,0.028181648,0.0266816478818655,0.016509305000305174
2019-05-13,SHOP,25.079,-0.031062819,5.3607267e+08,2.2685082139958723,-0.023087064,0.05331153,0.051811530500650405,0.07670415496826172
2019-05-28,PPC,22.796534,-0.03409907,2.5691334e+07,8.157858046322005,-0.017465603,-0.033444837,-0.034944836735725404,-0.01776330614089966
2019-05-28,INSM,25.54,-0.03000376,2.915107e+07,8.157858046322005,-0.014487111,-0.016053317,-0.01755331711471081,-0.0030892386436462403
2019-05-28,ROKU,88.83,-0.07256209,1.1861985e+09,8.157858046322005,0.019700551,0.050771073,0.0492710725069046,0.02897025203704834
2019-05-28,ARGX,132.02,-0.03901587,2.3296106e+07,8.157858046322005,-0.023329811,-0.029995505,-0.03149550476670265,-0.008324910640716552
2019-05-28,IDXX,246.85,-0.03615626,1.2566631e+08,8.157858046322005,-0.0042941575,0.0115454355,0.010045435525476933,0.014407883644104004
2019-05-29,LULU,161.59,-0.06891389,2.6657451e+08,3.0976499743119064,-0.00012370205,0.024754008,0.023254008278250693,0.023380766868591307
2019-05-29,MELI,573.61,-0.044906642,3.6407587e+08,3.0976499743119064,0.005247485,-0.005386876,-0.0068868759423494335,-0.01207887077331543
2019-05-29,WDAY,203.23,-0.045285854,3.7155814e+08,3.0976499743119064,0.0004920834,0.004379272,0.0028792719952762127,0.0023852691650390625
2019-05-29,FIVE,125.8,-0.043054946,1.2236344e+08,3.0976499743119064,0.0031796016,0.02329088,0.021790880024433135,0.018547545433044432
2019-05-29,ZS,71.15,-0.04162172,1.6364509e+08,3.0976499743119064,0.009697748,-0.03541819,-0.03691819006204605,-0.04618268156051636
2019-05-29,SHOP,27.268,-0.03452184,6.0196864e+08,3.0976499743119064,0.008874893,0.008141416,0.0066414161249995236,-0.002227057456970215
2019-05-29,INCY,77.59,-0.051003005,1.1041067e+08,3.0976499743119064,0.003608795,0.013403801,0.011903801247477532,0.008259783744812012
2019-05-29,TEAM,123.8,-0.03620081,2.2185616e+08,3.0976499743119064,0.001696277,0.016801246,0.015301245510578156,0.013579379081726075
2019-05-29,AMD,28.09,-0.03304644,2.1118478e+09,3.0976499743119064,0.011035937,-0.024207914,-0.025707914248108865,-0.03635912084579468
2019-05-29,ULTA,322.07,-0.03816634,2.5421006e+08,3.0976499743119064,0.0172944,0.03511658,0.03361657938361168,0.016019116401672362
2019-06-03,WDAY,191.88,-0.05996468,3.9954173e+08,3.3941267662552974,0.008547005,0.040233485,0.038733485400676726,0.02991796588897705
2019-06-03,PYPL,104.35623,-0.038542088,5.7927584e+08,3.3941267662552974,0.012414737,0.04975355,0.04825355044007301,0.0353809700012207
2019-06-03,SHOP,26.5,-0.03601309,5.0655952e+08,3.3941267662552974,0.013094344,0.10384909,0.10234909063577652,0.08808172798156738
2019-06-03,MSFT,112.31109,-0.031047815,2.9752456e+09,3.3941267662552974,0.012015891,0.049983155,0.048483154982328414,0.036016355514526366
2019-06-03,ADSK,154.82,-0.03784722,3.1196448e+08,3.3941267662552974,0.017827118,0.041919585,0.040419585317373274,0.022170434951782225
2019-06-03,META,162.72105,-0.0750549,2.6902257e+09,3.3941267662552974,-0.0026802106,0.024489766,0.022989765986800192,0.02574301815032959
2019-06-03,FISV,82.68,-0.03703704,3.2895318e+08,3.3941267662552974,0.018747013,0.0686986,0.06719859993457794,0.04753244972229004
2019-06-03,ADBE,259.03,-0.04381689,6.408995e+08,3.3941267662552974,0.016368723,0.05339145,0.05189144915342331,0.03492642498016357
2019-06-03,OKTA,109.03,-0.03700762,2.9796925e+08,3.3941267662552974,0.019169074,0.095936894,0.09443689441680908,0.07382393932342529
2019-06-03,TEAM,117.3,-0.06816011,2.2655533e+08,3.3941267662552974,0.018925777,0.077834584,0.0763345838189125,0.05631459808349609
2019-07-31,ZBRA,210.89,-0.033501364,1.3987347e+08,8.713863314999259,0.0038883176,-0.05671206,-0.05821206116676331,-0.061865676879882814
2019-07-31,LITE,56.63,-0.036413126,7.60578e+07,8.713863314999259,0.005827265,-0.04414621,-0.045646209955215455,-0.051183988094329835
2019-07-31,WYNN,122.25515,-0.040852554,1.9008578e+08,8.713863314999259,-0.0025371583,-0.079726405,-0.08122640544176102,-0.07888560438156128
2019-07-31,DOCU,51.72,-0.04487535,8.813695e+07,8.713863314999259,0.00019331634,-0.05645789,-0.05795788833498955,-0.05814026737213135
2019-07-31,AMD,30.45,-0.10097426,1.7174611e+09,8.713863314999259,0.001642011,-0.033169135,-0.034669135451316835,-0.03625409746170044
2019-07-31,WDC,39.345924,-0.047711648,3.159555e+08,8.713863314999259,0.050472945,0.009277995,0.007777994744479657,-0.040715683937072755
2019-07-31,HSIC,66.54,-0.033972073,8.239564e+07,8.713863314999259,-0.0082657505,-0.009618266,-0.011118265554308891,-0.002863813877105713
2019-07-31,ON,21.51,-0.031517286,9.0445304e+07,8.713863314999259,-0.003719197,-0.07112974,-0.07262973928451538,-0.06916217947006226
2019-07-31,AVGO,24.382965,-0.031946745,5.4786445e+08,8.713863314999259,-0.0029656524,-0.039518617,-0.04101861709356308,-0.03816168451309204
2019-07-31,MU,43.773907,-0.054150887,1.2590807e+09,8.713863314999259,0.0024506175,-0.018044077,-0.01954407685995102,-0.021944512367248536
2019-08-01,WYNN,115.53472,-0.054970514,2.003828e+08,5.764537688422649,-0.0135860145,-0.09616012,-0.09766012126207352,-0.08521138572692871
2019-08-01,NTRS,76.41146,-0.033367414,9.468184e+07,5.764537688422649,-0.003377797,-0.057003997,-0.05850399726629257,-0.05530791425704956
2019-08-01,ZBRA,204.26,-0.031438213,1.4258214e+08,5.764537688422649,-0.011407039,-0.022471342,-0.023971342235803605,-0.012692023754119873
2019-08-01,NXPI,89.09785,-0.032788463,3.1211302e+08,5.764537688422649,-0.004400323,-0.031000238,-0.03250023791193962,-0.028217483997344972
2019-08-01,TCOM,37.109653,-0.043355495,1.06943e+08,5.764537688422649,-0.010190507,-0.10163585,-0.10313585096597672,-0.09388684177398682
2019-08-01,ON,20.48,-0.047884736,9.534049e+07,5.764537688422649,-0.011718739,-0.12841792,-0.12991792404651642,-0.1195829405784607
2019-08-01,JD,25.067192,-0.043463636,2.4860443e+08,5.764537688422649,-0.015029719,-0.08528485,-0.08678485149145126,-0.07282714986801148
2019-08-01,DXCM,37.08,-0.054503653,1.2890015e+08,5.764537688422649,0.0053262757,-0.041734103,-0.04323410311341286,-0.04831104421615601
2019-08-01,IDXX,268.3,-0.048750225,1.0108469e+08,5.764537688422649,0.002199131,-0.030674547,-0.03217454695701599,-0.03430162811279297
2019-08-01,HAS,88.31766,-0.052244805,1.06641896e+08,5.764537688422649,-0.0036578353,-0.029783158,-0.031283157631754877,-0.02772121572494507
2019-08-02,MAT,13.14,-0.033112567,6.157376e+07,1.9246771472745365,-0.04718416,-0.019025875,-0.02052587525546551,0.028052698135375975
2019-08-02,SWKS,66.58598,-0.04156058,1.16935496e+08,1.9246771472745365,-0.031135628,-0.021051709,-0.02255170860886574,0.00890792465209961
2019-08-02,PYPL,105.90891,-0.033483822,8.1603424e+08,1.9246771472745365,-0.03109527,-0.019236127,-0.0207361269146204,0.010739694595336914
2019-08-02,EEFT,153.13,-0.03186441,7.412257e+07,1.9246771472745365,-0.02044018,-0.031084763,-0.032584762886166574,-0.012366761207580566
2019-08-02,WDAY,195.83,-0.03938977,3.1022973e+08,1.9246771472745365,-0.026196215,-0.043404993,-0.04490499266982079,-0.019171704292297365
2019-08-02,LITE,54.13,-0.031317107,7.803414e+07,1.9246771472745365,-0.031590667,-0.010530199,-0.01203019892424345,0.020247469902038573
2019-08-02,MCHP,38.30036,-0.03864628,1.532583e+08,1.9246771472745365,-0.025777748,-0.034067515,-0.035567515283823015,-0.01000909948348999
2019-08-02,ENPH,29.12,-0.032558125,1.1969749e+08,1.9246771472745365,-0.045329724,-0.013736316,-0.015236316002905368,0.03159357166290283
2019-08-02,CSCO,43.453682,-0.038634967,6.8390144e+08,1.9246771472745365,-0.016150385,-0.012206348,-0.013706347659230232,0.002508769989013672
2019-08-02,LULU,178.93,-0.035157748,2.6411309e+08,1.9246771472745365,-0.029788112,0.003912213,0.0024122127927839756,0.03323508358001709
2019-08-05,MU,40.897247,-0.048548236,1.3565033e+09,0.46379414137823005,0.017405892,-0.0045300946,-0.006030094563961029,-0.0230606689453125
2019-08-05,AMD,27.99,-0.04925274,1.874249e+09,0.46379414137823005,0.03108256,0.04287248,0.041372481048107146,0.009934555053710938
2019-08-05,MSFT,123.903946,-0.03425872,3.244275e+09,0.46379414137823005,0.012026351,0.023220822,0.02172082221508026,0.009561429977416993
2019-08-05,QCOM,58.385933,-0.033028852,7.723695e+08,0.46379414137823005,0.010464981,0.008721036,0.007221035905182362,-0.0032259716987609864
2019-08-05,AMZN,88.2565,-0.031871855,7.263755e+09,0.46379414137823005,0.015353015,0.016015794,0.01451579412817955,-0.0008472099304199219
2019-08-05,PYPL,102.457405,-0.0325894,8.523632e+08,0.46379414137823005,0.013513515,0.029247101,0.02774710139632225,0.014023672103881836
2019-08-05,AAPL,46.207508,-0.052347668,5.124924e+09,0.46379414137823005,0.01536132,0.029481992,0.027981992125511168,0.012407074928283692
2019-08-05,META,180.14801,-0.038567543,3.4014444e+09,0.46379414137823005,0.010785368,0.018819297,0.017319296732544898,0.00644827938079834
2019-08-05,GOOG,57.075397,-0.03489983,1.9088621e+09,0.46379414137823005,0.009537512,0.018805608,0.0173056081533432,0.007680545806884766
2019-08-05,GOOGL,57.193264,-0.034748267,2.0370797e+09,0.46379414137823005,0.009326766,0.018324442,0.01682444220781326,0.007414589881896973
2019-08-23,GOOGL,57.13532,-0.031841636,2.0317993e+09,9.849914518175993,0.0050885715,0.01494477,0.013444770373404026,0.008306275367736817
2019-08-23,QCOM,62.39148,-0.047051296,6.825682e+08,9.849914518175993,0.018770568,0.006120674,0.004620673846453429,-0.013916839599609375
2019-08-23,AMD,29.54,-0.07398115,2.5170537e+09,9.849914518175993,0.027081896,0.022342581,0.020842581301927565,-0.006114293575286865
2019-08-23,FISV,104.68,-0.032174587,8.44026e+08,9.849914518175993,0.007928943,0.021971753,0.02047175286710262,0.012432228088378907
2019-08-23,AAPL,48.61417,-0.046220455,6.6799913e+09,9.849914518175993,0.015890332,0.0075011496,0.0060011495500803,-0.009757985115051269
2019-08-23,MU,41.891888,-0.04064332,1.0570702e+09,9.849914518175993,0.018156376,-0.012104129,-0.013604129418730735,-0.031220962047576906
2019-08-23,CMCSA,32.452656,-0.030614719,5.705311e+08,9.849914518175993,0.007306105,0.027574772,0.026074772015213965,0.018621693611145018
2019-08-23,TXN,98.95225,-0.039294153,5.3321667e+08,9.849914518175993,0.018039966,0.015712108,0.014212108463048935,-0.003786553382873535
2019-08-23,MSFT,125.42612,-0.03186215,3.4793628e+09,9.849914518175993,0.011994694,0.017617252,0.016117251724004744,0.004055868148803711
2019-08-23,GOOG,57.024384,-0.032147247,1.9072604e+09,9.849914518175993,0.0051854355,0.014375192,0.012875192113220692,0.007642279624938965
2019-09-24,ENPH,25.02,-0.081160456,1.766094e+08,3.7039032395592244,-0.012390142,-0.073141485,-0.07464148545265198,-0.06301348352432251
2019-09-24,JD,25.768126,-0.03033303,2.5264394e+08,3.7039032395592244,-0.008840541,0.0057803458,0.004280345760285855,0.013251315116882325
2019-09-24,MTCH,69.92686,-0.06819348,1.6126994e+08,3.7039032395592244,-0.0079638185,-0.019085582,-0.020585582345724107,-0.012711037635803222
2019-09-24,AMD,29.52,-0.03655349,1.5508017e+09,3.7039032395592244,-0.0013550445,-0.0016938057,-0.003193805679678917,-0.001839210033416748
2019-09-24,PPLI,40.131126,-0.033944216,1.9329941e+08,3.7039032395592244,0.004898702,-0.011890437,-0.013390437453985214,-0.01820724153518677
2019-09-24,PDD,30.99,-0.0836783,2.6092283e+08,3.7039032395592244,0.00064538425,0.053565722,0.052065721958875655,0.051386247634887694
2019-09-24,DOCU,61.72,-0.043397326,2.9736387e+08,3.7039032395592244,0.00032405148,0.010855447,0.009355446569621563,0.009027968406677246
2019-09-24,SHOP,29.547,-0.056789864,1.0403479e+09,3.7039032395592244,-0.011744005,0.059802964,0.05830296432971954,0.07089723205566406
2019-09-24,ROKU,103.53,-0.035764217,2.9995745e+09,3.7039032395592244,0.013426054,-0.0018352404,-0.0033352404003962875,-0.016559113502502443
2019-09-24,TEAM,129.59,-0.050344497,2.2226533e+08,3.7039032395592244,0.0031638527,-0.010880497,-0.01238049728423357,-0.015499998569488525
2019-12-03,BILI,16.68,-0.0419299,4.8831692e+07,8.890559092755254,0.0071941805,0.016187077,0.014687077388167382,0.007428656578063965
2019-12-03,LITE,71.74,-0.031325947,8.312334e+07,8.890559092755254,0.015472549,0.0051575517,0.0036575517281889915,-0.011657763957977295
2019-12-03,ON,20.67,-0.032303397,9.074912e+07,8.890559092755254,0.021286914,0.047411684,0.045911683946847914,0.02408016777038574
2019-12-03,KOD,49.2,-0.036238953,2.869432e+07,8.890559092755254,0.12560976,0.3091464,0.3076464042663574,0.16155530071258545
2019-12-03,NTRA,34.12,-0.03751768,2.3127798e+07,8.890559092755254,0.0008793258,0.05978901,0.058289009392261504,0.05735803699493408
2019-12-03,SAIA,86.51,-0.04218332,2.4482624e+07,8.890559092755254,0.007051215,0.026817705,0.02531770548224449,0.018128047943115233
2019-12-03,BRKR,47.950226,-0.0331361,2.8626538e+07,8.890559092755254,0.006323935,0.018971805,0.01747180452942848,0.011068354606628418
2019-12-03,PZZA,50.891655,-0.042502426,5.001386e+07,8.890559092755254,0.0046552187,-0.007481181,-0.008981181062757969,-0.013580192565917968
2019-12-03,DPZ,260.9013,-0.03387173,1.7685405e+08,8.890559092755254,-0.0008445221,0.009785812,0.008285812348127366,0.009139309883117676
2019-12-03,UAL,88.87,-0.03012108,1.6762947e+08,8.890559092755254,0.0032632037,-0.011364939,-0.01286493869125843,-0.016080607414245607
2020-01-27,SBUX,76.29319,-0.03585814,4.9556042e+08,5.577669077739017,0.0036065357,-0.022652823,-0.024152823477983476,-0.027665008544921876
2020-01-27,TXN,104.68768,-0.032255642,5.1747206e+08,5.577669077739017,0.006650015,-0.0064921617,-0.0079921616576612,-0.014555264949798584
2020-01-27,MU,54.032356,-0.040685464,1.2490739e+09,5.577669077739017,0.015159637,-0.0019852081,-0.0034852081313729287,-0.01838879728317261
2020-01-27,AVGO,26.488605,-0.04620347,7.01281e+08,5.577669077739017,0.01456149,0.027440552,0.02594055166840553,0.011194120407104493
2020-01-27,LRCX,27.31502,-0.041593462,3.796505e+08,5.577669077739017,0.016985063,0.015078971,0.013578971162438393,-0.003374208450317383
2020-01-27,INTC,57.944614,-0.04060163,1.2877627e+09,5.577669077739017,0.012330748,0.0097427005,0.00824270049482584,-0.004056502819061279
2020-01-27,SHOP,45.111,-0.030871363,7.841685e+08,5.577669077739017,0.0052980073,0.04557646,0.044076460659503935,0.038566123008728026
2020-01-27,ISRG,189.16667,-0.036829542,4.442102e+08,5.577669077739017,0.00498676,0.006889847,0.005389847107231617,0.0003936395645141601
2020-01-27,NVDA,5.9710116,-0.04104153,1.678311e+09,5.577669077739017,0.011032717,0.0222317,0.020731699898838996,0.009576807975769043
2020-01-27,JD,32.98776,-0.048040498,4.150633e+08,5.577669077739017,0.019389091,0.039575055,0.038075055241584776,0.018302093505859374
2020-02-24,META,198.9727,-0.045009065,3.7687946e+09,2.769755566797187,0.007622619,-0.017536901,-0.019036900937557222,-0.026469160556793214
2020-02-24,AMZN,100.4645,-0.04135555,9.444051e+09,2.769755566797187,0.008525386,-0.014781347,-0.016281346544623376,-0.02460973405838013
2020-02-24,NVDA,6.7933316,-0.070697546,3.2672812e+09,2.769755566797187,0.01105116,-0.020601476,-0.02210147561132908,-0.03280662441253662
2020-02-24,AAPL,71.91969,-0.04750031,1.0391892e+10,2.769755566797187,0.009289401,-0.018546233,-0.020046232953667642,-0.029079426765441896
2020-02-24,MU,53.64229,-0.034743194,1.3695556e+09,2.769755566797187,-0.0030901711,-0.04799131,-0.0494913093149662,-0.04654036903381348
2020-02-24,TSLA,55.586,-0.0745949,1.8111734e+10,2.769755566797187,0.018242003,-0.06595187,-0.067451868891716,-0.08418553018569946
2020-02-24,GOOG,70.412575,-0.042771168,2.4692644e+09,2.769755566797187,0.008026336,-0.019984685,-0.02148468488454819,-0.029287983417510988
2020-02-24,AMD,49.12,-0.078078076,3.2837906e+09,2.769755566797187,0.04112379,-0.033183984,-0.034683984458446504,-0.0728726282119751
2020-02-24,GOOGL,70.32381,-0.04287284,2.6848963e+09,2.769755566797187,0.007846069,-0.02069893,-0.022198929205536844,-0.029822815895080568
2020-02-24,MSFT,161.67436,-0.043115515,6.2254285e+09,2.769755566797187,0.019368993,-0.004213113,-0.0057131128720939155,-0.024633993148803712
2020-02-25,NVDA,6.514172,-0.04109317,3.4839473e+09,1.3839557513293101,3.806398e-05,-0.03548522,-0.03698521921038628,-0.03702186489105225
2020-02-25,SHOP,46.646,-0.049902245,1.2981832e+09,1.3839557513293101,-0.01545686,-0.060219485,-0.06171948531270027,-0.04696535015106201
2020-02-25,AMAT,55.593834,-0.036345873,5.411399e+08,1.3839557513293101,0.012232675,-0.031600107,-0.03310010650753975,-0.04480307245254517
2020-02-25,MU,50.804646,-0.05289936,1.394321e+09,1.3839557513293101,0.01055651,-0.02917451,-0.030674510389566423,-0.04081593894958496
2020-02-25,AAPL,69.48359,-0.033872556,1.0620666e+10,1.3839557513293101,-0.0053803776,-0.050541468,-0.0520414679646492,-0.04690538787841797
2020-02-25,GILD,54.922512,-0.038408797,9.543586e+08,1.3839557513293101,0.017403794,0.03651947,0.035019471555948256,0.017288695335388182
2020-02-25,INTC,52.94681,-0.03286911,1.200645e+09,1.3839557513293101,0.006361958,-0.06529375,-0.06679375165700913,-0.07270269536972046
2020-02-25,QCOM,69.14989,-0.037205763,7.6913536e+08,1.3839557513293101,0.009723053,-0.053353112,-0.05485311219096184,-0.06396882677078247
2020-02-25,AMD,47.57,-0.03155536,3.2928947e+09,1.3839557513293101,0.0027328373,-0.07483711,-0.0763371109366417,-0.07885854387283325
2020-02-25,TSLA,53.32733,-0.040633738,1.8384288e+10,1.3839557513293101,-0.021764891,-0.15115449,-0.15265448832511902,-0.13376842880249024
2020-02-27,GOOG,65.28613,-0.053898226,2.6112274e+09,4.142274389022788,-0.03079436,0.05388116,0.05238116091489792,0.08586598491668701
2020-02-27,AMD,44.01,-0.07327865,3.4465848e+09,4.142274389022788,-0.06021354,0.0783913,0.07689129865169525,0.14598549461364746
2020-02-27,TSLA,45.266666,-0.12814584,1.9011789e+10,4.142274389022788,-0.07260678,0.095169425,0.09366942501068115,0.17941166019439697
2020-02-27,NVDA,6.2830153,-0.055665508,3.7669704e+09,4.142274389022788,-0.040142562,0.09433862,0.09283861821889877,0.13860536670684814
2020-02-27,SHOP,43.837,-0.06963365,1.3500957e+09,4.142274389022788,-0.03589437,0.11412729,0.11262729322910309,0.15410710430145264
2020-02-27,AMZN,94.215,-0.048136264,1.0362643e+10,4.142274389022788,-0.03697392,0.036963392,0.03546339204907417,0.07527590847015381
2020-02-27,AAPL,65.97179,-0.06536815,1.1129723e+10,4.142274389022788,-0.059447184,0.0924612,0.09096119856834411,0.16000963306427002
2020-02-27,MU,49.322445,-0.03417957,1.429072e+09,4.142274389022788,-0.038157534,0.07928036,0.07778036153316498,0.12059677696228027
2020-02-27,GOOGL,65.12776,-0.05431271,2.8900224e+09,4.142274389022788,-0.030905968,0.054275878,0.05277587777376175,0.0863983736038208
2020-02-27,MSFT,149.64973,-0.07045934,7.2319877e+09,4.142274389022788,-0.03647698,0.09236351,0.09086350655555725,0.13221813297271728
2020-02-28,BILI,25.68,-0.03567401,1.8515158e+08,6.225480300407497,0.031152617,0.021806832,0.020306832402944563,-0.010563422679901123
2020-02-28,RUN,19.34,-0.045880627,8.449197e+07,6.225480300407497,0.0062047015,0.009048564,0.007548564359545708,0.0013263330459594726
2020-02-28,XEL,51.049007,-0.039013125,1.891349e+08,6.225480300407497,-0.0016045205,0.054396696,0.052896696388721465,0.05459118938446045
2020-02-28,ZM,105.0,-0.07529725,6.990043e+08,6.225480300407497,0.04142856,0.11876192,0.11726191943883896,0.0727570161819458
2020-02-28,SNY,34.681324,-0.039659426,7.78789e+07,6.225480300407497,0.025513388,0.031567615,0.030067614525556563,0.00440360164642334
2020-02-28,NDAQ,31.204165,-0.045602605,1.04005064e+08,6.225480300407497,0.004388028,0.07332954,0.07182953810691833,0.06714035129547119
2020-02-28,EQIX,506.80112,-0.041323096,2.5300125e+08,6.225480300407497,0.0088691665,0.07395276,0.07245275682210922,0.06301141834259033
2020-02-28,STNE,32.9538,-0.046833966,8.177313e+07,6.225480300407497,0.014289285,0.11030334,0.10880334234237671,0.09316147422790527
2020-02-28,CHTR,493.17,-0.030242797,7.293734e+08,6.225480300407497,0.002635983,0.0037714893,0.002271489253267646,-0.0003673925399780274
2020-02-28,GILD,54.34274,-0.045417063,1.2125262e+09,6.225480300407497,0.013840673,0.069925055,0.06842505490779877,0.053818713188171385
2020-03-09,NFLX,34.649,-0.060926393,2.3990088e+09,7.206050454194724,0.028687794,0.009899343,0.008399343363940716,-0.019764472484588624
2020-03-09,TSLA,40.533333,-0.13572526,1.393952e+10,7.206050454194724,0.08458887,0.0431415,0.041641499161720275,-0.03971486234664917
2020-03-09,MSFT,142.49747,-0.067772396,8.75729e+09,7.206050454194724,0.050059356,0.019984014,0.018484014332294463,-0.03014152193069458
2020-03-09,COST,275.45447,-0.030063428,9.3206336e+08,7.206050454194724,0.019835828,-0.015067318,-0.016567318454384805,-0.035724271774291994
2020-03-09,AAPL,64.199005,-0.07909199,1.379665e+10,7.206050454194724,0.041214105,0.034789983,0.03328998318314552,-0.007669795989990234
2020-03-09,AMD,43.27,-0.10948754,4.1288855e+09,7.206050454194724,0.049456883,0.05615901,0.05465900829434395,0.0048862800598144535
2020-03-09,ADBE,305.79,-0.091991514,1.2546624e+09,7.206050454194724,0.043134183,0.030870866,0.029370866030454634,-0.013256181716918945
2020-03-09,GILD,57.602024,-0.083520904,1.3834883e+09,7.206050454194724,0.027068168,0.0024483404,0.0009483404122292995,-0.025470961570739747
2020-03-09,SHOP,41.832,-0.11386023,1.5311692e+09,7.206050454194724,0.06377891,0.009538111,0.00803811127692461,-0.05248879337310791
2020-03-09,NVDA,6.104921,-0.077431776,4.8008054e+09,7.206050454194724,0.04522498,0.0041962997,0.0026962997056543827,-0.04075347328186035
2020-08-11,TSLA,91.626,-0.03114406,1.9277588e+10,8.812070155579761,0.069565415,0.17943233,0.17793233251571655,0.10122109508514404
2020-08-11,NFLX,46.693,-0.034031205,4.490245e+09,8.812070155579761,0.009444629,0.030839711,0.029339711427688597,0.019694934844970702
2020-08-11,TTD,44.565,-0.043115176,5.7409536e+08,8.812070155579761,0.009669036,0.058768082,0.05726808241009712,0.04712880706787109
2020-08-11,FSLY,74.96,-0.04118702,9.261875e+08,8.812070155579761,0.003201679,0.06376733,0.06226732885837555,0.058872352600097655
2020-08-11,ZM,231.04,-0.075840026,1.3702484e+09,8.812070155579761,0.0054536434,0.070161045,0.06866104459762573,0.06285656547546387
2020-08-11,NVAX,149.48,-0.16262394,1.2085955e+09,8.812070155579761,-0.009499586,-0.10837568,-0.109875683426857,-0.10132436895370484
2020-08-11,SHOP,97.199,-0.033384405,2.6386852e+09,8.812070155579761,0.01228408,0.028714292,0.027214291751384734,0.01473082160949707
2020-08-11,AMD,76.88,-0.06517511,5.876267e+09,8.812070155579761,0.02016133,0.06451612,0.06301611965894699,0.04197813129425049
2020-08-11,DOCU,191.82,-0.033067837,7.9952966e+08,8.812070155579761,0.0043269033,0.039411936,0.037911935955286025,0.03343380546569824
2020-08-11,MRNA,68.97,-0.04221637,2.5877445e+09,8.812070155579761,0.09714364,-0.016528916,-0.018028915613889696,-0.10510771417617798
2020-09-08,META,268.79953,-0.040922284,7.0197176e+09,3.9559047386760398,0.017001204,-0.011321723,-0.012821723461151123,-0.02934937620162964
2020-09-08,AMZN,157.492,-0.04394436,1.453996e+10,3.9559047386760398,0.01687388,0.008022558,0.006522557944059372,-0.010204423904418945
2020-09-08,NVDA,11.861616,-0.05620924,7.555605e+09,3.9559047386760398,0.04087972,0.03347174,0.03197174078226089,-0.008617092609405517
2020-09-08,ZM,350.88,-0.05139368,3.8031506e+09,3.9559047386760398,0.053779054,0.09575925,0.09425925022363663,0.03833783721923828
2020-09-08,AAPL,109.33813,-0.06729495,2.3670495e+10,3.9559047386760398,0.039354645,0.005938735,0.0044387348592281346,-0.033650626182556154
2020-09-08,GOOG,75.9006,-0.036862478,3.0600975e+09,3.9559047386760398,0.016405683,-0.00024154533,-0.0017415453345747665,-0.01787852191925049
2020-09-08,AMD,78.69,-0.040482864,4.6528655e+09,3.9559047386760398,0.034438927,0.0036853591,0.0021853591445833444,-0.031229723930358888
2020-09-08,GOOGL,75.46192,-0.036434308,2.5717325e+09,3.9559047386760398,0.01660549,0.0016081375,0.0001081375069916248,-0.016252388000488283
2020-09-08,MSFT,192.72981,-0.054095805,6.885305e+09,3.9559047386760398,0.024376005,0.013372296,0.011872295536100865,-0.012241889476776123
2020-09-08,TSLA,110.07,-0.21062824,3.531324e+10,3.9559047386760398,0.07991886,0.12455709,0.12305709278583526,0.03983486747741699
2020-10-19,LULU,336.46,-0.03854842,5.821288e+08,5.679207571912343,0.005349873,-0.032574426,-0.034074426382780076,-0.03922246837615967
2020-10-19,ALNY,140.64,-0.03273724,5.966683e+07,5.679207571912343,0.009101243,-0.029579094,-0.03107909367978573,-0.03983150863647461
2020-10-19,APPS,36.43,-0.05105494,1.2470499e+08,5.679207571912343,0.008783961,-0.06093882,-0.062438820242881776,-0.07061563873291016
2020-10-19,NVCR,132.34,-0.033732552,1.17244744e+08,5.679207571912343,0.0065740547,-0.039934985,-0.04143498533964157,-0.04770528221130371
2020-10-19,ONC,301.52,-0.04766115,7.059782e+07,5.679207571912343,0.0,0.003482417,0.001982416970655322,0.0019824609756469726
2020-10-19,PENN,64.83,-0.08574251,6.5127424e+08,5.679207571912343,-0.0012340248,-0.02622244,-0.027722439482808114,-0.026519288063049318
2020-10-19,MRNA,70.96,-0.040302992,5.1667514e+08,5.679207571912343,0.015642624,-0.036499385,-0.03799938479065895,-0.05283897066116333
2020-10-19,NVAX,102.05,-0.046618067,3.607501e+08,5.679207571912343,0.006369367,-0.106712386,-0.10821238601207733,-0.11386608028411865
2020-10-19,JBHT,117.45604,-0.03202129,1.1898501e+08,5.679207571912343,0.0055672554,0.009843654,0.008343653999269009,0.0027526721954345703
2020-10-19,IOVA,36.36,-0.034006346,6.377626e+07,5.679207571912343,0.005500571,0.017051676,0.015551676288247109,0.009987960815429688
2020-10-26,DKNG,39.69,-0.07136179,1.6969356e+09,6.836444941793573,0.021416033,-0.038800634,-0.04030063444375992,-0.06045417928695679
2020-10-26,BKNG,68.51618,-0.04072266,5.4024083e+08,6.836444941793573,-0.0061341436,-0.08245645,-0.08395644718408585,-0.078293372631073
2020-10-26,GOOG,78.77636,-0.030804468,2.501048e+09,6.836444941793573,0.0032821083,-0.04642088,-0.0479208796620369,-0.051040340900421144
2020-10-26,NVDA,13.084568,-0.033038605,5.5111255e+09,6.836444941793573,0.012536803,-0.03913262,-0.04063262113928795,-0.052529622554779054
2020-10-26,FSLY,74.02,-0.030517379,1.3718316e+09,6.836444941793573,0.017157583,-0.032558717,-0.03405871683359146,-0.05037765645980835
2020-10-26,WDAY,210.33,-0.061613265,3.6493587e+08,6.836444941793573,0.006989023,-0.0029953164,-0.0044953164048492904,-0.011414994239807129
2020-10-26,ISRG,237.25667,-0.03223746,3.931815e+08,6.836444941793573,0.002458638,-0.03367663,-0.0351766317486763,-0.03754668378829956
2020-10-26,PTON,118.1,-0.036154415,2.6807086e+09,6.836444941793573,0.019136343,0.034038987,0.03253898701071739,0.013122926712036133
2020-10-26,PENN,60.68,-0.033757944,4.763163e+08,6.836444941793573,0.012359921,-0.06740277,-0.06890277260541916,-0.08028893613815308
2020-10-26,SEDG,273.0,-0.03492649,4.5298397e+08,6.836444941793573,-0.011648325,-0.03358979,-0.035089791506528856,-0.023700047969818117
2020-10-28,TSLA,135.34,-0.043938976,1.6729562e+10,8.839024775588257,0.009703999,-0.044283524,-0.04578352415561676,-0.05496864461898804
2020-10-28,MSFT,192.74884,-0.049566306,5.762693e+09,8.839024775588257,0.0068583027,-0.0010359414,-0.0025359414154663682,-0.009340514183044433
2020-10-28,GOOGL,74.82797,-0.05508846,2.684865e+09,8.839024775588257,0.0041169054,0.06970446,0.06820445811748505,0.06381858444213867
2020-10-28,META,265.33994,-0.055137675,5.023414e+09,8.839024775588257,0.033175077,-0.017035976,-0.018535976052284242,-0.050098825931549074
2020-10-28,AMZN,158.139,-0.03759507,1.6413684e+10,8.839024775588257,0.012169669,-0.04003764,-0.04153763943910599,-0.05307965421676636
2020-10-28,AAPL,107.76812,-0.046312187,1.4624432e+10,8.839024775588257,0.010521555,-0.02104311,-0.02254311063885689,-0.032735992908477785
2020-10-28,AMD,76.4,-0.03144011,4.420528e+09,8.839024775588257,0.004581132,-0.0145288035,-0.016028803527355195,-0.020522762775421144
2020-10-28,ZM,516.01,-0.042635266,4.691916e+09,8.839024775588257,0.010038551,-0.10678089,-0.10828088665008545,-0.11715834283828735
2020-10-28,GOOG,75.11949,-0.0546296,2.5187476e+09,8.839024775588257,0.0037847618,0.06883087,0.06733087009191513,0.06330085849761963
2020-10-28,NVDA,12.572535,-0.05745811,5.1513324e+09,8.839024775588257,0.016749881,-0.0073649473,-0.008864947348833084,-0.025217522621154786
2021-02-19,EXC,24.058088,-0.030913297,1.5465555e+08,6.584743612616364,-0.004591637,-0.014016558,-0.015516558416187763,-0.010968376636505127
2021-02-19,CLSK,36.31,-0.046981554,9.380911e+07,6.584743612616364,-0.07546135,-0.27265218,-0.27415217900276184,-0.21478562498092652
2021-02-19,OLED,212.58037,-0.05207687,7.183521e+07,6.584743612616364,-0.014190477,-0.067482375,-0.0689823746085167,-0.05555896902084351
2021-02-19,JOYY,99.05033,-0.06028205,1.7373112e+08,6.584743612616364,-0.04742456,-0.033527013,-0.035027012914419176,0.013089428901672364
2021-02-19,APPN,203.86,-0.059035283,3.113234e+08,6.584743612616364,-0.023839893,-0.11218481,-0.1136848076581955,-0.09200250053405762
2021-02-19,MNST,22.4125,-0.032379925,1.4517011e+08,6.584743612616364,-0.0008923796,-0.014835492,-0.01633549177646637,-0.015455533504486084
2021-02-19,ACRS,21.2,-0.061946884,2.37546e+07,6.584743612616364,-0.032547195,-0.00849058,-0.009990580134093761,0.02336598491668701
2021-02-19,GSAT,32.25,-0.03587446,1.3607635e+08,6.584743612616364,-0.088372104,-0.22325584,-0.22475584292411804,-0.14945923233032227
2021-02-19,KHC,28.246565,-0.037987556,2.2256835e+08,6.584743612616364,-0.0032016293,-0.009605023,-0.011105023078620433,-0.007924009799957275
2021-02-19,DBX,23.455,-0.0375462,1.6279888e+08,6.584743612616364,-0.010871846,-0.011724562,-0.013224562384188175,-0.00236212158203125
2021-02-22,MRNA,159.37,-0.08795931,2.1457551e+09,0.9521940766432522,-0.05095059,-0.09148524,-0.09298523956537247,-0.044210840702056886
2021-02-22,AMD,85.37,-0.046997085,3.8820447e+09,0.9521940766432522,-0.023076035,0.01839053,0.016890530720353125,0.040946136474609374
2021-02-22,SHOP,138.13,-0.037428323,1.8605135e+09,0.9521940766432522,-0.080735594,-0.058025043,-0.05952504345774651,0.023205052375793456
2021-02-22,ROKU,437.28,-0.06426141,1.808362e+09,0.9521940766432522,-0.05550217,-0.053718418,-0.05521841788291931,0.00038851356506347653
2021-02-22,INTC,55.21651,-0.03650224,1.7510748e+09,0.9521940766432522,-0.0037884782,0.04084996,0.0393499613404274,0.04330814933776855
2021-02-22,FUTU,167.8085,-0.080021076,1.7644212e+09,0.9521940766432522,-0.05065334,-0.047902804,-0.049402803868055345,0.0013972625732421875
2021-02-22,TSLA,238.16667,-0.08549846,2.0147464e+10,0.9521940766432522,-0.073296,0.038516406,0.03701640596985817,0.11915601348876953
2021-02-22,NVDA,14.298054,-0.038237333,4.0698637e+09,0.9521940766432522,-0.019539244,0.009978525,0.008478525340557099,0.028606067657470702
2021-02-22,PYPL,270.82974,-0.045552835,2.9392545e+09,0.9521940766432522,-0.051707078,-0.02840967,-0.029909669175744058,0.023067723274230956
2021-02-22,TLRY,262.9,-0.0999658,2.1800701e+09,0.9521940766432522,-0.08558387,0.064282976,0.06278297609090805,0.162393461227417
2021-02-23,FUTU,160.76038,-0.04200101,1.8339131e+09,0.7991930009762314,-0.04174877,-0.07883249,-0.0803324922323227,-0.04019938850402832
2021-02-23,BIDU,322.61,-0.03925079,2.7879393e+09,0.7991930009762314,-0.039831303,-0.088062905,-0.08956290477514267,-0.051732410430908204
2021-02-23,PYPL,262.07736,-0.03231691,3.1017733e+09,0.7991930009762314,0.004169776,-0.0417359,-0.04323589870333672,-0.0472150936126709
2021-02-23,TLRY,247.9,-0.057055917,2.194439e+09,0.7991930009762314,0.021783015,-0.011698241,-0.013198241345584392,-0.03426747465133667
2021-02-23,MRNA,150.17,-0.057727285,2.193851e+09,0.7991930009762314,0.0015982253,-0.01191978,-0.013419779703021049,-0.014996458530426025
2021-02-23,SHOP,130.024,-0.05868387,2.0384512e+09,0.7991930009762314,0.0039223107,-0.042407554,-0.043907553642988206,-0.04764889621734619
2021-02-23,RIOT,48.8,-0.24644846,1.7821247e+09,0.7991930009762314,0.09446723,-0.064139366,-0.06563936614990235,-0.14641677284240723
2021-02-23,MARA,28.56,-0.23039615,9.636693e+08,0.7991930009762314,0.13970588,0.07247898,0.07097897982597351,-0.06048618698120117
2021-02-23,MSTR,69.123,-0.21092463,1.0289307e+09,0.7991930009762314,0.061875213,0.058417633,0.05691763317584991,-0.004756082534790039
2021-02-23,ROKU,415.87,-0.048961774,1.8918136e+09,0.7991930009762314,-0.014114976,-0.08062615,-0.08212615245580673,-0.06896339797973633
2021-02-25,AMD,82.42,-0.051989924,3.6360138e+09,9.469318006622032,0.013952943,0.048167937,0.046667936503887175,0.032244096755981444
2021-02-25,PYPL,251.13933,-0.045589548,3.2092557e+09,9.469318006622032,0.01382214,0.07753793,0.07603793150186539,0.06134701824188232
2021-02-25,TSLA,227.40666,-0.08059082,2.1422246e+10,9.469318006622032,0.026061973,0.053076755,0.05157675525546074,0.024828563690185546
2021-02-25,SHOP,124.51,-0.0430773,2.0782049e+09,9.469318006622032,0.0076941624,0.052076146,0.050576146006584166,0.04254306411743164
2021-02-25,BIDU,294.2,-0.032268666,2.987433e+09,9.469318006622032,-0.01900077,0.004690599,0.003190599162131548,0.02265025234222412
2021-02-25,NVDA,13.254016,-0.082178086,4.733652e+09,9.469318006622032,0.033439722,0.04014652,0.03864651849865913,0.004989753723144532
2021-02-25,GOOG,100.615005,-0.030455802,3.1904133e+09,9.469318006622032,0.009432119,0.02468795,0.023187949568033217,0.013613353729248047
2021-02-25,AAPL,117.633804,-0.034782454,1.3035173e+10,9.469318006622032,0.013224116,0.056202814,0.05470281398296356,0.04091776466369629
2021-02-25,GOOGL,99.84738,-0.0325654,3.8668462e+09,9.469318006622032,0.0069446503,0.026642606,0.025142605662345885,0.0180620059967041
2021-02-25,TLRY,245.0,-0.12437452,2.2111916e+09,9.469318006622032,0.02244898,0.04326533,0.04176533153653145,0.018859277725219725
2021-05-04,ROKU,319.59,-0.046881992,1.2076823e+09,2.8770947885721654,0.024625286,-0.110798225,-0.11229822480678558,-0.13366882944107056
2021-05-04,UAL,52.8,-0.030481085,8.103265e+08,2.8770947885721654,-0.0009469553,0.0047348486,0.003234848625957966,0.004187236785888672
2021-05-04,NVDA,14.298504,-0.032723013,4.87515e+09,2.8770947885721654,0.02492812,0.011967664,0.010467663653194905,-0.014145184993743896
2021-05-04,FUTU,136.86603,-0.03249049,9.810482e+08,2.8770947885721654,0.0023184847,-0.056273643,-0.05777364292740822,-0.05995659971237183
2021-05-04,MRNA,173.59,-0.066820815,1.7891588e+09,2.8770947885721654,0.025980815,-0.07540755,-0.07690754973888397,-0.10032092475891113
2021-05-04,RIOT,37.57,-0.060515177,1.0510265e+09,2.8770947885721654,0.015704023,-0.10966194,-0.11116193675994873,-0.12492768907546997
2021-05-04,AMAT,123.06346,-0.031087752,1.2531366e+09,2.8770947885721654,0.023383815,0.023384001,0.021884001106023787,-0.0014998807907104492
2021-05-04,AAPL,124.303505,-0.035385292,1.1872587e+10,2.8770947885721654,0.010559201,0.014782747,0.013282747253775597,0.0026794776916503906
2021-05-04,PYPL,247.40102,-0.034466732,1.7123078e+09,2.8770947885721654,0.01902789,0.007435268,0.005935267791152001,-0.012876142501831054
2021-05-04,MARA,33.95,-0.06267257,9.5603635e+08,2.8770947885721654,0.016200272,-0.07511049,-0.07661048763990402,-0.0913551344871521
2021-05-05,FLGT,71.85,-0.030887522,8.633943e+07,2.2442197589705017,-0.009742477,0.03883091,0.03733090987801552,0.04755128479003906
2021-05-05,BNTX,168.53769,-0.034543227,6.1060845e+08,2.2442197589705017,-0.14469756,0.0757745,0.07427449828386307,0.2562708959579468
2021-05-05,PPLI,127.0688,-0.03011997,1.2906854e+08,2.2442197589705017,-0.010910131,0.03689703,0.03539702972769737,0.046834598541259764
2021-05-05,TIGR,18.58,-0.038799793,1.6704869e+08,2.2442197589705017,0.0026910247,-0.08180842,-0.0833084180355072,-0.08577268266677857
2021-05-05,NVAX,171.74,-0.049427092,7.81364e+08,2.2442197589705017,-0.091650195,0.024804905,0.02330490505695343,0.12670518016815185
2021-05-05,ROKU,304.17,-0.048249267,1.1375648e+09,2.2442197589705017,-0.018640935,0.042180315,0.040680314660072325,0.06047655200958252
2021-05-05,GH,139.73,-0.057088915,1.16388424e+08,2.2442197589705017,-0.0156014655,-0.031059876,-0.0325598760843277,-0.01720338010787964
2021-05-05,TRIP,45.44,-0.03688007,1.6247797e+08,2.2442197589705017,-0.0052816435,-0.027948955,-0.029448955073952676,-0.024287690162658693
2021-05-05,LYFT,52.63,-0.06335643,4.8512374e+08,2.2442197589705017,-0.03805818,-0.048641484,-0.05014148423075676,-0.012502063751220703
2021-05-05,MRNA,162.84,-0.06192753,1.8885286e+09,2.2442197589705017,-0.09113238,0.0019036942,0.00040369423944503066,0.10086477851867676
2021-05-12,PYPL,237.26405,-0.034955766,1.9366314e+09,4.338761459316444,0.00837817,0.026593288,0.025093288406729697,0.01656378364562988
2021-05-12,FUTU,104.82742,-0.14801499,9.8085594e+08,4.338761459316444,0.047330774,0.090533875,0.08903387492895126,0.03975070571899414
2021-05-12,TSLA,196.63,-0.044248212,2.2099972e+10,4.338761459316444,0.019749435,-0.00025430022,-0.001754300219239667,-0.02111624622344971
2021-05-12,MU,74.89054,-0.048091207,1.5178508e+09,4.338761459316444,0.015234229,0.037760086,0.036260086357593535,0.02068794822692871
2021-05-12,BKNG,85.08267,-0.033559084,9.292079e+08,4.338761459316444,0.009989727,0.050744552,0.04924455216526985,0.0388517484664917
2021-05-12,GOOG,110.903564,-0.030180693,3.3598423e+09,4.338761459316444,0.009829839,0.03442494,0.03292493826150894,0.022855649948120116
2021-05-12,MRNA,152.68,-0.03968811,2.1164698e+09,4.338761459316444,-0.0005238838,0.056982007,0.05548200687766075,0.05603600597381592
2021-05-12,GOOGL,108.975525,-0.030752402,3.8863877e+09,4.338761459316444,0.011757648,0.035509646,0.03400964593887329,0.0219760046005249
2021-05-12,NVDA,13.707935,-0.038287356,4.2193718e+09,4.338761459316444,0.02000562,0.03521432,0.03371431982517242,0.013410459518432618
2021-05-12,AMAT,109.831665,-0.07017396,1.1834056e+09,4.338761459316444,0.031423904,0.086612076,0.08511207556724548,0.05200673198699951
2021-07-16,CZR,89.9,-0.04837514,3.8338294e+08,7.473709925284837,-0.03542831,0.015572876,0.014072875738143921,0.05137444591522217
2021-07-16,AMAT,122.76145,-0.03768771,8.809067e+08,7.473709925284837,-0.023326367,0.02956778,0.0280677799731493,0.052657495498657225
2021-07-16,MAR,129.472,-0.032107502,3.091986e+08,7.473709925284837,-0.031099895,-0.0001482603,-0.001648260296555236,0.030445228576660155
2021-07-16,LRCX,55.86332,-0.036447547,6.23147e+08,7.473709925284837,-0.017825378,0.031623915,0.030123914837837218,0.0488467321395874
2021-07-16,MSTR,52.309,-0.03317688,5.696455e+08,7.473709925284837,-0.02949778,-0.040738627,-0.04223862731456757,-0.013082493782043457
2021-07-16,MRVL,52.977055,-0.03105915,3.668751e+08,7.473709925284837,-0.011488076,0.04798966,0.04648965901136398,0.05866886234283447
2021-07-16,AAL,19.79,-0.032746736,6.01759e+08,7.473709925284837,-0.048509397,0.038908463,0.0374084629714489,0.09037471866607666
2021-07-16,NVDA,18.098398,-0.04245713,9.089414e+09,7.473709925284837,-0.01353157,0.024833558,0.02333355812728405,0.03739143466949463
2021-07-16,MARA,23.33,-0.04697711,2.4744405e+08,7.473709925284837,-0.056150857,-0.030004319,-0.031504318803548814,0.026201973915100096
2021-07-16,KLAC,27.841124,-0.034666713,3.215428e+08,7.473709925284837,-0.011220156,0.03256947,0.03106947174668312,0.042786608695983885
2021-07-19,LYFT,51.72,-0.03146068,2.690553e+08,3.275115651606413,0.005607059,0.07830625,0.07680625027418136,0.07079387760162353
2021-07-19,MTCH,147.21797,-0.04864428,2.9897248e+08,3.275115651606413,0.0011739127,0.04154455,0.04004454916715622,0.03882337665557861
2021-07-19,EXPE,149.56651,-0.0378783,3.9036944e+08,3.275115651606413,0.0064625647,0.071089335,0.06958933478593826,0.06271184539794922
2021-07-19,AAL,18.97,-0.04143515,6.247546e+08,3.275115651606413,0.0042171814,0.12809701,0.12659701263904571,0.12185968017578125
2021-07-19,TMUS,137.49611,-0.032126486,4.2265395e+08,3.275115651606413,0.0012450415,-0.00027666354,-0.0017766635443549604,-0.00301979923248291
2021-07-19,DXCM,108.7625,-0.030399641,3.485791e+08,3.275115651606413,-0.0003907204,0.02742219,0.025922189712524413,0.026323805809020995
2021-07-19,NTRA,106.58,-0.057814717,1.8677578e+08,3.275115651606413,0.013323308,0.09861132,0.09711131757497787,0.08266664600372314
2021-07-19,ALGN,595.56,-0.03337012,4.0439514e+08,3.275115651606413,0.00080593134,0.04044937,0.03894936969876289,0.038111458778381346
2021-07-19,HON,196.0293,-0.04198317,5.863502e+08,3.275115651606413,0.0044413563,0.050711546,0.04921154609322548,0.044565568923950194
2021-07-19,FANG,58.883476,-0.06597779,1.9869355e+08,3.275115651606413,-0.0072414074,0.08402813,0.08252813225984573,0.09043527698516846
2021-08-18,AMD,103.44,-0.038304158,1.0754856e+10,5.373127337588471,-0.0011601193,0.011697593,0.01019759314507246,0.011372695922851563
2021-08-18,FLGT,87.37,-0.056479435,7.814764e+07,5.373127337588471,-0.009385369,0.039945036,0.03844503617286682,0.04829777336120605
2021-08-18,MAT,20.72,-0.030869966,6.615299e+07,5.373127337588471,-0.010617727,0.024613911,0.023113911285996436,0.03410972213745117
2021-08-18,NVAX,226.99,-0.032314453,1.400017e+09,5.373127337588471,-0.027974827,0.017181346,0.01568134619295597,0.04495586013793945
2021-08-18,ARVN,84.32,-0.030024163,6.069151e+07,5.373127337588471,-0.017789373,0.017907996,0.016407995730638503,0.03484393215179443
2021-08-18,CME,160.1525,-0.038025025,2.2219334e+08,5.373127337588471,-0.00698492,0.0039475965,0.0024475965313613414,0.009509454727172852
2021-08-18,JKHY,161.12108,-0.034718566,5.781848e+07,5.373127337588471,0.0055111023,0.027555225,0.026055225417017935,0.020423303604125975
2021-08-18,FRHC,60.91,-0.03562381,3.0089372e+07,5.373127337588471,-0.010014786,-0.010835657,-0.012335656896233558,-0.002329160213470459
2021-08-18,ACHC,59.65,-0.04651534,2.2660936e+07,5.373127337588471,-0.009555737,0.059849113,0.05834911322593689,0.06857455825805664
2021-08-18,CYTK,30.25,-0.04754409,5.292686e+07,5.373127337588471,-0.0056198374,0.010247916,0.008747915983200074,0.01445747470855713
2021-09-10,CAR,82.30779,-0.051461767,1.4808752e+08,4.328779628561321,0.014082918,0.03890104,0.03740103846788406,0.02297354793548584
2021-09-10,NVAX,242.18,-0.06411097,1.160643e+09,4.328779628561321,0.021636823,-0.03257907,-0.03407907181978226,-0.054567684173583986
2021-09-10,UPST,270.46,-0.06609121,1.3725588e+09,4.328779628561321,0.0012202067,-0.0052502514,-0.00675025138631463,-0.007962633609771728
2021-09-10,STX,72.29472,-0.039157435,1.6746205e+08,4.328779628561321,-0.00059562165,-0.014180101,-0.015680101454257966,-0.01509260082244873
2021-09-10,ISRG,341.15668,-0.04349493,4.8782474e+08,4.328779628561321,0.0077774245,0.015183618,0.013683618292212487,0.005849014282226563
2021-09-10,AAPL,145.30104,-0.033101756,1.1023227e+10,4.328779628561321,0.011143247,-0.005705675,-0.007205675110220909,-0.018163193702697755
2021-09-10,MSTR,61.557,-0.039102703,5.2009027e+08,4.328779628561321,-0.010672997,0.004727332,0.0032273319214582443,0.014066468238830567
2021-09-10,MARA,35.74,-0.08099763,3.8000432e+08,4.328779628561321,-0.019585919,-0.029658683,-0.03115868264436722,-0.011773993015289306
2021-09-10,OKTA,253.98,-0.046836283,4.283355e+08,4.328779628561321,0.00011811473,-0.002716759,-0.004216758986935019,-0.004334558486938476
2021-09-10,ZS,270.64,-0.034187376,4.3756522e+08,4.328779628561321,-0.011232665,0.019065818,0.017565817818045615,0.02914274787902832
2021-09-13,NVAX,233.83,-0.034478452,1.1172748e+09,3.836506475093529,-0.0032074584,-0.00654321,-0.00804320977628231,-0.004846502780914306
2021-09-13,CRWD,63.5075,-0.030419853,1.3303332e+09,3.836506475093529,0.00791249,0.02180848,0.020308480843901633,0.012286911964416504
2021-09-13,BNTX,322.86365,-0.0631461,1.3365175e+09,3.836506475093529,-0.0029651416,0.085926436,0.08442643588781357,0.08765591239929199
2021-09-13,AFRM,109.3,-0.11641063,1.0956575e+09,3.836506475093529,-0.0022415621,0.004117081,0.0026170809417963028,0.004872928619384766
2021-09-13,IDXX,655.05,-0.038966563,2.4611712e+08,3.836506475093529,0.0124723045,0.010075623,0.00857562316954136,-0.0038671984672546387
2021-09-13,DKNG,60.46,-0.032020494,6.7487654e+08,3.836506475093529,-0.0074925427,-0.010254696,-0.011754696011543274,-0.004283000469207763
2021-09-13,FTNT,59.384,-0.043705124,2.8172346e+08,3.836506475093529,0.003637337,0.015526082,0.014026082366704941,0.010345707893371582
2021-09-13,MRNA,419.72,-0.066002056,6.0922307e+09,3.836506475093529,-0.0010721724,0.03511863,0.03361862829327583,0.03472961044311523
2021-09-13,GSAT,34.2,-0.1230769,1.917806e+08,3.836506475093529,0.021929825,-0.18421055,-0.18571055376529694,-0.20321678066253662
2021-09-13,CROX,137.72,-0.044341125,1.4702786e+08,3.836506475093529,0.0084954845,0.11588725,0.11438724702596664,0.10498715496063232
2021-09-14,CERT,33.92,-0.062465508,4.6871996e+07,1.981886709928304,-0.0023584322,0.04510621,0.04360620981454849,0.04607678508758545
2021-09-14,SLM,15.503271,-0.037036777,3.996273e+07,1.981886709928304,-0.0005742984,0.025832478,0.024332477957010268,0.024922023773193358
2021-09-14,UPST,269.04,-0.032230183,1.2248285e+09,1.981886709928304,-0.0035051429,0.09002379,0.08852379328012466,0.09235788440704346
2021-09-14,CMCSA,44.26506,-0.07303664,7.051066e+08,1.981886709928304,-0.0016189496,0.030401282,0.028901282012462615,0.030572067260742186
2021-09-14,MSTR,61.848,-0.037684724,5.180294e+08,1.981886709928304,0.01539257,0.023476906,0.02197690612077713,0.006461869239807129
2021-09-14,GSAT,26.25,-0.23245616,2.0157514e+08,1.981886709928304,-0.03999997,0.022857158,0.02135715751349926,0.0639761791229248
2021-09-14,NTRS,94.964874,-0.031653974,6.182593e+07,1.981886709928304,0.008626092,-0.005266551,-0.006766550928354263,-0.015273858547210693
2021-09-14,CHTR,761.86,-0.039353427,7.066315e+08,1.981886709928304,-0.00047250855,0.004436517,0.002936517134308815,0.0034113035202026367
2021-09-14,GPRE,33.65,-0.06709172,3.6434828e+07,1.981886709928304,0.012184245,0.057355132,0.055855131953954695,0.04312718963623047
2021-09-14,APA,16.631395,-0.039701708,1.1659279e+08,1.981886709928304,0.024805952,0.058914583,0.057414583176374434,0.03178299522399902
2021-09-20,MTCH,145.42253,-0.036146,1.0378147e+09,3.9602199314275595,0.0035652188,0.014459083,0.01295908285677433,0.009355197906494141
2021-09-20,UPST,293.47,-0.032473974,1.2524102e+09,3.9602199314275595,0.014209335,0.102361426,0.10086142575740814,0.08541704273223877
2021-09-20,PLTR,26.55,-0.075235106,1.4967448e+09,3.9602199314275595,0.012806033,0.03314505,0.031645051449537276,0.018581877708435057
2021-09-20,SHOP,143.453,-0.034824934,1.1492279e+09,3.9602199314275595,0.007298537,0.021867743,0.020367742761969565,0.012963543891906739
2021-09-20,NVDA,21.043934,-0.035935916,6.271844e+09,3.9602199314275595,0.0143988775,0.03921751,0.037717509329319,0.02296627616882324
2021-09-20,TSLA,243.39,-0.038604844,1.2596019e+10,3.9602199314275595,0.006327266,0.02981498,0.028314980924129485,0.02183998680114746
2021-09-20,AMZN,167.7865,-0.030841744,1.0134902e+10,3.9602199314275595,0.005742423,0.007247326,0.005747325964272023,-3.6849975585937812e-06
2021-09-20,NVAX,226.92,-0.04470824,9.8326995e+08,3.9602199314275595,0.0042746398,0.022430796,0.020930796176195143,0.01657892322540283
2021-09-20,BNTX,334.57846,-0.05615562,1.1981464e+09,3.9602199314275595,0.016990611,0.0007374492,-0.0007625507875345648,-0.01748167419433594
2021-09-20,AFRM,107.7,-0.07378743,1.5068589e+09,3.9602199314275595,0.012999086,0.0591458,0.05764580076932907,0.044054637908935546
2021-09-28,META,337.6846,-0.036568645,5.70731e+09,5.809862679561988,0.007338922,-0.0036988775,-0.005198877524584531,-0.01245736026763916
2021-09-28,GOOG,134.90619,-0.03757588,3.271852e+09,5.809862679561988,0.006797484,-0.02143032,-0.02293031917512417,-0.029537190437316896
2021-09-28,MSFT,272.10178,-0.036204103,6.627614e+09,5.809862679561988,0.005572758,-0.005642743,-0.007142742849886417,-0.01265339994430542
2021-09-28,NVDA,20.631287,-0.044367623,5.322579e+09,5.809862679561988,0.011643439,0.0008214123,-0.0006785876918584109,-0.012197364807128906
2021-09-28,PLTR,25.34,-0.07753911,1.563108e+09,5.809862679561988,0.010655109,-0.051302258,-0.05280225792527199,-0.06280421161651611
2021-09-28,ADBE,578.77,-0.04121594,1.5301989e+09,5.809862679561988,0.011541705,-0.0052698804,-0.006769880406558513,-0.01811980152130127
2021-09-28,AMD,101.52,-0.061390594,4.3693496e+09,5.809862679561988,0.0076832785,0.013593429,0.012093428768217564,0.004365097045898438
2021-09-28,AFRM,114.52,-0.10789125,1.9621661e+09,5.809862679561988,0.04750264,0.040254984,0.03875498405098915,-0.008419026374816894
2021-09-28,GOOGL,134.54967,-0.037158277,3.8013558e+09,5.809862679561988,0.008466353,-0.015858179,-0.017358178958296777,-0.025620330810546876
2021-09-28,MRNA,384.21,-0.06024363,5.8299003e+09,5.809862679561988,0.02342469,0.0016917672,0.00019176724739372727,-0.02273546600341797
2021-09-29,MCHP,68.62341,-0.033282746,2.7536832e+08,5.322174034287045,0.010648491,-0.002352076,-0.003852075884118676,-0.014363576412200927
2021-09-29,ASML,715.96155,-0.038132712,7.781608e+08,5.322174034287045,0.0051037,-0.011473691,-0.012973691090941429,-0.017993260860443117
2021-09-29,AMAT,123.072395,-0.034765355,9.50006e+08,5.322174034287045,0.008653463,0.0067045246,0.005204524625092745,-0.003432203769683838
2021-09-29,NXPI,182.11305,-0.036083233,4.025011e+08,5.322174034287045,0.009157298,-0.02948447,-0.030984469443559648,-0.039791096687316896
2021-09-29,CRVS,6.32,-0.08272855,1.4247515e+08,5.322174034287045,-0.047468383,-0.23892409,-0.2404240860939026,-0.20249669694900513
2021-09-29,ON,45.84,-0.031481124,2.406992e+08,5.322174034287045,0.008726037,-0.005017442,-0.006517442163079977,-0.01512454891204834
2021-09-29,GSAT,24.15,-0.030120483,1.5498134e+08,5.322174034287045,-0.055900637,-0.04347823,-0.04497822815179825,0.011657963752746582
2021-09-29,APPS,68.12,-0.03430675,3.3206038e+08,5.322174034287045,0.007633538,0.042865504,0.04136550357937813,0.033465038299560546
2021-09-29,MARA,30.61,-0.06534349,3.1611034e+08,5.322174034287045,0.04639001,0.083632715,0.08213271504640579,0.03409160232543945
2021-09-29,KLAC,31.938684,-0.033801127,3.663924e+08,5.322174034287045,0.008887571,-0.0008349324,-0.002334932376164943,-0.01113681936264038
2021-09-30,ASTH,91.05,-0.043994065,9.555363e+07,3.868812980902291,0.0021965618,-0.012740293,-0.014240292586386203,-0.016404141426086427
2021-09-30,LCID,253.8,-0.03424652,1.2005092e+09,3.868812980902291,0.0051221554,-0.048857402,-0.050357402056455614,-0.05520450019836426
2021-09-30,ZD,118.8,-0.031063808,5.43307e+07,3.868812980902291,-0.0005124153,-0.009222705,-0.010722704917192459,-0.010214735507965087
2021-09-30,FCNCA,828.54504,-0.030638516,5.0560776e+07,3.868812980902291,-0.00077083544,0.021276943,0.019776943385601042,0.020564805030822753
2021-09-30,AUPH,22.13,-0.037407596,8.86141e+07,3.868812980902291,-0.0018074564,-0.046994988,-0.04849498787522316,-0.04676937007904053
2021-09-30,UPBD,42.566544,-0.033860534,2.2392244e+07,3.868812980902291,0.0030246724,0.00942908,0.007929080411791802,0.004885087966918946
2021-09-30,SHOO,36.008007,-0.050815497,3.2502012e+07,3.868812980902291,0.008217256,0.018177228,0.016677228048443793,0.008378873825073243
2021-09-30,CROX,143.48,-0.042253535,2.8289984e+08,3.868812980902291,0.005366632,-0.05164475,-0.05314474993944168,-0.05820708417892456
2021-09-30,ULTA,360.92,-0.046068434,2.1365838e+08,3.868812980902291,0.002770697,0.024936274,0.02343627369403839,0.020604382514953612
2021-11-10,SHOP,147.4,-0.051998626,1.5200283e+09,6.938542993858405,0.017978353,0.13264588,0.1311458752155304,0.11114240741729736
2021-11-10,LCID,407.5,-0.08999551,2.814993e+09,6.938542993858405,0.049079753,0.07803678,0.07653677767515182,0.026102314949035643
2021-11-10,UPST,256.59,-0.18207897,1.6013846e+09,6.938542993858405,0.030788394,0.02958025,0.0280802503824234,-0.0026721253395080567
2021-11-10,AFRM,133.53,-0.15374863,1.8544723e+09,6.938542993858405,0.23754963,0.11577928,0.11427928066253662,-0.09989636087417603
2021-11-10,ADBE,647.5,-0.030572498,1.2462433e+09,6.938542993858405,0.0032586646,0.015598418,0.014098418191075325,0.010799656867980957
2021-11-10,NVDA,29.36263,-0.039077576,9.799741e+09,6.938542993858405,0.03425112,0.03160335,0.030103351235389708,-0.004060079097747802
2021-11-10,MARA,64.84,-0.14785123,8.3601235e+08,6.938542993858405,0.03053676,0.17088221,0.1693822101354599,0.13468671894073486
2021-11-10,QCOM,143.33702,-0.04162186,1.4077354e+09,6.938542993858405,0.012515789,0.032165267,0.030665266573429106,0.01790655708312988
2021-11-10,AMD,139.87,-0.060770907,7.8563205e+09,6.938542993858405,0.022092026,0.05733899,0.05583899027109146,0.0329851016998291
2021-11-10,AMAT,144.30562,-0.03768649,8.3020243e+08,6.938542993858405,0.012167855,0.042686466,0.04118646612763405,0.02865172481536865
2021-11-26,SHOP,157.67,-0.031927288,1.8591365e+09,9.879648837587936,0.00039320393,-0.034825884,-0.0363258838057518,-0.0367051854133606
2021-11-26,MU,81.45965,-0.03236264,1.4037827e+09,9.879648837587936,0.011508016,0.0069527444,0.005452744442969561,-0.006003428936004638
2021-11-26,ABNB,173.86,-0.03352048,1.4621224e+09,9.879648837587936,0.017370323,-0.0075923577,-0.009092357695102691,-0.026036490440368654
2021-11-26,NVDA,31.399952,-0.035838835,1.4682232e+10,9.879648837587936,0.027394064,0.037234418,0.03573441809415817,0.00807798957824707
2021-11-26,DLTR,141.11,-0.037514493,7.0272064e+08,9.879648837587936,0.008929165,-0.05159095,-0.053090949296951295,-0.061484445571899415
2021-11-26,AMAT,137.70566,-0.03838663,1.02438944e+09,9.879648837587936,0.02428674,0.027217703,0.02571770294010639,0.001361499786376953
2021-11-26,AAPL,153.17117,-0.031678207,1.1839885e+10,9.879648837587936,0.016325295,0.054142136,0.05264213612675667,0.035709391593933104
2021-11-26,TSLA,360.64,-0.030537594,3.508152e+10,9.879648837587936,0.01762605,0.058081895,0.05658189511299133,0.03825510597229004
2021-11-26,CAR,274.543,-0.075771585,8.936391e+08,9.879648837587936,0.068071775,-0.04973008,-0.051230081111192705,-0.11179386520385742
2021-11-26,MARA,49.2,-0.060889456,8.8257734e+08,9.879648837587936,0.059959363,0.03800811,0.03650810873508453,-0.0222095742225647
2022-01-05,GOOGL,136.47632,-0.045876306,4.0688837e+09,6.392564708568912,-0.00563611,-0.00550172,-0.007001720122992992,-0.0013649358749389649
2022-01-05,INTU,573.1433,-0.03981783,9.760872e+08,6.392564708568912,-0.0116220005,-0.04291935,-0.0444193489253521,-0.03316532516479492
2022-01-05,LCID,366.8,-0.0692718,2.1100041e+09,6.392564708568912,-0.006270414,0.14449291,0.14299290931224823,0.15021456336975098
2022-01-05,TSLA,362.70667,-0.053471215,2.457212e+10,6.392564708568912,-0.010219457,-0.056207012,-0.05770701238512993,-0.04796235704421997
2022-01-05,NVDA,27.517065,-0.05756251,1.4444828e+10,6.392564708568912,0.0013043719,-0.012932746,-0.014432745739817619,-0.015718568801879884
2022-01-05,GOOG,136.36194,-0.04682979,3.2727316e+09,6.392564708568912,-0.0011333149,-0.0047146482,-0.006214648239314556,-0.005085398197174072
2022-01-05,NFLX,56.752,-0.03997298,1.6173144e+09,6.392564708568912,-0.023223866,-0.046623908,-0.04812390798330307,-0.025456358432769777
2022-01-05,MSFT,304.1941,-0.038387768,8.978485e+09,6.392564708568912,-0.010209642,-0.007396493,-0.00889649310708046,0.0013420686721801758
2022-01-05,AVGO,59.34383,-0.041614465,1.6556832e+09,6.392564708568912,-0.004416831,-0.037091713,-0.03859171339869499,-0.03431986713409424
2022-01-05,AMD,136.15,-0.057263568,7.695729e+09,6.392564708568912,0.00029385637,-0.030481044,-0.031981044203042985,-0.0322658314704895
2022-01-06,WDC,48.69559,-0.034595862,2.238016e+08,6.18691148409593,-0.0012356978,0.012357134,0.010857134371995926,0.012109647750854493
2022-01-06,LSTR,155.43321,-0.042968594,4.2642332e+07,6.18691148409593,0.0015912282,-0.024923056,-0.02642305636405945,-0.027972151279449464
2022-01-06,TTD,76.93,-0.034028117,3.166798e+08,6.18691148409593,0.013908744,0.052905235,0.051405235439538954,0.03696156597137451
2022-01-06,AKAM,111.88,-0.031174282,1.322119e+08,6.18691148409593,0.0029496052,0.0068824124,0.005382412359118462,0.0024212703704833984
2022-01-06,OMCL,166.77,-0.031982787,6.560493e+07,6.18691148409593,-0.0062961145,-0.020267462,-0.021767462357878686,-0.015559901237487793
2022-01-07,INTU,548.5444,-0.030988399,9.92509e+08,3.1069363353669814,-0.024737211,0.019663636,0.01816363564133644,0.044027100563049315
2022-01-07,TSLA,342.32,-0.035446566,2.5823418e+10,3.1069363353669814,-0.02625223,0.036457058,0.034957058042287825,0.06289995765686035
2022-01-07,AMAT,144.9326,-0.035371333,8.5840474e+08,3.1069363353669814,-0.020489449,0.010874574,0.009374574072659016,0.030520211219787596
2022-01-07,NVDA,27.161194,-0.033040028,1.3951237e+10,3.1069363353669814,-0.024443116,0.020919662,0.019419661968946456,0.04499937152862549
2022-01-07,AMD,132.0,-0.031050399,7.8319974e+09,3.1069363353669814,-0.022121198,0.040227253,0.0387272529900074,0.06225885009765625
2022-01-07,KLAC,39.813644,-0.035421696,5.045259e+08,3.1069363353669814,-0.01607066,0.020867866,0.01936786553263664,0.03604186630249023
2022-01-07,MCHP,73.66698,-0.039507538,2.768606e+08,3.1069363353669814,-0.013914197,0.03271101,0.03121101042628288,0.04578305339813232
2022-01-07,ON,64.56,-0.040000036,3.981381e+08,3.1069363353669814,-0.024008663,0.021220613,0.019720613270998,0.044841896057128905
2022-01-07,SNPS,330.36,-0.042351555,2.909031e+08,3.1069363353669814,-0.022974927,0.03033061,0.028830609530210494,0.05305911159515381
2022-01-07,LRCX,63.830215,-0.046473287,7.392272e+08,3.1069363353669814,-0.01594225,0.005856912,0.00435691211745143,0.020652304649353026
2022-01-10,PI,78.04,-0.031881895,2.8534562e+07,8.578223333653767,0.05394668,0.14633518,0.1448351845741272,0.08615947818756103
2022-01-10,RRR,41.019142,-0.035699986,3.7748464e+07,8.578223333653767,-0.0076099313,0.022213403,0.0207134031355381,0.028552065849304198
2022-01-10,COST,492.44794,-0.03241442,1.44141e+09,8.578223333653767,-6.197118e-08,0.01349286,0.011992859899997712,0.011992941856384278
2022-01-10,LEGN,42.85,-0.04052847,4.5116144e+07,8.578223333653767,0.002567109,0.09568267,0.09418267315626144,0.09137714958190918
2022-01-10,AEHR,14.82,-0.07893104,3.246641e+07,8.578223333653767,0.002699053,-0.0020242736,-0.003524273620918393,-0.006210614681243896
2022-01-10,SMPL,37.67,-0.041719746,2.571968e+07,8.578223333653767,0.004247509,0.022564437,0.021064437240362166,0.016739378929138182
2022-01-10,DLTR,135.74,-0.03703179,3.3967363e+08,8.578223333653767,-0.0013261229,0.008545663,0.007045663207769394,0.008384834289550782
2022-01-10,ULTA,381.04,-0.040443208,2.705697e+08,8.578223333653767,0.0029130415,0.008188103,0.0066881033256649975,0.0037597522735595703
2022-01-10,LWLG,12.3,-0.063214004,2.710562e+07,8.578223333653767,0.001625976,-0.0032520294,-0.004752029418945312,-0.006370116710662841
2022-01-10,AOSL,51.96,-0.043446258,3.5451176e+07,8.578223333653767,-0.004041553,-0.025019232,-0.02651923218369484,-0.022562791347503663
2022-01-19,AMAT,137.49428,-0.060973898,1.0830764e+09,7.928407884949635,0.018312419,-0.05598688,-0.05748688125610352,-0.0744631781578064
2022-01-19,MU,87.97873,-0.030903311,2.0212841e+09,7.928407884949635,0.003110944,-0.08966671,-0.0911667093038559,-0.09398989820480347
2022-01-19,KLAC,37.548454,-0.04792018,4.9005184e+08,7.928407884949635,0.017319946,-0.051272962,-0.052772962242364885,-0.06892513179779053
2022-01-19,QCOM,155.28656,-0.03572628,1.291881e+09,7.928407884949635,0.011943762,-0.04371761,-0.045217611581087114,-0.05650447750091553
2022-01-19,NVDA,24.988062,-0.032273933,1.2048653e+10,7.928407884949635,0.009454665,-0.06753896,-0.06903896176815033,-0.07777248764038086
2022-01-19,TSLA,331.88333,-0.033827897,2.6980504e+10,7.928407884949635,0.014141502,-0.051976096,-0.05347609588503838,-0.06669567966461182
2022-01-19,MAR,147.83102,-0.03328928,2.6796197e+08,7.928407884949635,0.008754828,0.018093353,0.016593353137373923,0.00775743579864502
2022-01-19,LRCX,61.297195,-0.05343079,8.3935104e+08,7.928407884949635,0.018608235,-0.05747369,-0.05897368931770325,-0.0761920108795166
2022-01-19,ON,59.01,-0.06377916,3.9025744e+08,7.928407884949635,0.0071174717,-0.07253006,-0.07403006100654602,-0.08058463478088379
2022-01-19,LI,29.26,-0.039711162,2.2394496e+08,7.928407884949635,0.032809265,-0.046479855,-0.04797985473275185,-0.0782703652381897
2022-01-20,APA,27.0256,-0.0311578,2.2795802e+08,4.23969759196838,-0.014399968,-0.022720128,-0.024220128297805787,-0.009941686630249023
2022-01-20,FCNCA,841.88245,-0.046353094,1.8961413e+08,4.23969759196838,-0.011386603,-0.035619784,-0.03711978414654732,-0.026012290954589845
2022-01-20,MU,83.15944,-0.0547779,2.033861e+09,4.23969759196838,-0.009991675,-0.024920471,-0.026420471012592317,-0.016579498291015626
2022-01-20,LCID,387.2,-0.032725397,1.6341407e+09,4.23969759196838,0.008006135,-0.025051683,-0.026551683187484743,-0.034295250415802
2022-01-20,ON,55.54,-0.05880355,3.9617427e+08,4.23969759196838,-0.006121717,-0.003601022,-0.005101022064685821,0.001036177635192871
2022-01-20,AMD,121.89,-0.04973887,8.823842e+09,4.23969759196838,-0.014357207,-0.04397408,-0.045474079191684724,-0.03154831075668335
2022-01-20,NVDA,24.073948,-0.03658203,1.1939839e+10,4.23969759196838,-0.026625216,-0.032215435,-0.033715435057878496,-0.0072430863380432125
2022-01-20,QCOM,149.91132,-0.034615,1.3117042e+09,4.23969759196838,-0.0015610832,0.021441713,0.019941712975502013,0.021538744926452635
2022-01-20,MRVL,72.562225,-0.04018722,8.105597e+08,4.23969759196838,-0.012059562,-0.023170842,-0.02467084185779095,-0.012746919631958007
2022-01-20,FANG,99.07652,-0.03022834,2.3685634e+08,4.23969759196838,-0.022065341,-0.020424902,-0.021924902439117433,0.00017739391326904294
2022-01-21,CSX,31.949694,-0.032349728,4.0439597e+08,1.431983289307695,0.009970663,-0.011143799,-0.012643798939883709,-0.022406031131744386
2022-01-21,ODFL,144.7157,-0.03316063,3.2795574e+08,1.431983289307695,-0.0061318493,0.010646464,0.009146464303135872,0.015381823539733887
2022-01-21,PANW,80.605,-0.069351636,7.5604486e+08,1.431983289307695,-0.018836714,-0.01687241,-0.018372409731149675,0.0005020008087158203
2022-01-21,TSLA,314.63333,-0.052566066,2.7772404e+10,1.431983289307695,-0.04146624,-0.027015574,-0.028515574276447297,0.013575802803039551
2022-01-21,APA,26.03106,-0.036799967,2.3414939e+08,1.431983289307695,-0.0368773,0.09867083,0.0971708328127861,0.1392381296157837
2022-01-21,BKNG,91.88262,-0.036069326,6.757141e+08,1.431983289307695,-0.012166245,-0.0071786335,-0.008678633473813533,0.00354910945892334
2022-01-21,MU,80.089966,-0.0369107,1.9010961e+09,1.431983289307695,-0.020261105,-0.0147688715,-0.016268871478736402,0.004105816841125489
2022-01-21,NVDA,23.300394,-0.032132406,1.2013817e+10,1.431983289307695,-0.04466526,-0.044921804,-0.04642180421948433,-0.0017685189247131348
2022-01-21,FANG,95.89074,-0.032154776,2.4282496e+08,1.431983289307695,-0.042461243,0.07619271,0.074692706823349,0.12241555309295654
2022-01-21,FTNT,57.73,-0.053575553,4.4696173e+08,1.431983289307695,-0.020751743,-0.05439112,-0.05589111962914467,-0.03585230255126953
2022-01-25,KLAC,35.34439,-0.053669345,5.3431574e+08,6.7225509365255505,0.03693472,-0.022452867,-0.023952866658568384,-0.05877231502532959
2022-01-25,NVDA,22.253698,-0.044839863,1.2697984e+10,6.7225509365255505,0.04103195,-0.01702195,-0.018521950334310533,-0.05726574802398682
2022-01-25,PANW,79.245,-0.057000067,8.046949e+08,6.7225509365255505,0.017940076,0.020506024,0.019006024360656737,0.0010207996368408203
2022-01-25,FAST,24.804892,-0.03114693,1.6996859e+08,6.7225509365255505,0.0039512776,-0.015265853,-0.01676585314422846,-0.020641554832458497
2022-01-25,TER,135.76869,-0.062058996,2.2078722e+08,6.7225509365255505,0.03810823,-0.19560355,-0.19710354948043823,-0.22663240575790405
2022-01-25,MRVL,65.895935,-0.07032871,8.784541e+08,6.7225509365255505,0.04461364,-0.031781804,-0.03328180381655693,-0.07463269376754761
2022-01-25,LCID,354.6,-0.060662236,1.6421622e+09,6.7225509365255505,0.023406621,-0.19063735,-0.19213735008239746,-0.21064852619171143
2022-01-25,AMD,111.13,-0.04634001,9.403397e+09,6.7225509365255505,0.03077482,-0.07675694,-0.07825693929195404,-0.10582130098342896
2022-01-25,ON,53.32,-0.036501635,3.9994144e+08,6.7225509365255505,0.05138788,0.0065641124,0.005064112380146981,-0.04413293743133545
2022-01-25,CTSH,75.72251,-0.033490267,2.163007e+08,6.7225509365255505,0.0051066484,-0.0055926885,-0.007092688452452421,-0.012145031929016113
2022-01-26,LCID,334.1,-0.057811618,1.633927e+09,6.198785156609844,0.013169691,-0.18736906,-0.18886906349658966,-0.19943200492858887
2022-01-26,PAYX,97.76988,-0.043782085,2.0545373e+08,6.198785156609844,0.00686818,0.021538375,0.020038374945521353,0.013070236206054688
2022-01-26,KMB,111.86031,-0.034305006,2.3493384e+08,6.198785156609844,0.0008158641,0.030258179,0.0287581787109375,0.027918349266052245
2022-01-27,SAIA,266.15,-0.05362165,1.104248e+08,3.0972996115190625,-3.749483e-05,0.0681195,0.06661950355768204,0.06665958023071289
2022-01-27,QCOM,145.13942,-0.03473034,1.5285536e+09,3.0972996115190625,0.005024676,0.09032253,0.08882253175973892,0.08337141132354736
2022-01-27,TSLA,276.36667,-0.115541756,2.942126e+10,3.0972996115190625,0.0029670992,0.12980336,0.1283033595085144,0.12496102905273437
2022-01-27,CAR,156.29265,-0.041095898,1.4808578e+08,3.0972996115190625,0.0,0.07100298,0.06950298255681991,0.06950296020507812
2022-01-27,EXPE,168.88864,-0.033145193,3.538187e+08,3.0972996115190625,0.0006423759,0.0704315,0.06893150067329407,0.06824422931671142
2022-01-27,JBHT,179.9199,-0.037800614,1.3993259e+08,3.0972996115190625,0.0012230275,0.023550212,0.022050212383270262,0.020800004959106444
2022-01-27,MAR,147.36127,-0.031625904,3.1042454e+08,3.0972996115190625,0.0018866229,0.048207667,0.04670766672492027,0.044733773231506346
2022-01-27,KLAC,34.550808,-0.049395643,5.853039e+08,3.0972996115190625,-0.025566928,0.075925715,0.07442571526765823,0.10265554046630859
2022-01-27,MRVL,63.801643,-0.040940333,9.2725126e+08,3.0972996115190625,5.9789954e-08,0.10032395,0.09882395273447037,0.09882379627227783
2022-01-27,ON,53.67,-0.03748207,4.1681274e+08,3.0972996115190625,-0.010247797,0.09931064,0.09781063652038574,0.10919285869598389
2022-02-22,APA,26.843987,-0.03482574,2.6798074e+08,6.674410429828967,0.012886689,0.040914938,0.03941493785381317,0.026171694755554198
2022-02-22,WBD,28.28,-0.052913595,2.6651915e+08,6.674410429828967,0.0021216217,-0.019448413,-0.020948412582278253,-0.023024310111999513
2022-02-22,CAR,143.31418,-0.059894003,1.8637482e+08,6.674410429828967,0.006430629,0.11217178,0.11067177659273147,0.1035654649734497
2022-02-22,ORLY,43.480667,-0.03656054,4.254036e+08,6.674410429828967,0.0012112443,-0.023075406,-0.024575405508279802,-0.025757302284240724
2022-02-22,NTAP,77.70587,-0.052584972,1.4141786e+08,6.674410429828967,0.0076634767,-0.07930809,-0.08080809259414673,-0.08781014823913574
2022-02-22,CYTK,33.69,-0.03467057,4.3972216e+07,6.674410429828967,0.0,0.0077174874,0.006217487402260304,0.006217490196228028
2022-02-22,BKNG,98.63362,-0.03752849,1.0785485e+09,6.674410429828967,0.007350419,-0.088641986,-0.09014198625087738,-0.09679203176498413
2022-02-22,ABNB,165.24,-0.055231497,1.1916109e+09,6.674410429828967,0.0041756667,-0.04224165,-0.0437416515648365,-0.04772429609298706
2022-02-22,BCRX,17.75,-0.052828163,5.661067e+07,6.674410429828967,-0.056338027,-0.06028167,-0.0617816715836525,-0.005679120063781738
2022-02-22,RUM,13.14,-0.07006368,1.1839671e+08,6.674410429828967,0.010654443,-0.041095886,-0.04259588637948036,-0.05270480060577393
2022-02-23,MU,85.349144,-0.035994317,1.8033527e+09,2.265887263144492,-0.036422033,0.031954926,0.03045492550730705,0.06946147537231445
2022-02-23,NXST,144.76257,-0.04063369,5.5110108e+07,2.265887263144492,-0.019172018,0.053209074,0.051709073841571807,0.07229591464996338
2022-02-23,BCRX,16.7,-0.059154887,5.7505764e+07,2.265887263144492,-0.048503015,0.021556808,0.020056807681918143,0.07213128662109375
2022-02-23,ORLY,42.11667,-0.031370226,4.2523197e+08,2.265887263144492,-0.013977098,0.036343392,0.034843391984701155,0.04953373527526855
2022-02-23,HBAN,12.513664,-0.033480547,1.5084488e+08,2.265887263144492,-0.035947718,0.017646953,0.01614695346355438,0.054093132972717284
2022-02-23,RUM,12.74,-0.030441443,1.1711325e+08,2.265887263144492,-0.07299838,-0.0015698199,-0.0030698198694735766,0.07555342769622803
2022-02-23,SYNA,206.38,-0.037541334,1.184164e+08,2.265887263144492,-0.04021709,0.1029654,0.10146539962291717,0.14768208122253418
2022-02-23,SBLK,17.996136,-0.033854857,4.9580372e+07,2.265887263144492,-0.06479362,0.049917128,0.048417127937078475,0.1211581335067749
2022-02-23,DDOG,149.44,-0.059770983,8.2416614e+08,2.265887263144492,-0.0380755,0.080099046,0.07859904623031616,0.12135232543945312
2022-02-23,BMRN,82.52,-0.033384163,9.577584e+07,2.265887263144492,-0.12724188,-0.05477456,-0.056274560034275056,0.08153248882293701
2022-03-07,RUM,11.34,-0.083265945,1.1288201e+08,5.260889072679035,-0.014991188,0.028218668,0.026718667954206465,0.04236746883392334
2022-03-07,APA,32.793945,-0.039513763,3.2822656e+08,5.260889072679035,0.031909436,0.020569667,0.01906966722011566,-0.012489129543304443
2022-03-07,AVGO,52.67112,-0.042433336,1.3261455e+09,5.260889072679035,0.0025754997,0.046118543,0.04461854255199432,0.04193116283416748
2022-03-07,CAR,154.20241,-0.07081924,2.002122e+08,5.260889072679035,0.004128121,0.19987683,0.1983768299818039,0.19344390487670898
2022-03-07,STLD,67.696724,-0.06461622,1.4979864e+08,5.260889072679035,-0.010223883,-0.0059408476,-0.007440847564488649,0.0028272972106933593
2022-03-07,ON,53.52,-0.08246188,5.015016e+08,5.260889072679035,0.013826567,0.0917414,0.0902413979768753,0.07535220241546631
2022-03-07,ODFL,147.39185,-0.051208284,2.4037005e+08,5.260889072679035,-0.0066553326,0.016092287,0.014592287376523018,0.021399985313415526
2022-03-07,CME,195.49002,-0.03298205,3.7410963e+08,5.260889072679035,-0.0019511953,-0.019523427,-0.02102342689037323,-0.019106556415557863
2022-03-07,PANW,88.918335,-0.043048553,1.0923576e+09,5.260889072679035,-0.0047047096,0.040111702,0.03861170193552971,0.043528209686279296
2022-03-07,CHKP,139.7,-0.042888526,2.114802e+08,5.260889072679035,-0.01453113,-0.008947745,-0.010447744965553283,0.004165779113769532
2022-03-08,TSCO,40.244358,-0.03600321,2.3037298e+08,4.485134228505473,0.010169181,0.04405138,0.042551378965377806,0.032041202545166014
2022-03-08,JKHY,167.12158,-0.03478678,1.1737973e+08,4.485134228505473,0.012182811,0.02459096,0.023090959772467612,0.01075876808166504
2022-03-08,STLD,65.44266,-0.033296537,1.5478816e+08,4.485134228505473,0.0041448176,0.034586545,0.03308654507994652,0.02881611442565918
2022-03-08,GEN,24.911676,-0.03421521,1.5872502e+08,4.485134228505473,0.017531114,0.019722542,0.01822254179418087,0.000653635025024414
2022-03-08,PAYX,102.56028,-0.032513905,1.9128328e+08,4.485134228505473,0.018914241,0.03174886,0.03024886107444763,0.011096368789672852
2022-03-08,KHC,30.374584,-0.037111033,2.8815853e+08,4.485134228505473,0.011639978,-0.01868951,-0.020189509481191636,-0.031480480670928956
2022-03-08,CME,184.7092,-0.05514769,3.782998e+08,4.485134228505473,0.015875207,0.028096996,0.0265969962477684,0.010530839920043946
2022-03-08,CSX,32.88144,-0.054579493,5.37543e+08,4.485134228505473,0.020005401,-0.0028579973,-0.0043579973150044676,-0.0239149227142334
2022-03-08,JBHT,185.8184,-0.03035738,1.2602664e+08,4.485134228505473,0.03976672,0.04126256,0.039762559592723845,-6.13822937011719e-05
2022-03-08,CHRW,91.6575,-0.033957776,1.3820682e+08,4.485134228505473,0.009649457,0.0073844665,0.005884466473013163,-0.0037434592247009278
2022-04-11,TSLA,325.31,-0.048328087,2.5471463e+10,3.630720018955273,0.022245439,0.047585413,0.046085412859916686,0.023288498878479003
2022-04-11,IRTC,146.84,-0.033375073,6.436233e+07,3.630720018955273,0.020975225,0.008853194,0.007353194303810597,-0.01337300682067871
2022-04-11,APA,35.518124,-0.04532776,2.8681837e+08,3.630720018955273,0.022157129,0.061845716,0.06034571608901024,0.037328253746032714
2022-04-11,ENPH,187.88,-0.03720403,4.620819e+08,3.630720018955273,0.021928864,0.028475573,0.026975573286414145,0.004906188011169434
2022-04-11,EXC,41.003258,-0.03770174,3.2008605e+08,3.630720018955273,-0.0014513305,0.0082918415,0.006791841484606266,0.008257280349731446
2022-04-11,BMRN,83.27,-0.0316316,9.634959e+07,3.630720018955273,0.007445692,0.008766703,0.007266703307628632,-0.00018881702423095706
2022-04-11,SRPT,84.34,-0.04093707,5.8613036e+07,3.630720018955273,-0.0007113773,-0.013042429,-0.014542429462075233,-0.01383983039855957
2022-04-11,SBAC,333.53146,-0.030639643,2.0343934e+08,3.630720018955273,0.0015223495,-0.018516337,-0.020016337499022485,-0.021508206367492677
2022-04-11,FANG,110.28837,-0.048454154,2.7803008e+08,3.630720018955273,0.015986962,0.038709115,0.0372091152369976,0.020864735603332518
2022-04-11,JAZZ,160.16,-0.033433877,8.2676e+07,3.630720018955273,0.0038710984,0.013361635,0.011861634686589241,0.007954011917114258
2022-04-12,GO,34.36,-0.047143668,2.6557028e+07,2.9618318293818646,0.007421451,0.0052386583,0.003738658282905817,-0.003666748046875
2022-04-12,AXSM,38.35,-0.051681507,2.9629884e+07,2.9618318293818646,-0.004172095,-0.038852617,-0.04035261714458466,-0.03632586145401001
2022-04-12,SNY,44.96947,-0.03028198,9.3885736e+07,2.9618318293818646,0.012742358,0.00053849194,-0.0009615080649964512,-0.013550390243530273
2022-04-12,ENSG,81.69679,-0.035237446,2.4368534e+07,2.9618318293818646,0.0072806147,0.035675403,0.03417540273070335,0.02668953990936279
2022-04-12,HYMC,20.0,-0.09502264,2.0958275e+08,2.9618318293818646,-0.0149999615,0.005000019,0.0035000189803540706,0.018804560661315917
2022-04-22,LPLA,191.80319,-0.031342845,2.1978208e+08,7.1852056458134115,-0.011399192,-0.036497414,-0.037997414112091066,-0.026887585163116456
2022-04-22,VRTX,270.42,-0.0400766,4.4998198e+08,7.1852056458134115,-0.0015531891,-0.010095447,-0.011595447301864624,-0.010055591106414795
2022-04-22,PAYX,113.749,-0.05039061,2.5148675e+08,7.1852056458134115,0.0012179639,-0.014008496,-0.015508495956659317,-0.016707946300506593
2022-04-22,DLTR,167.49,-0.032185324,3.5586998e+08,7.1852056458134115,-0.0065675923,0.004477879,0.0029778790324926376,0.009618531227111817
2022-04-22,CAR,283.1985,-0.03480992,2.3822629e+08,7.1852056458134115,-0.037071943,-0.08232969,-0.08382969045639038,-0.048500110149383546
2022-04-22,PANW,95.263336,-0.03449319,8.199323e+08,7.1852056458134115,0.0016095168,0.016113188,0.014613188117742539,0.012980233192443848
2022-04-22,COST,543.48334,-0.03386621,1.330082e+09,7.1852056458134115,-0.0024311491,-0.031379994,-0.03287999400496483,-0.030519415378570558
2022-04-22,APA,35.306347,-0.035079163,2.7575293e+08,7.1852056458134115,-0.040039342,-0.05133908,-0.05283907869458199,-0.013271023273468017
2022-04-22,CSX,32.439762,-0.049035475,4.5412298e+08,7.1852056458134115,-1.1759326e-07,-0.01187739,-0.013377389624714851,-0.013377298355102539
2022-04-22,ULTA,406.51,-0.03540323,2.3735917e+08,7.1852056458134115,-0.004304937,0.0020171134,0.0005171133801341057,0.004849444389343262
2022-05-09,HST,15.074959,-0.055829965,1.4911909e+08,8.118183745392756,0.013082487,0.009419228,0.007919227950274945,-0.005115975379943847
2022-05-09,STLD,72.51653,-0.030630108,1.910894e+08,8.118183745392756,0.015280666,-0.023957465,-0.02545746484398842,-0.04014765167236328
2022-05-09,VRTX,235.02,-0.0744693,4.943243e+08,8.118183745392756,0.019402593,-0.00025528704,-0.0017552870428189636,-0.02078377151489258
2022-05-09,BKR,27.170439,-0.064736925,3.5450992e+08,8.118183745392756,0.010316083,0.08119783,0.0796978280544281,0.06865800476074219
2022-05-09,EXE,69.087715,-0.09071406,1.4775437e+08,8.118183745392756,0.0,0.0180639,0.016563899129629134,0.016563902854919432
2022-05-09,FANG,105.700836,-0.094031915,2.4524214e+08,8.118183745392756,0.02417178,-0.009317821,-0.010817820891737938,-0.03419922733306885
2022-05-09,CAR,215.92137,-0.11177993,2.6684539e+08,8.118183745392756,0.01592898,-0.016940879,-0.018440878704190256,-0.03385447406768799
2022-05-09,LPLA,164.20387,-0.06534949,2.4387323e+08,8.118183745392756,0.016538948,0.03033175,0.028831749469041823,0.012068401336669922
2022-05-09,MAR,157.08247,-0.050254714,4.6825482e+08,8.118183745392756,0.025693772,0.018980807,0.017480806693434714,-0.008044768810272216
2022-05-09,APA,32.548443,-0.14917257,3.4382928e+08,8.118183745392756,0.018118862,0.020516787,0.019016786724328993,0.0008552179336547851
2022-06-10,ULTA,407.72,-0.03463953,4.289903e+08,3.4566060650416546,-0.023839893,-0.036912557,-0.03841255673766136,-0.01489191198348999
2022-06-10,NBIX,94.31,-0.030729758,6.7104412e+07,3.4566060650416546,-0.018873913,-0.03276425,-0.0342642485499382,-0.015657533645629884
2022-06-10,LNTH,63.85,-0.048860405,7.95844e+07,3.4566060650416546,-0.033516046,-0.019890316,-0.02139031583070755,0.012598286628723145
2022-06-10,SLM,16.53084,-0.053913865,5.0177756e+07,3.4566060650416546,-0.028492933,-0.06904101,-0.07054101371765137,-0.04323731803894043
2022-06-10,LPLA,185.18701,-0.033208653,1.7997544e+08,3.4566060650416546,-0.03668167,-0.0006361021,-0.00213610210781917,0.03591812705993652
2022-06-10,ON,60.14,-0.040217053,4.3519098e+08,3.4566060650416546,-0.04007316,-0.058031224,-0.059531223714351655,-0.020207752227783204
2022-06-10,STLD,69.61474,-0.03463981,1.5390818e+08,3.4566060650416546,-0.034668915,-0.041953333,-0.043453332722187044,-0.009046007633209228
2022-06-10,FWONK,57.740147,-0.036307953,7.6731016e+07,3.4566060650416546,-0.020763554,-0.026791673,-0.02829167315363884,-0.007655908107757568
2022-06-10,HST,14.704203,-0.063786946,1.4658226e+08,3.4566060650416546,-0.03057955,-0.07832623,-0.07982623273134232,-0.05075280809402466
2022-06-10,GPRE,35.41,-0.03436047,3.3039716e+07,3.4566060650416546,-0.011578646,-0.053657204,-0.05515720391273499,-0.04407148504257202
2022-06-13,TMUS,118.48949,-0.045130767,4.810827e+08,1.2939907051126482,0.0040925513,0.015246429,0.013746428549289704,0.0096083984375
2022-06-13,ULTA,391.77,-0.039120015,4.3507837e+08,1.2939907051126482,0.008984914,0.035326842,0.033826842218637465,0.024607311248779296
2022-06-13,VRTX,245.39,-0.03723323,4.1558944e+08,1.2939907051126482,0.0038306469,0.033090163,0.03159016302227974,0.02764774417877197
2022-06-13,NTES,91.73794,-0.04079511,1.9838542e+08,1.2939907051126482,0.019735577,0.014407189,0.012907188631594181,-0.006725300788879394
2022-06-13,AEP,79.73744,-0.05343003,2.1558322e+08,1.2939907051126482,0.0011828141,-0.025373287,-0.02687328749895096,-0.02802472257614136
2022-06-13,FANG,123.549255,-0.049456768,3.4889853e+08,1.2939907051126482,0.026928313,-0.007036561,-0.008536561146378517,-0.03457425975799561
2022-06-13,XEL,59.523636,-0.036896303,1.988327e+08,1.2939907051126482,0.0036522597,-0.030219952,-0.031719951644539834,-0.03524892473220825
2022-06-13,EXC,37.392723,-0.05064108,2.3639587e+08,1.2939907051126482,0.0029763489,-0.03250877,-0.034008768141269685,-0.036879767417907716
2022-06-13,BKR,30.255796,-0.054782987,2.9201763e+08,1.2939907051126482,0.028228395,-0.046846792,-0.04834679210186005,-0.07451414012908936
2022-06-13,APA,39.521248,-0.066379994,3.7333514e+08,1.2939907051126482,0.022602718,0.0013167625,-0.00018323747068643573,-0.022315432071685792
2022-06-14,EXC,36.219925,-0.03136434,2.4146174e+08,5.687313578965231,0.008272602,-0.025762213,-0.02726221339404583,-0.0352556004524231
2022-06-14,MRCY,58.23,-0.032081123,2.6131222e+07,5.687313578965231,0.011677834,-0.031598836,-0.033098836183547975,-0.04427712106704712
2022-06-14,EXE,73.39204,-0.061261695,1.6108024e+08,5.687313578965231,0.0038791469,-0.037649743,-0.039149743258953096,-0.042868484497070314
2022-06-14,ACHC,63.69,-0.03294871,2.9177214e+07,5.687313578965231,0.0010990689,0.038624633,0.037124633103609084,0.035984288215637206
2022-08-19,STLD,77.20727,-0.0311499,1.11605144e+08,9.96324600380433,-0.017114915,-0.009413115,-0.010913114748895168,0.006335984230041504
2022-08-19,ARRY,21.0,-0.056603782,1.058497e+08,9.96324600380433,-0.030952362,-0.030952362,-0.03245236234366894,-0.0015
2022-08-19,RUN,32.77,-0.06398166,3.3732054e+08,9.96324600380433,-0.041196227,-0.03844981,-0.03994980895519257,0.0013643608093261718
2022-08-19,ENPH,283.7,-0.03503397,1.1098199e+09,9.96324600380433,-0.02696519,0.0060274634,0.004527463357895613,0.03240693664550781
2022-08-19,GFS,61.11193,-0.045985974,1.5974792e+08,9.96324600380433,-0.030065369,-0.021895396,-0.02339539559185505,0.006923209190368653
2022-08-19,LPLA,220.51486,-0.03259311,1.641799e+08,9.96324600380433,-0.011899047,-0.0071305986,-0.00863059864938259,0.0033258304595947265
2022-08-19,EXE,82.65977,-0.0578972,1.88101e+08,9.96324600380433,0.01681702,0.041939083,0.040439083486795424,0.023206721305847167
2022-08-19,ALNY,215.97,-0.03347503,2.643422e+08,9.96324600380433,0.00023152777,0.0042598424,0.002759842447936535,0.0025273666381835937
2022-08-19,CELH,32.76,-0.045083627,2.2968379e+08,9.96324600380433,-0.02106223,0.15018322,0.14868321573734283,0.17342985725402832
2022-08-19,SEDG,300.33,-0.053243853,4.3173216e+08,9.96324600380433,-0.018646076,-0.039523177,-0.0410231768488884,-0.022773791790008546
2022-08-22,MPWR,476.8245,-0.03910867,2.5690152e+08,3.2802509416691805,0.007851088,0.011125799,0.009625799268484116,0.0017491683959960937
2022-08-22,CYTK,48.66,-0.039857943,6.7809016e+07,3.2802509416691805,-0.0010275224,0.094533466,0.09303346580266952,0.09415925598144531
2022-08-22,RGEN,225.73,-0.050557327,1.5534826e+08,3.2802509416691805,-0.006955177,0.018296216,0.016796215683221816,0.023928295135498046
2022-08-22,PCTY,248.42,-0.03765405,9.434379e+07,3.2802509416691805,0.00028181035,-0.0058771092,-0.0073771092444658275,-0.0076572194099426266
2022-08-22,NOVT,147.07,-0.03566971,8.0678344e+07,3.2802509416691805,-0.0021758843,0.0040796273,0.002579627338796854,0.0047690973281860356
2022-08-22,GFS,58.95504,-0.035294104,1.603945e+08,3.2802509416691805,-0.0006775281,0.023035243,0.02153524315357208,0.022228847503662108
2022-08-22,PGY,200.04,-0.107601754,1.5768245e+08,3.2802509416691805,-0.010197927,-0.13857222,-0.14007221603393555,-0.13119690561294556
2022-08-22,RUN,31.14,-0.04974065,3.449029e+08,3.2802509416691805,0.008670535,0.085420676,0.08392067557573318,0.07459045505523682
2022-08-22,SEDG,288.84,-0.038257886,4.3656717e+08,3.2802509416691805,0.009278468,0.01997642,0.018476420328021048,0.009099613189697266
2022-08-22,ON,68.8,-0.051426936,5.864352e+08,3.2802509416691805,0.004796427,0.04694761,0.04544760963320732,0.04044998741149902
2022-08-23,PGY,187.92,-0.06058786,1.5335078e+08,3.1509847112434954,-0.018518496,-0.12324396,-0.12474395775794983,-0.10820137405395508
2022-08-23,GO,39.91,-0.04384288,5.568836e+07,3.1509847112434954,0.0050112945,-0.008268555,-0.00976855469495058,-0.014713634490966796
2022-08-23,CALM,41.520676,-0.046948344,2.9952708e+07,3.1509847112434954,-0.00018953739,0.044713918,0.04321391811966896,0.043411980628967284
2022-08-23,LI,29.36,-0.04829821,2.8031856e+08,3.1509847112434954,-0.019754766,0.058242474,0.05674247375130653,0.07806910133361816
2022-08-23,SFM,30.36,-0.03710752,5.210475e+07,3.1509847112434954,-0.0023056553,-0.003952597,-0.005452596802264452,-0.0031508102416992188
2022-08-30,EXE,83.99838,-0.056663577,2.0940696e+08,8.30242368713769,-0.027786335,0.0013279944,-0.00017200560402125123,0.028446446418762206
2022-08-30,TCOM,25.396576,-0.067251444,8.812173e+07,8.30242368713769,0.021159854,0.0062695644,0.004769564386457205,-0.01608173990249634
2022-08-30,OLLI,56.41,-0.038028643,6.236937e+07,8.30242368713769,0.005495504,-0.028186494,-0.0296864944845438,-0.03499792957305908
2022-08-30,AXSM,61.24,-0.046848223,1.4324448e+08,8.30242368713769,0.0135532,0.02204439,0.02054439043998718,0.006877790451049805
2022-08-30,FANG,114.69984,-0.03726814,2.9270416e+08,8.30242368713769,-0.02759776,-0.02811978,-0.029619780123233796,-0.0020368590354919434
2022-08-30,DRUG,11.35,-0.23050845,7.14918e+07,8.30242368713769,-0.11894276,-0.2995595,-0.30105950379371643,-0.20649998331069946
2022-08-30,LNTH,77.37,-0.035166476,8.878711e+07,8.30242368713769,0.0038774125,0.01719005,0.015690050333738326,0.01176131820678711
2022-08-30,ACLS,67.35,-0.041417643,5.163003e+07,8.30242368713769,0.0034150463,-0.056421667,-0.057921667337417604,-0.06113295698165894
2022-08-30,STLD,76.8486,-0.055890366,1.1839143e+08,8.30242368713769,-0.004790076,-0.050110795,-0.05161079460382462,-0.047038902282714845
2022-08-30,APA,34.223072,-0.049323045,2.4726198e+08,8.30242368713769,-0.02924714,-0.035605364,-0.03710536354780197,-0.00804977560043335
2022-08-31,FWONK,61.568867,-0.03442001,8.800435e+07,6.005144070640483,-0.007066583,0.0018843972,0.00038439723569899794,0.0075146064758300785
2022-08-31,XMTR,49.01,-0.040524736,3.2448612e+07,6.005144070640483,-0.009385821,0.069169626,0.06766962563991546,0.07779980754852295
2022-08-31,ENVX,22.12,-0.050236154,1.3354479e+08,6.005144070640483,-0.025768606,-0.12160942,-0.1231094195842743,-0.09987585687637329
2022-09-01,GLNG,23.285522,-0.04547137,3.6424884e+07,9.719085213106894,0.03111804,0.064541064,0.06304106420278549,0.03091443634033203
2022-09-01,CELH,33.06333,-0.04154994,2.5859133e+08,9.719085213106894,0.018247899,-0.054138497,-0.05563849651813507,-0.07258908891677857
2022-09-01,ENVX,19.92,-0.09945753,1.3901563e+08,9.719085213106894,0.011546162,-0.04819282,-0.0496928214430809,-0.06055705690383911
2022-09-01,CHRD,106.015884,-0.038290273,4.8035444e+07,9.719085213106894,0.034892775,0.019025866,0.01752586594223976,-0.016831923961639406
2022-09-01,GFS,57.347355,-0.03995322,1.4772514e+08,9.719085213106894,0.011666395,0.025596436,0.024096436113119124,0.012269268989562989
2022-09-01,APA,33.004547,-0.030427212,2.5441206e+08,9.719085213106894,0.04245774,-0.0026369796,-0.004136979566887021,-0.04475801134109497
2022-09-01,SNPS,332.49,-0.039101783,3.9294458e+08,9.719085213106894,0.0049626287,-0.01702308,-0.018523079097270967,-0.0233772292137146
2022-09-01,STLD,72.99766,-0.041873302,1.2301837e+08,9.719085213106894,0.021205068,0.026118869,0.024618868961930274,0.0033117637634277343
2022-09-01,NVCR,78.74,-0.04127602,3.412827e+07,9.719085213106894,0.0034290613,0.006350013,0.004850012961775065,0.0014109716415405273
2022-09-01,VRDN,21.21,-0.045024764,3.3404598e+07,9.719085213106894,-0.0136727495,0.029231535,0.027731535270810126,0.041999112129211424
2022-09-02,ASTS,10.95,-0.04199479,2.7553382e+07,2.72277978567368,0.013698682,-0.06392693,-0.06542692774534226,-0.07807665014266968
2022-09-02,VRTX,281.04,-0.031564448,3.6192262e+08,2.72277978567368,0.002348433,0.0120979,0.010597899802029133,0.008226643562316895
2022-09-02,ARRY,20.27,-0.05545194,1.07574616e+08,2.72277978567368,0.017266916,0.08682784,0.0853278369307518,0.06688023662567139
2022-09-02,PI,84.86,-0.030393008,3.5860892e+07,2.72277978567368,0.0010605272,0.03770913,0.03620913183689117,0.035109768867492674
2022-09-02,ADP,217.72649,-0.03041163,3.1324227e+08,2.72277978567368,-0.0003773235,0.013586099,0.01208609925955534,0.012468586921691895
2022-09-02,COGT,16.31,-0.04002356,2.1089222e+07,2.72277978567368,0.0,0.040159456,0.03865945643186569,0.03865946388244629
2022-09-06,PRVA,38.49,-0.037268583,4.658319e+07,1.581571664743052,0.011171641,0.096388645,0.09488864547014236,0.082775484085083
2022-09-06,ALT,21.12,-0.057563543,3.0976178e+07,1.581571664743052,0.0,-0.084753826,-0.08625382626056671,-0.08625381135940552
2022-09-06,AXSM,60.79,-0.03492619,1.4951746e+08,1.581571664743052,0.0075670187,0.0069090007,0.005409000687301159,-0.002153088092803955
2022-09-06,CYTK,49.17,-0.09045511,6.0650676e+07,1.581571664743052,-0.008134996,0.09924754,0.09774753755331039,0.10676337337493896
2022-09-06,SMCI,6.158,-0.045863032,5.392124e+07,1.581571664743052,-0.0022734555,0.055212755,0.05371275475621223,0.0561171875
2022-09-06,PDD,66.62,-0.0771575,1.000089e+09,1.581571664743052,-0.019964002,0.023566492,0.02206649190187454,0.04291726207733154
2022-09-06,BCRX,13.62,-0.03198293,3.247686e+07,1.581571664743052,-0.0014683924,0.008076333,0.006576333440840245,0.008058796882629395
2022-09-06,IONS,41.65,-0.03677151,3.600227e+07,1.581571664743052,0.0055221976,0.06290513,0.06140513277053833,0.0555676326751709
2022-09-06,FUTU,42.038662,-0.10629597,1.3378718e+08,1.581571664743052,0.0020585866,0.0265325,0.025032499119639395,0.02292359924316406
2022-09-06,EXE,82.831375,-0.032183547,1.979701e+08,1.581571664743052,-0.02102981,0.040091284,0.03859128361940384,0.06093407726287842
2022-09-21,LNTH,73.2,-0.03823418,7.1140184e+07,8.91731145891093,-0.0019125601,-0.06612017,-0.06762017005681992,-0.06583063745498657
2022-09-21,RGEN,206.49,-0.03900028,8.542941e+07,8.91731145891093,-0.011477604,-0.122281946,-0.12378194624185562,-0.11359088563919068
2022-09-21,PDD,62.49,-0.054614175,1.111696e+09,8.91731145891093,0.0068810447,-0.039046284,-0.0405462838113308,-0.04711340808868408
2022-09-21,CRSP,66.65,-0.04962207,7.578868e+07,8.91731145891093,-0.0075018755,-0.052363116,-0.053863116294145585,-0.04670028829574585
2022-09-21,AXSM,53.55,-0.07878895,8.3766616e+07,8.91731145891093,-0.007843103,-0.061437927,-0.0629379271864891,-0.05551849746704102
2022-09-21,NVCR,78.03,-0.053493492,3.6805944e+07,8.91731145891093,-0.013200036,-0.061642926,-0.06314292618632317,-0.0505909218788147
2022-09-21,CELH,32.743332,-0.039127532,1.5914947e+08,8.91731145891093,-0.014252164,-0.09884962,-0.10034961694478989,-0.08732055568695068
2022-09-21,IONS,45.07,-0.030752694,4.653503e+07,8.91731145891093,-0.0015531328,-0.040825386,-0.04232538560032845,-0.040833343505859376
2022-09-21,SRPT,110.14,-0.033011433,1.3901614e+08,8.91731145891093,-0.0015434735,-0.017704712,-0.019204712226986886,-0.01768623733520508
2022-09-21,RUM,12.16,-0.04925724,6.4362424e+07,8.91731145891093,0.0649671,-0.010690799,-0.012190798982977867,-0.07254253768920899
2022-09-22,ON,64.96,-0.049458552,5.0105344e+08,4.713356291547157,-0.0212438,-0.034790616,-0.03629061648249626,-0.015340854167938232
2022-09-22,ENVX,19.79,-0.09552095,1.3068264e+08,4.713356291547157,-0.048509397,-0.106114216,-0.1076142161488533,-0.06204162979125977
2022-09-22,RUN,32.5,-0.053857308,2.2383411e+08,4.713356291547157,-0.030707667,-0.08800002,-0.08950002187490463,-0.06060736322402954
2022-09-22,APA,32.299545,-0.034348138,2.7318864e+08,4.713356291547157,-0.056049675,-0.14201024,-0.14351024174690247,-0.09256463193893433
2022-09-22,EXE,84.54756,-0.034776572,1.6382971e+08,4.713356291547157,-0.046686202,-0.07551026,-0.07701026344299317,-0.03173570775985718
2022-09-22,ARRY,17.08,-0.05895315,9.7384504e+07,4.713356291547157,-0.04244733,-0.05737702,-0.05887702175974846,-0.017091502189636232
2022-09-22,CELH,29.966667,-0.08480092,1.4994022e+08,4.713356291547157,-0.031145751,-0.018242506,-0.019742506310343744,0.011818061828613282
2022-09-22,WING,124.954285,-0.039436005,9.436114e+07,4.713356291547157,-0.008007018,-0.028573683,-0.03007368253171444,-0.02223270082473755
2022-09-22,PCTY,241.48,-0.030940274,7.450628e+07,4.713356291547157,-0.018924931,-0.03727017,-0.03877016970515251,-0.020199109554290773
2022-09-22,ENPH,283.63,-0.06872207,1.1132975e+09,4.713356291547157,-0.016218334,-0.030708991,-0.03220899099111557,-0.016229559421539308
2022-09-23,ENVX,18.52,-0.06417385,1.21542616e+08,2.1117520798160996,-0.014578858,-0.018898508,-0.020398507580161096,-0.005883504390716552
2022-09-23,PFG,62.93442,-0.03990968,1.2458938e+08,2.1117520798160996,-0.0074574426,-0.012981788,-0.014481788255274295,-0.007065822124481201
2022-09-23,ARGX,343.2,-0.037873846,8.34869e+07,2.1117520798160996,0.010314621,0.022756401,0.02125640144944191,0.010814796447753907
2022-09-23,ALT,12.37,-0.073408276,7.228548e+07,2.1117520798160996,-0.0032336267,-0.011317732,-0.01281773181259632,-0.009610344409942627
2022-09-23,RUN,30.87,-0.05015382,2.233253e+08,2.1117520798160996,-0.0025915103,-0.020408198,-0.02190819823741913,-0.01936303520202637
2022-09-23,PDD,60.05,-0.053734634,1.1093471e+09,2.1117520798160996,0.023813494,0.015653662,0.014153662383556366,-0.009470094680786132
2022-09-23,LNTH,68.36,-0.034735937,7.391171e+07,2.1117520798160996,-0.005119931,-0.014189602,-0.01568960187584162,-0.01061635160446167
2022-09-23,EXE,79.74226,-0.05683544,1.6669158e+08,2.1117520798160996,-0.009792596,-0.011191375,-0.012691374622285366,-0.002912630081176758
2022-09-23,LPLA,217.51755,-0.036185298,1.732578e+08,2.1117520798160996,-0.009578309,-0.012785904,-0.014285904109477996,-0.004738618373870849
2022-09-23,AXSM,50.26,-0.037533566,7.5239064e+07,2.1117520798160996,-0.019299591,-0.10584958,-0.10734957897663117,-0.08975325965881348
2022-09-26,ASO,41.562508,-0.031158404,8.978476e+07,1.6549939463483128,0.016313363,0.109997995,0.10849799519777298,0.09068084812164307
2022-09-26,IONS,41.75,-0.034235474,5.0246972e+07,1.6549939463483128,0.01772459,0.06395205,0.06245205110311508,0.04392231559753418
2022-09-26,SHLS,19.4,-0.042448204,4.1906068e+07,1.6549939463483128,0.025257722,0.10206183,0.10056183046102524,0.07341207122802734
2022-09-26,RUN,29.64,-0.039844554,2.2388827e+08,1.6549939463483128,0.021255096,0.048245624,0.0467456237077713,0.024928818702697753
2022-09-26,ARRY,16.1,-0.03708128,9.312658e+07,1.6549939463483128,0.037267104,0.09068317,0.08918316966295242,0.04999698257446289
2022-09-26,ENVX,17.69,-0.04481641,1.11030664e+08,1.6549939463483128,0.028264556,0.07122669,0.06972669368982315,0.04028130626678467
2022-09-26,AXSM,45.36,-0.09749299,7.3558616e+07,1.6549939463483128,0.025132261,0.028880017,0.02738001687824726,0.0021557912826538086
2022-09-26,ALT,11.73,-0.051738106,7.207056e+07,1.6549939463483128,0.017902818,0.18073325,0.17923324859142303,0.15846646881103515
2022-09-26,CYTK,47.92,-0.05650724,5.853826e+07,1.6549939463483128,0.021494212,0.044031736,0.04253173550963402,0.020563255310058592
2022-09-26,EXLS,29.536,-0.12063838,4.5099996e+07,1.6549939463483128,0.013271946,0.0033857117,0.001885711694136262,-0.011256743907928466
2022-09-27,RUM,11.66,-0.04347824,7.163736e+07,5.5966368960862525,0.030874839,0.06689534,0.06539534336328506,0.03344167327880859
2022-09-27,XMTR,55.78,-0.042074546,4.1732616e+07,5.5966368960862525,-0.0032269687,0.02581575,0.024315749540925025,0.0276367769241333
2022-09-27,MZTI,141.6856,-0.04355851,2.3090988e+07,5.5966368960862525,0.005741205,-0.01909438,-0.020594379618763925,-0.026193846702575685
2022-10-10,PDD,58.26,-0.083385825,5.2108013e+08,7.95729992604268,-0.020082358,-0.039821487,-0.04132148692011833,-0.02164368772506714
2022-10-10,MLCO,7.5,-0.07292956,4.4994044e+07,7.95729992604268,-0.013333321,-0.050666682,-0.052166682422161104,-0.039337862968444826
2022-10-10,TCOM,26.471354,-0.061065968,1.5238595e+08,7.95729992604268,-0.034586526,-0.103007555,-0.10450755500793457,-0.0723722472190857
2022-10-10,XMTR,56.16,-0.048296873,3.715274e+07,7.95729992604268,-0.00017803279,0.019586867,0.018086866721510886,0.018268476486206053
2022-10-10,APA,35.833263,-0.031749647,3.198194e+08,7.95729992604268,-0.025989955,-0.010201762,-0.011701762430369854,0.014709483146667481
2022-10-10,PCTY,236.97,-0.03596272,1.0972133e+08,7.95729992604268,-0.0049795667,-0.04962651,-0.051126510590314866,-0.04637043619155884
2022-10-10,ALNY,186.82,-0.045911804,2.3886418e+08,7.95729992604268,0.001819914,-0.009153231,-0.010653231047093868,-0.012453307151794433
2022-10-10,ON,61.93,-0.0447324,4.4483152e+08,7.95729992604268,-0.019538173,-0.048118837,-0.04961883717775345,-0.030650187969207765
2022-10-10,AXSM,43.84,-0.043212563,6.0294196e+07,7.95729992604268,-0.0066149845,-0.054972623,-0.05647262254357338,-0.05017970943450928
2022-10-10,ALT,9.98,-0.04588915,6.501736e+07,7.95729992604268,-0.0020039584,0.0,-0.0015,0.0005079612731933593
2022-10-11,AMLX,33.07,-0.03190867,6.0907732e+07,4.492092864012577,0.0039310874,0.07438763,0.07288763231039047,0.06868077373504639
2022-10-11,PDD,55.71,-0.0437693,5.2390838e+08,4.492092864012577,0.0059235655,-0.0061030365,-0.00760303645953536,-0.013455738067626953
2022-10-11,MLCO,7.23,-0.036,4.7907724e+07,4.492092864012577,-0.015214403,-0.08022129,-0.08172128790616989,-0.06751125001907349
2022-10-11,AEHR,15.74,-0.051235706,2.6426102e+07,4.492092864012577,-0.007623881,0.041931376,0.040431375861167906,0.04843605613708496
2022-10-11,RGEN,199.13,-0.04218369,1.06282696e+08,4.492092864012577,0.0075829583,-0.0033646268,-0.004864626783877611,-0.01236515188217163
2022-10-11,AXON,121.35,-0.03812623,5.1698556e+07,4.492092864012577,0.0,-0.003543472,-0.005043471917510032,-0.005043496131896972
2022-10-11,PCTY,229.11,-0.03316876,1.1428469e+08,4.492092864012577,0.00030549546,-0.0032299135,-0.004729913534596562,-0.0050343766212463375
2022-10-11,CELH,28.77,-0.032832835,1.1079954e+08,4.492092864012577,0.017031621,0.0491252,0.047625198274850844,0.030056129455566405
2022-10-11,WING,123.90474,-0.035209615,8.784231e+07,4.492092864012577,0.008074596,-0.028182423,-0.029682422742247583,-0.03746669435501099
2022-10-12,AEHR,14.73,-0.06416774,2.4879378e+07,4.397842951111016,-0.036659878,0.0027156088,0.0012156088035553693,0.03937388515472412
2022-10-12,SHLS,20.74,-0.06365688,3.694459e+07,4.397842951111016,-0.049662523,-0.036162008,-0.03766200760006905,0.012706051826477051
2022-10-12,ENVX,17.33,-0.049369153,8.788751e+07,4.397842951111016,-0.036353096,-0.051355995,-0.0528559952378273,-0.01706891202926636
2022-10-12,SMCI,5.242,-0.059562214,2.973774e+07,4.397842951111016,-0.012018352,0.030522672,0.029022672459483145,0.04155851459503174
2022-10-12,FSLR,126.88,-0.033810616,4.141237e+08,4.397842951111016,-0.044687882,-0.027742723,-0.029242723003029825,0.016237746238708495
2022-10-12,TMUS,126.400215,-0.03069629,6.809543e+08,4.397842951111016,-0.016022366,-0.010681798,-0.012181797750294208,0.00392747974395752
2022-10-12,ARRY,16.25,-0.04411765,6.1970664e+07,4.397842951111016,-0.05784613,-0.046153847,-0.04765384712815285,0.010910163879394532
2022-11-02,DLTR,153.2,-0.031115597,3.0099485e+08,8.867268308452125,-0.0032637077,0.020887708,0.0193877082914114,0.022730480194091796
2022-11-02,MRNA,148.62,-0.038804814,6.8141184e+08,8.867268308452125,-0.0663437,0.06587276,0.06437275862693786,0.14011157608032226
2022-11-02,FISV,100.56,-0.033262827,4.317532e+08,8.867268308452125,-0.009844848,-0.062052485,-0.06355248460173607,-0.05422674560546875
2022-11-02,UAL,41.11,-0.036333784,4.31629e+08,8.867268308452125,-0.013135512,0.03673068,0.03523068061470985,0.0490298376083374
2022-11-02,LULU,316.06,-0.043286078,4.491211e+08,8.867268308452125,-0.0027842969,0.030089255,0.028589255422353743,0.03146530246734619
2022-11-02,NFLX,27.3,-0.047951177,4.097171e+09,8.867268308452125,-0.0064102286,-0.04472523,-0.04622523182630539,-0.04006217861175537
2022-11-02,ULTA,406.77,-0.036090072,3.1710902e+08,8.867268308452125,-0.0070555722,0.02839447,0.02689446999132633,0.034201990127563475
2022-11-02,ENPH,289.5,-0.033324465,1.1808817e+09,8.867268308452125,-0.008359286,-0.024386866,-0.02588686601817608,-0.0176626935005188
2022-11-02,TSCO,39.176754,-0.041354682,2.5617422e+08,8.867268308452125,-0.005865461,-0.022941103,-0.024441103205084802,-0.01867638969421387
2022-11-02,APA,38.736378,-0.03385009,3.0352342e+08,8.867268308452125,-0.024638414,0.10736886,0.10586885666847229,0.13384188270568848
2022-11-03,SRPT,105.01,-0.07414915,1.2203962e+08,4.991854028964866,0.0,-0.043995835,-0.04549583488702774,-0.04549585723876953
2022-11-03,AMLX,33.86,-0.032571413,4.4506204e+07,4.991854028964866,0.002658008,-0.031305414,-0.03280541369318962,-0.03537337923049927
2022-11-03,BHF,54.04,-0.041334007,2.8512536e+07,4.991854028964866,0.022760909,0.044411503,0.04291150277853012,0.01966882801055908
2022-11-03,EXE,85.05384,-0.044810347,1.642231e+08,4.991854028964866,0.025019966,0.05155345,0.050053450524806975,0.024385820388793944
2022-11-03,PGNY,38.92,-0.032803267,2.3310348e+07,4.991854028964866,0.070143975,0.036999036,0.035499035626649855,-0.03247242116928101
2022-11-03,PRVA,30.0,-0.06571163,2.116667e+07,4.991854028964866,0.014000002,-0.053000007,-0.05450000682473183,-0.06757502698898316
2022-12-06,AXON,169.43,-0.07923484,1.1800408e+08,8.88654050048578,0.0057841646,0.013456969,0.01195696859061718,0.006128679275512696
2022-12-06,FSLR,157.47,-0.05785568,4.2592637e+08,8.88654050048578,-0.0060964418,-0.030227944,-0.031727944254875184,-0.025779534816741945
2022-12-06,APA,38.412415,-0.040253453,2.5081611e+08,8.88654050048578,0.0052425205,-0.025074324,-0.026574323639273645,-0.0316586389541626
2022-12-06,SEDG,298.98,-0.04801626,3.6627552e+08,8.88654050048578,0.03271121,0.055287972,0.05378797209262848,0.02036155319213867
2022-12-06,CROX,94.43,-0.037312634,1.8872254e+08,8.88654050048578,-0.0066715796,0.02223868,0.020738679230213164,0.027604471206665038
2022-12-06,SHLS,24.0,-0.05025724,1.0362312e+08,8.88654050048578,-0.0016667048,0.02791667,0.026416669845581053,0.0281328067779541
2022-12-06,RUN,29.36,-0.055036984,2.1504662e+08,8.88654050048578,0.0034059426,-0.010899172,-0.01239917216449976,-0.015756536960601808
2022-12-06,BNTX,161.62,-0.03053213,1.6094075e+08,8.88654050048578,-0.012745933,0.063049145,0.06154914504289627,0.07527364349365234
2022-12-06,ARRY,20.4,-0.06636159,1.0141488e+08,8.88654050048578,0.0063726017,0.031372614,0.029872614204883574,0.023341785430908202
2022-12-06,ENPH,309.73,-0.077690415,1.1806324e+09,8.88654050048578,-0.0016466269,0.032738138,0.03123813799023628,0.032941471099853514
2022-12-07,HTHT,35.609005,-0.034619987,6.5758436e+07,7.186466092242014,0.041919135,0.041434597,0.039934597223997115,-0.0019649758338928223
2022-12-07,JD,52.504166,-0.03148295,4.9015834e+08,7.186466092242014,0.033618476,-0.002224119,-0.0037241189144551754,-0.03617679023742676
2022-12-07,NDAQ,61.71142,-0.032383464,1.2749937e+08,7.186466092242014,0.0024677205,-0.025292883,-0.026792882695794107,-0.02919225835800171
2022-12-07,IBKR,18.664616,-0.033155624,7.69676e+07,7.186466092242014,0.008934628,-0.008540172,-0.01004017212986946,-0.01882003688812256
2022-12-07,STNE,8.4842205,-0.06295621,5.9913252e+07,7.186466092242014,0.012658113,-0.039922215,-0.041422215044498445,-0.05342309617996216
2022-12-07,ACHC,81.94,-0.03269976,5.7124332e+07,7.186466092242014,0.005979959,0.0037832262,0.0022832262460142374,-0.0036837353706359864
2022-12-07,UAL,44.06,-0.04050516,2.5406645e+08,7.186466092242014,0.007262816,-0.02315026,-0.024650259628891946,-0.03169380569458008
2022-12-07,FUTU,62.577225,-0.031835746,1.6476006e+08,7.186466092242014,0.049323943,0.02443136,0.022931360885500907,-0.025222469806671144
2022-12-07,SHLS,23.24,-0.031666677,1.0593118e+08,7.186466092242014,0.03657489,0.024526665,0.023026664987206458,-0.013123024940490722
2022-12-07,MKTX,260.77106,-0.034765493,9.409883e+07,7.186466092242014,0.0070144385,0.021043668,0.019543667569756507,0.012431512832641602
2022-12-16,CAKE,29.565063,-0.03423635,3.1639038e+07,7.549633819317563,-0.005548686,-0.051479593,-0.05297959291934967,-0.047687162399291994
2022-12-16,BNTX,175.25,-0.037299458,1.7002275e+08,7.549633819317563,0.0040513934,-0.01455066,-0.01605065980553627,-0.020027090549468995
2022-12-16,ENPH,303.39,-0.033974346,1.1290806e+09,7.549633819317563,0.015557436,-0.0043508597,-0.005850859671831131,-0.021103252410888673
2022-12-16,LOGI,55.834854,-0.03845523,2.7500626e+07,7.549633819317563,0.019825682,0.012134711,0.010634711258113385,-0.009041537284851074
2022-12-16,AMBA,82.6,-0.035947733,6.1274364e+07,7.549633819317563,0.0015739091,-0.007869268,-0.009369267836213111,-0.010928322315216064
2022-12-16,RUN,29.16,-0.06926269,1.6783451e+08,7.549633819317563,0.0003429434,-0.101508886,-0.10300888562202454,-0.10331689262390137
2022-12-16,MRNA,193.29,-0.06735829,1.1489244e+09,7.549633819317563,0.034714714,0.040716078,0.039216078132390975,0.004300008773803711
2022-12-16,EQIX,617.94,-0.03401983,3.025395e+08,7.549633819317563,-0.0049564764,-0.023494001,-0.024994001477956773,-0.02012984895706177
2022-12-16,VCYT,27.41,-0.032132763,2.7430346e+07,7.549633819317563,0.006202119,-0.03283472,-0.03433471986651421,-0.040296186447143556
2022-12-16,TGTX,7.92,-0.08120648,2.5620716e+07,7.549633819317563,0.016414156,0.08333331,0.0818333134651184,0.06433845615386963
2022-12-19,SEDG,309.58,-0.03416221,2.928857e+08,4.012756147213196,-0.002713342,0.04386594,0.04236594146490097,0.04520596122741699
2022-12-19,BNTX,168.56,-0.03817405,1.7305845e+08,4.012756147213196,-0.013704305,0.056893665,0.055393665343523024,0.0700789794921875
2022-12-19,LSCC,67.0,-0.038875327,8.7429016e+07,4.012756147213196,-0.019850774,0.026716432,0.025216431602835654,0.04601038551330566
2022-12-19,SHLS,24.72,-0.0748503,9.961813e+07,4.012756147213196,-0.011326812,0.0444984,0.04299839890003204,0.054964791297912596
2022-12-19,WYNN,78.702934,-0.051738493,2.065365e+08,4.012756147213196,-0.0026974285,0.012751471,0.011251471251249314,0.01399065113067627
2022-12-19,VRTX,291.59,-0.043339867,4.8912822e+08,4.012756147213196,0.00072016,-0.0035666812,-0.005066681174561381,-0.005783726215362548
2022-12-19,BILI,21.66,-0.05867016,3.277388e+08,4.012756147213196,-0.04524467,0.07756234,0.07606233960390091,0.12712670421600342
2022-12-19,AXSM,75.81,-0.033035763,1.2135738e+08,4.012756147213196,-0.008310214,-0.019390598,-0.020890597939491273,-0.012673248291015625
2022-12-19,FIVE,167.84,-0.043210592,1.9551134e+08,4.012756147213196,-0.012392766,0.027526278,0.026026278048753737,0.038919936180114745
2022-12-19,GFS,57.986435,-0.03265035,1.8412059e+08,4.012756147213196,-0.009987898,-0.009815736,-0.01131573574244976,-0.0013260736465454102
2022-12-20,FUTU,58.66374,-0.057178233,1.6908752e+08,3.817388067620712,0.0031142489,0.023274934,0.02177493391931057,0.018598090171813964
2022-12-20,URBN,25.11,-0.040504374,5.6403188e+07,3.817388067620712,0.031063272,-0.035444096,-0.036944095730781557,-0.06600372934341431
2022-12-28,WYNN,77.28443,-0.05027854,2.0997659e+08,5.9314658334564,0.0044949446,0.029716702,0.028216702178120612,0.023608933448791503
2022-12-28,MLCO,11.22,-0.07042249,7.758454e+07,5.9314658334564,0.008912604,0.024955412,0.023455412372946738,0.01440108871459961
2022-12-28,JD,50.438133,-0.04506796,4.1573152e+08,5.9314658334564,-0.00017818714,-0.00035622303,-0.0018562230267561972,-0.0016780986785888672
2022-12-28,ASO,50.293552,-0.031565286,1.04372856e+08,5.9314658334564,0.008486097,0.013307567,0.01180756675451994,0.003280888557434082
2022-12-28,FUTU,55.90411,-0.09227174,1.570053e+08,5.9314658334564,-0.0024079273,-0.3008255,-0.30232550644874573,-0.3006378903388977
2022-12-28,EXE,82.900406,-0.051464155,1.8251792e+08,5.9314658334564,-0.008650808,0.007903793,0.006403792895376683,0.01519907569885254
2022-12-28,APA,39.55944,-0.05163715,2.5567302e+08,5.9314658334564,-0.01283766,0.03320039,0.03170039063692093,0.04513670063018799
2022-12-28,CHRD,105.14061,-0.043298665,4.218816e+07,5.9314658334564,-0.007580805,0.037146606,0.03564660555124283,0.043569098472595214
2022-12-28,PDD,81.42,-0.044366185,1.0214147e+09,5.9314658334564,0.0013510269,0.0015967193,9.671925939619538e-05,-0.0012546672821044922
2022-12-28,BILI,22.76,-0.08040403,3.5208086e+08,5.9314658334564,0.017574675,0.040861174,0.03936117446422577,0.021384249687194823
2023-02-21,ADI,174.97429,-0.034974605,6.324823e+08,5.81288353380323,0.0038177867,-0.0017209211,-0.0032209211364388466,-0.007017661571502685
2023-02-21,NVDA,20.609207,-0.03427146,1.087244e+10,5.81288353380323,0.0025177787,0.14567901,0.14417901194095611,0.1413016424179077
2023-02-21,SHOP,41.42,-0.050217897,1.2302619e+09,5.81288353380323,0.0147272,0.023177281,0.021677281022071837,0.006827364921569825
2023-02-21,PDD,84.51,-0.09537568,7.4117184e+08,5.81288353380323,0.008756335,0.018932652,0.017432651728391646,0.008588086128234864
2023-02-21,LRCX,46.264587,-0.03504422,6.918783e+08,5.81288353380323,0.0058751726,0.014823651,0.013323650941252709,0.007396231651306153
2023-02-21,NFLX,33.75,-0.030060967,2.565681e+09,5.81288353380323,0.0,-0.041036986,-0.04253698581457138,-0.04253696346282959
2023-02-21,CMCSA,31.307816,-0.032720007,7.057459e+08,5.81288353380323,-0.0036995155,-0.0039640404,-0.005464040428400039,-0.0017654790878295899
2023-02-21,COIN,62.07,-0.048006095,1.3621368e+09,5.81288353380323,0.006927667,0.004672159,0.0031721589751541614,-0.0037399425506591797
2023-02-21,ASML,611.16455,-0.03397589,6.952687e+08,5.81288353380323,0.00441432,0.013195124,0.011695124454796315,0.007242213249206543
2023-02-21,AMAT,107.934784,-0.036036015,7.473392e+08,5.81288353380323,0.0009008125,0.017024042,0.015524042084813118,0.01460863208770752
2023-02-22,CSGP,72.13,-0.05117074,1.8837797e+08,9.660243991158353,0.0031887337,-0.019409316,-0.020909315660595895,-0.024026204586029054
2023-02-22,CEG,75.573135,-0.03197727,1.8706157e+08,9.660243991158353,0.0025704855,0.0225344,0.021034400224685668,0.0184127197265625
2023-02-22,WSC,48.209606,-0.043520674,7.822705e+07,9.660243991158353,0.0132034235,0.020312855,0.018812855020165442,0.005516897201538086
2023-02-22,NWSA,17.156271,-0.031763297,6.454365e+07,9.660243991158353,-0.0028282923,-0.013574802,-0.015074802316725254,-0.012276937007904052
2023-02-22,WFRD,58.42576,-0.034604374,4.8629e+07,9.660243991158353,0.014437618,0.07650202,0.07500201767683029,0.059680949211120604
2023-02-22,UTHR,243.75,-0.04505387,1.054677e+08,9.660243991158353,0.0,0.024656387,0.0231563870459795,0.023156414985656737
2023-03-10,TTD,53.35,-0.043220945,3.6659827e+08,8.000703652158961,-0.023430178,0.05960638,0.05810638076066971,0.08352888679504394
2023-03-10,SRPT,143.92,-0.030450042,2.3390554e+08,8.000703652158961,-0.006114542,0.006809309,0.005309309124946595,0.01150334930419922
2023-03-10,CROX,115.32,-0.036027733,2.204993e+08,8.000703652158961,-0.02748871,0.007977785,0.006477784611284733,0.0349689826965332
2023-03-10,STLD,114.526306,-0.061081346,1.8839994e+08,8.000703652158961,-0.01902627,-0.033815235,-0.035315234899520875,-0.016575802803039552
2023-03-10,IDXX,454.86,-0.036884926,1.8776576e+08,8.000703652158961,-0.0044409027,0.03640687,0.034906870931386946,0.03952993011474609
2023-03-10,FISV,111.83,-0.031019857,3.8363526e+08,8.000703652158961,-0.011445934,-0.011624815,-0.013124814942479133,-0.001680959701538086
2023-03-10,ON,78.38,-0.037219092,6.2761555e+08,8.000703652158961,-0.021306433,0.035978563,0.034478563129901885,0.057032118797302245
2023-03-10,DXCM,107.77,-0.038454723,3.335816e+08,8.000703652158961,-0.01391853,0.050013985,0.048513985484838484,0.06333495235443115
2023-03-10,SHOP,41.46,-0.035813976,9.3987846e+08,8.000703652158961,-0.022672422,0.056439947,0.054939947336912154,0.0794476375579834
2023-03-10,OKTA,81.03,-0.03132101,2.4537171e+08,8.000703652158961,-0.025175873,0.00962605,0.008126049548387528,0.03420067882537842
2023-04-12,COIN,67.84,-0.033480637,1.3295983e+09,7.462176529011913,0.030218206,0.030513082,0.029013081699609755,-0.001213897705078125
2023-04-12,MPWR,454.67184,-0.03868846,2.276062e+08,7.462176529011913,0.00057958125,0.024426313,0.02292631311714649,0.02233291721343994
2023-04-12,TSCO,43.488537,-0.03066663,2.1971072e+08,7.462176529011913,0.0012893566,0.022824833,0.021324833169579505,0.020007740020751952
2023-04-12,WING,173.53732,-0.030431213,9.737454e+07,7.462176529011913,0.014050014,0.05030853,0.048808529287576674,0.03425623035430908
2023-04-12,PSKY,20.981287,-0.032779794,2.1173669e+08,7.462176529011913,-0.002259315,-0.024853192,-0.026353192269802095,-0.024144996643066408
2023-04-12,TCOM,35.089466,-0.049083203,1.6028518e+08,7.462176529011913,0.022405082,0.0062393914,0.004739391397684813,-0.017311383724212648
2023-04-12,FUTU,45.730988,-0.046129137,1.1492998e+08,7.462176529011913,0.022077385,0.0052565443,0.0037565443329513073,-0.017957557678222658
2023-04-12,PLTR,8.33,-0.032520294,2.1315749e+08,7.462176529011913,0.020408172,0.05762311,0.05612311071157455,0.03497065162658691
2023-04-12,WBD,14.06,-0.058271926,2.4274674e+08,7.462176529011913,0.0035561335,-0.0199147,-0.021414699718356134,-0.024887670516967775
2023-04-12,DASH,60.1,-0.044818815,2.0829144e+08,7.462176529011913,0.014642281,0.026955122,0.025455122128129004,0.01063514804840088
2023-04-20,DASH,59.56,-0.035153057,1.826884e+08,8.285308930848032,0.0018468233,0.005372728,0.00387272822111845,0.002019415855407715
2023-04-20,MSTR,29.471,-0.063580304,2.6154045e+08,8.285308930848032,0.008923979,-0.03182789,-0.033327889382839204,-0.04189144515991211
2023-04-20,RIOT,10.9,-0.09991743,2.8372528e+08,8.285308930848032,0.03944957,-0.046788927,-0.04828892716765404,-0.08446555280685425
2023-04-20,CSCO,42.710842,-0.030391186,7.92322e+08,8.285308930848032,-0.00021480136,0.017389443,0.0158894427716732,0.016108046531677245
2023-04-20,MARA,9.52,-0.10694178,3.343915e+08,8.285308930848032,0.036764644,-0.06617648,-0.06767648154497147,-0.10079072856903076
2023-04-20,WBD,13.83,-0.032190345,2.397518e+08,8.285308930848032,-0.0072306856,-0.033984113,-0.03548411348462105,-0.028448273181915285
2023-04-20,ON,74.26,-0.034581333,4.3685168e+08,8.285308930848032,-0.0035012406,0.0016158782,0.00011587819457054135,0.003635059356689453
2023-04-20,TECH,80.60951,-0.034596242,8.575801e+07,8.285308930848032,0.0039005645,0.025109576,0.023609576061367987,0.019626627922058104
2023-04-20,VKTX,20.46,-0.03808187,1.3762029e+08,8.285308930848032,-0.009286346,0.042522036,0.04102203553915024,0.05079401588439941
2023-04-20,PLTR,8.15,-0.04004713,2.1913912e+08,8.285308930848032,-0.001226905,-0.006134876,-0.007634876050055027,-0.006413985729217529
2023-04-25,MELI,1229.55,-0.034602117,4.3950515e+08,1.663618472554262,0.010093052,0.012500504,0.011000504031777382,0.0008833513259887695
2023-04-25,AMD,83.8,-0.043051235,4.564204e+09,1.663618472554262,0.03233889,0.043436747,0.041936747044324874,0.009250293731689454
2023-04-25,UAL,42.49,-0.03277939,3.631866e+08,1.663618472554262,0.0061190473,0.008001886,0.006501886308193207,0.0003714666366577148
2023-04-25,ADI,171.22304,-0.031129591,4.9743603e+08,1.663618472554262,0.0004967351,-0.019432377,-0.020932377070188524,-0.02141921663284302
2023-04-25,PANW,91.285,-0.04886684,4.9429658e+08,1.663618472554262,0.011502387,0.013967178,0.012467177830636502,0.0009367570877075195
2023-04-25,ON,70.35,-0.05418122,4.2169238e+08,1.663618472554262,0.016915457,-0.005259348,-0.006759348079562187,-0.023305942058563234
2023-04-25,ABNB,112.505,-0.031131634,5.754411e+08,1.663618472554262,0.008844076,0.02439894,0.022898939684033393,0.013918529510498047
2023-04-25,INTU,409.31644,-0.050845593,5.5420755e+08,1.663618472554262,-0.0035967992,0.022223406,0.02072340553998947,0.024413357734680174
2023-04-25,ASML,587.85455,-0.034460798,6.479133e+08,1.663618472554262,0.013140341,0.038761098,0.03726109793782234,0.02378846263885498
2023-04-25,SHOP,46.46,-0.03248649,5.85597e+08,1.663618472554262,0.016573407,0.024322022,0.0228220217525959,0.0061222419738769535
2023-08-02,COIN,90.43,-0.03951143,1.6813605e+09,9.62934069790019,-0.01581334,-0.034501854,-0.036001854330301286,-0.02048878812789917
2023-08-02,ROKU,91.25,-0.064006545,1.0172277e+09,9.62934069790019,-0.02586302,-0.053698648,-0.055198647767305375,-0.03007470512390137
2023-08-02,PLTR,18.97,-0.051025536,1.1614815e+09,9.62934069790019,-0.017923046,-0.04059033,-0.042090330958366395,-0.024580945014953615
2023-08-02,ADBE,530.3,-0.034237824,1.6016293e+09,9.62934069790019,-0.01376577,-0.0064491476,-0.007949147593230009,0.00591875171661377
2023-08-02,PANW,118.085,-0.06714856,1.1376512e+09,9.62934069790019,-0.0057585663,-0.07558111,-0.07708111101388931,-0.07172696733474732
2023-08-02,AMD,109.35,-0.070153065,7.443719e+09,9.62934069790019,-0.003657993,0.05916782,0.05766782096028328,0.061556468963623046
2023-08-02,AVGO,86.06873,-0.030108487,2.1559885e+09,9.62934069790019,-0.0063659004,-0.011935786,-0.013435786344110965,-0.007105578422546386
2023-08-02,INTC,33.703037,-0.039385416,1.3405224e+09,9.62934069790019,-0.0029078503,0.025484748,0.023984748184680937,0.026975522994995116
2023-08-02,NVDA,44.18293,-0.04812174,1.9849693e+10,9.62934069790019,-0.010594537,0.009284002,0.0077840017750859265,0.01859141445159912
2023-08-02,RIVN,25.91,-0.05091573,2.0818016e+09,9.62934069790019,-0.020841336,-0.025086824,-0.026586823850870134,-0.00583582067489624
2023-08-03,QS,8.81,-0.20702064,1.4312245e+08,8.589884452390038,-0.1010216,-0.09421116,-0.0957111611366272,0.006075750350952149
2023-08-03,ROKU,88.47,-0.03046574,1.0410177e+09,8.589884452390038,0.0013563368,-0.00079122523,-0.002291225233115256,-0.0036446943283081055
2023-08-03,RXRX,12.375,-0.06036447,1.6076936e+08,8.589884452390038,0.01010101,-0.10868689,-0.11018688672780991,-0.1190999641418457
2023-08-03,QCOM,110.611404,-0.08176688,1.1188692e+09,8.589884452390038,-0.007919268,0.0053917565,0.0038917565383017063,0.011917243957519532
2023-08-03,HOOD,11.54,-0.07234724,1.5998744e+08,8.589884452390038,0.012131746,-0.017331006,-0.01883100600540638,-0.03060953760147095
2023-08-03,MSTR,38.991,-0.04276632,3.610346e+08,8.589884452390038,0.0002564264,-0.048960026,-0.05046002635359764,-0.05070381307601929
2023-08-03,EQIX,709.4192,-0.057358894,2.8859107e+08,8.589884452390038,-0.0018697211,0.019554468,0.018054467871785163,0.019964347839355467
2023-08-03,ENVX,17.82,-0.06799169,1.6562146e+08,8.589884452390038,0.0011223601,-0.0129068205,-0.014406820513308048,-0.015513469219207763
2023-08-03,MAT,20.5,-0.03529412,1.0657237e+08,8.589884452390038,-0.0009756321,0.038048815,0.036548814982175826,0.03756261920928955
2023-08-03,SHOP,59.04,-0.054300807,8.290748e+08,8.589884452390038,0.020494564,-0.024898395,-0.02639839494228363,-0.04598133707046509
2023-08-04,PANW,109.16,-0.08056429,1.2521719e+09,5.271001280548745,0.0034353242,-0.03133021,-0.032830209225416185,-0.036146570682525636
2023-08-04,CRWD,37.6225,-0.044811156,5.393321e+08,5.271001280548745,0.005116546,-0.030633267,-0.032133267015218736,-0.03706787967681885
2023-08-04,MARA,15.83,-0.044082098,6.211606e+08,5.271001280548745,0.0012634528,-0.0069488096,-0.00844880960509181,-0.009701956748962402
2023-08-04,RIOT,17.11,-0.039303698,4.7570198e+08,5.271001280548745,-0.0070134914,-0.0008767561,-0.002376756093930453,0.004680047988891602
2023-08-04,UPST,60.725,-0.109734654,6.912992e+08,5.271001280548745,-0.0037052035,-0.14779742,-0.14929742062091828,-0.14612810754776
2023-08-04,CSX,30.114912,-0.042236466,4.843395e+08,5.271001280548745,0.00031718513,-0.0066624708,-0.008162470754235982,-0.008477498531341552
2023-08-04,COIN,87.31,-0.037906364,1.684768e+09,5.271001280548745,-0.0012598856,0.008361051,0.0068610508590936665,0.008133064270019532
2023-08-04,AAPL,179.31926,-0.048020195,1.0198969e+10,5.271001280548745,0.00076932454,-0.012033492,-0.01353349232673645,-0.014293004512786865
2023-08-04,RIVN,25.26,-0.046792444,1.9447028e+09,5.271001280548745,0.017022973,-0.01821065,-0.019710649490356447,-0.036143888473510744
2023-08-04,SOFI,9.5,-0.054726385,5.139957e+08,5.271001280548745,0.0,-0.019999957,-0.021499956712126733,-0.021499980926513673
2023-08-17,ISRG,290.08,-0.03087004,6.559749e+08,7.137791910535952,-0.009031975,-0.011755286,-0.013255285784602165,-0.00424813175201416
2023-08-17,CRWD,36.095,-0.031006679,4.748348e+08,7.137791910535952,-0.018839182,0.065937035,0.06443703478574753,0.0849039659500122
2023-08-17,SMCI,24.406,-0.038111344,1.0916957e+09,7.137791910535952,-0.033024658,0.03515528,0.0336552814245224,0.06900848007202148
2023-08-17,MELI,1196.56,-0.04078744,7.929843e+08,7.137791910535952,-0.0105051715,0.026701503,0.025201502501964568,0.036101709365844725
2023-08-17,COIN,75.56,-0.043544333,8.458771e+08,7.137791910535952,-0.042615157,-0.0037056482,-0.005205648239701986,0.03914154624938965
2023-08-17,DKNG,26.37,-0.035479125,4.4155744e+08,7.137791910535952,-0.030337548,0.034888133,0.0333881334066391,0.06576646423339844
2023-08-17,SHOP,53.22,-0.038308617,7.341755e+08,7.137791910535952,-0.032882374,0.013340832,0.011840831734240055,0.04629481887817383
2023-08-17,META,282.60825,-0.031261753,7.4097613e+09,7.137791910535952,-0.021256395,0.016871862,0.0153718621134758,0.03745628452301025
2023-08-17,PLTR,14.15,-0.08414241,1.3198408e+09,7.137791910535952,-0.019081237,0.02473501,0.023235009297728537,0.04316855525970459
2023-08-17,ROKU,77.23,-0.041930247,1.00878995e+09,7.137791910535952,-0.015926497,0.01243039,0.01093039034307003,0.027315865516662596
2023-08-18,MARA,11.28,-0.0791837,4.004542e+08,6.388607813645137,0.007978737,-0.029255314,-0.03075531379878521,-0.038439263343811036
2023-08-18,MSTR,32.862,-0.05239486,2.3310243e+08,6.388607813645137,0.005081852,0.0027083168,0.0012083167806267738,-0.003861595630645752
2023-08-18,LI,38.83,-0.04875056,3.6542736e+08,6.388607813645137,-0.0033479542,0.007725965,0.006225965231657029,0.009611140251159668
2023-08-18,VFS,15.4,-0.23000002,2.5972594e+07,6.388607813645137,0.089610465,1.3844157,1.3829157457351684,1.186819444656372
2023-08-18,AGNT,18.113121,-0.032386474,2.3057064e+07,6.388607813645137,0.0005148217,0.004119521,0.0026195210069417953,0.002102743148803711
2023-08-18,RIOT,11.07,-0.05465417,3.0521846e+08,6.388607813645137,0.0094851395,-0.04697376,-0.048473761171102525,-0.05742840909957886
2023-08-18,CLSK,5.2,-0.04761909,6.3277572e+07,6.388607813645137,0.0048077106,-0.09807688,-0.09957687997817993,-0.10389231586456299
2023-08-18,COIN,73.19,-0.031365737,8.0711795e+08,6.388607813645137,0.0008197507,0.023363834,0.021863834246993064,0.021025548934936522
2023-08-18,NTES,90.64836,-0.031052733,8.580769e+07,6.388607813645137,0.0095638065,0.03632112,0.03482111847400665,0.025003920555114745
2023-09-07,ALGN,340.93,-0.077819906,1.9486918e+08,8.70276593532462,-0.003871784,-0.016865633,-0.018365633428096773,-0.014544297695159912
2023-09-07,AMAT,144.79549,-0.03231515,7.599013e+08,8.70276593532462,-0.0034402898,-0.010254057,-0.011754057124257087,-0.008337368011474609
2023-09-07,LI,38.57,-0.03357555,2.7221286e+08,8.70276593532462,-0.0010370992,0.025667662,0.024167661800980567,0.025232563972473143
2023-09-07,ISRG,297.22,-0.034498427,4.6724346e+08,8.70276593532462,0.0011102435,0.01725996,0.015759959131479262,0.014631877899169922
2023-09-07,PDD,96.61,-0.049020533,1.03669114e+09,8.70276593532462,-0.009005307,0.008177217,0.006677217096090317,0.01583863353729248
2023-09-07,KLAC,48.547966,-0.031725463,4.092192e+08,8.70276593532462,-0.004364495,-0.006074227,-0.007574226927012205,-0.0032172694206237793
2023-09-07,STX,59.17566,-0.10936409,1.6234864e+08,8.70276593532462,0.00283751,0.013713611,0.012213611289858818,0.009345303535461426
2023-09-07,BIDU,137.07,-0.033765636,3.4082435e+08,8.70276593532462,-0.006201255,0.007806172,0.0063061721287667755,0.012594829559326172
2023-09-07,VFS,17.99,-0.2657143,2.949696e+08,8.70276593532462,0.082823776,-0.07893275,-0.0804327472448349,-0.15088396215438843
2023-09-07,MPWR,494.89124,-0.032570153,2.3946568e+08,8.70276593532462,0.0002173699,-0.0394753,-0.040975299417972566,-0.041183997631073
2023-09-20,CELH,60.47,-0.08327857,2.1358794e+08,5.289501789577628,-0.01747424,-0.076456636,-0.07795663619041443,-0.06153141403198242
2023-09-20,VFS,17.19,-0.03426959,3.0011306e+08,5.289501789577628,-0.017452072,-0.090750456,-0.09225045585632324,-0.07610033893585205
2023-09-20,INTC,34.11935,-0.045404475,1.4559642e+09,5.289501789577628,-0.0034592315,-0.014701511,-0.016201510779559614,-0.012781311511993408
2023-09-20,DUOL,156.85,-0.033877425,7.365667e+07,5.289501789577628,-0.021931797,-0.026649715,-0.028149715378880502,-0.0063237442970275875
2023-09-20,RIOT,10.02,-0.0402298,1.9257195e+08,5.289501789577628,-0.030938163,-0.077844374,-0.07934437388181687,-0.04990373992919922
2023-09-20,GOOG,133.32716,-0.03054112,2.7792812e+09,5.289501789577628,-0.016345667,-0.024816174,-0.02631617406010628,-0.01011126184463501
2023-09-20,SOFI,8.32,-0.034802806,1.8968742e+08,5.289501789577628,-0.02524039,-0.09374997,-0.09524997019767761,-0.07178365135192871
2023-09-20,ROKU,71.49,-0.03143205,5.609049e+08,5.289501789577628,-0.020702137,-0.031053312,-0.03255331212282181,-0.012069989681243896
2023-09-20,GOOGL,132.47939,-0.031150332,3.3364918e+09,5.289501789577628,-0.017197777,-0.026095552,-0.027595552369952203,-0.010553468704223632
2023-09-20,PDD,94.48,-0.039349213,1.1555332e+09,5.289501789577628,-0.026884004,0.015347131,0.013847130596637726,0.04189790344238281
2023-09-21,INTU,492.5903,-0.03670818,7.572565e+08,1.814154937821229,-0.00073358865,0.0078118113,0.006311811286956072,0.007051716804504395
2023-09-21,ABNB,132.75,-0.038113143,1.4063752e+09,1.814154937821229,0.007231689,0.010470805,0.008970804758369923,0.001715789794921875
2023-09-21,PANW,113.72,-0.033404168,6.379968e+08,1.814154937821229,0.0048804106,-0.004001071,-0.005501071210950613,-0.010338355541229248
2023-09-21,AMD,96.11,-0.042156626,5.906225e+09,1.814154937821229,0.008427817,0.01321399,0.0117139902561903,0.003246079444885254
2023-09-21,SHOP,53.7,-0.057398636,6.3677594e+08,1.814154937821229,0.01936687,-0.002234617,-0.0037346170153468848,-0.02269112014770508
2023-09-21,CSCO,49.2802,-0.038919047,8.9433197e+08,1.814154937821229,0.0011250525,0.0026246838,0.0011246837805956602,-2.135276794433625e-06
2023-09-21,AMZN,129.33,-0.044053454,6.9287276e+09,1.814154937821229,0.013763231,0.015000406,0.013500405721366406,-0.0002795352935791016
2023-09-21,SMCI,23.154,-0.047434893,8.7196717e+08,1.814154937821229,0.014511551,0.07480351,0.07330350881814957,0.057929526329040526
2023-09-21,PLTR,14.0,-0.050203513,7.675738e+08,1.814154937821229,0.01642854,0.015714305,0.014214304521679879,-0.0022027387619018555
2023-09-21,ADBE,513.88,-0.04087503,1.6538292e+09,1.814154937821229,-0.0015372811,-0.004436831,-0.00593683099001646,-0.004404057502746582
2023-09-22,COIN,70.96,-0.046492867,5.9457645e+08,2.77128950992622,-0.014797005,-0.006200711,-0.0077007107771933075,0.007225404739379883
2023-09-22,SOFI,7.54,-0.051572308,1.9702957e+08,2.77128950992622,-0.010610069,-0.018567622,-0.02006762170791626,-0.00954293155670166
2023-09-22,ARRY,23.61,-0.0472155,9.4088136e+07,2.77128950992622,-0.012706528,-0.026683653,-0.02818365277349949,-0.015656997203826906
2023-09-22,RIVN,20.59,-0.043660033,5.17385e+08,2.77128950992622,-0.009227807,0.08110733,0.07960733330249786,0.08967650985717773
2023-09-22,DKNG,27.76,-0.033089478,2.9848973e+08,2.77128950992622,-0.010446719,0.005763683,0.004263683002442122,0.014881502151489258
2023-09-22,AFRM,20.18,-0.050352927,4.021055e+08,2.77128950992622,-0.008919737,-0.013379606,-0.014879606418311596,-0.006000031471252441
2023-09-22,ROKU,69.27,-0.0329471,5.768301e+08,2.77128950992622,-0.005918811,-0.020210681,-0.02171068148314953,-0.015876997947692872
2023-09-22,KRYS,115.14,-0.030563252,3.8063784e+07,2.77128950992622,-0.0074691735,0.0018238587,0.00032385870721191165,0.007863055229187012
2023-09-22,TSLA,244.88,-0.04231518,3.1004486e+10,2.77128950992622,-0.006125449,-0.0031036008,-0.004603600814938545,0.0015404329299926758
2023-09-22,IMVT,20.39,-0.04047062,2.7219108e+07,2.77128950992622,-0.014713057,0.9597842,0.958284209728241,0.9875491962432862
2023-10-19,ORLY,59.892666,-0.034508333,3.442332e+08,8.44510252764583,0.0021149004,-0.021950379,-0.0234503790140152,-0.025514472961425783
2023-10-19,ENTG,90.84096,-0.033659384,1.13256776e+08,8.44510252764583,0.00021777644,-0.02655932,-0.028059319347143175,-0.028271247386932374
2023-10-19,PANW,126.565,-0.031414982,6.892904e+08,8.44510252764583,-0.00051358936,-0.02749578,-0.028995779097080232,-0.028496076107025148
2023-10-19,SAIA,380.94,-0.03361323,1.124389e+08,8.44510252764583,0.017351774,-0.006247716,-0.007747716024518013,-0.024696935653686525
2023-10-19,SMCI,26.505,-0.07009792,8.902227e+08,8.44510252764583,-0.0012827199,-0.038332347,-0.039832346826791765,-0.03859721565246582
2023-10-19,WDC,32.388508,-0.031271156,1.4562635e+08,8.44510252764583,-0.0011610688,-0.029029135,-0.030529134660959245,-0.02940045738220215
2023-10-19,LRCX,58.775642,-0.062733546,6.6073216e+08,8.44510252764583,0.0029071213,-0.003937127,-0.005437127068638801,-0.00832443380355835
2023-10-19,AMAT,131.31526,-0.04962894,7.5285805e+08,8.44510252764583,0.00066954247,-0.0014877042,-0.0029877042267471552,-0.003655900001525879
2023-10-19,TSLA,220.11,-0.0930031,2.9201949e+10,8.44510252764583,-0.014083895,-0.036481753,-0.03798175299167633,-0.02421777391433716
2023-10-19,FUTU,56.18296,-0.05970385,1.0959001e+08,8.44510252764583,-0.009241836,-0.016258799,-0.01775879853963852,-0.00858240270614624
2023-10-20,SMCI,24.858,-0.0621392,9.048923e+08,3.3456085272036233,-0.009775526,0.056480784,0.05498078396916389,0.06541038608551025
2023-10-20,ZS,162.19,-0.04069323,2.8385683e+08,3.3456085272036233,-0.012886099,0.016030524,0.014530523926019669,0.02779413318634033
2023-10-20,MDB,346.28,-0.032737434,3.691224e+08,3.3456085272036233,-0.017991252,0.016633967,0.015133966937661171,0.033759604454040526
2023-10-20,PANW,121.55,-0.0396239,7.0837843e+08,3.3456085272036233,-0.0077745756,0.0368984,0.035398400634527205,0.04352296447753906
2023-10-20,SNPS,467.64,-0.030536685,3.6723402e+08,3.3456085272036233,-0.0035070025,0.00083394087,-0.0006660591331310571,0.002856265068054199
2023-10-20,SOFI,7.37,-0.034076046,1.8820744e+08,3.3456085272036233,-0.012211625,0.0013568832,-0.00014311679266393188,0.012236248016357422
2023-10-20,CELH,54.006668,-0.057639737,1.8091565e+08,3.3456085272036233,-0.0017899317,0.05499316,0.0534931600689888,0.05538488483428955
2023-10-20,CRWD,44.69,-0.03121618,5.6087264e+08,3.3456085272036233,-0.015439666,0.02271209,0.021212089121341704,0.0372500524520874
2023-10-20,RVMD,27.97,-0.035517264,8.6777144e+07,3.3456085272036233,-0.32391846,-0.24848048,-0.24998048388957977,0.11008120632171631
2023-10-20,PLTR,16.11,-0.05568575,9.564936e+08,3.3456085272036233,-0.013035443,0.032898743,0.03139874270558357,0.04504085636138916
2023-10-26,DUOL,142.04,-0.06460331,1.0567382e+08,8.055201913660966,0.017530313,0.009293209,0.007793208830058575,-0.009595204830169677
2023-10-26,CELH,53.46,-0.043592375,1.8332442e+08,8.055201913660966,0.009976297,0.004115249,0.002615249030292034,-0.007303167819976806
2023-10-26,META,285.83987,-0.03732513,7.013736e+09,8.055201913660966,0.021259073,0.049627174,0.04812717369198799,0.02627755260467529
2023-10-26,COIN,74.61,-0.040879294,6.53079e+08,8.055201913660966,0.024661524,-0.0135370875,-0.015037087477743625,-0.03877930784225464
2023-10-26,DKNG,26.22,-0.041316308,2.8407424e+08,8.055201913660966,0.025171619,0.026697207,0.02519720724225044,-1.1910438537597687e-05
2023-10-26,NVDA,40.250908,-0.03477824,2.0106973e+10,8.055201913660966,0.019937575,0.02070628,0.019206279203295706,-0.0007462396621704102
2023-10-26,SMCI,23.946,-0.057207018,9.282585e+08,8.055201913660966,0.035663582,-0.011859955,-0.01335995526611805,-0.0473870530128479
2023-10-26,MSFT,320.38608,-0.037514206,7.8068214e+09,8.055201913660966,0.007746315,0.02872892,0.027228919103741644,0.019321332931518553
2023-10-26,PANW,118.595,-0.031046983,7.27965e+08,8.055201913660966,0.006197568,0.0057338024,0.004233802448958159,-0.0019608631134033203
2023-10-26,MSTR,41.345,-0.04563495,2.6357346e+08,8.055201913660966,0.015842272,0.016374364,0.014874364495277405,-0.000976313591003418
2024-01-02,NFLX,46.85,-0.0377506,1.9223476e+09,4.4634333340467265,-0.0025186774,0.013169703,0.01166970307379961,0.014227877616882325
2024-01-02,QCOM,132.43654,-0.030422293,1.05021216e+09,4.4634333340467265,-0.009555887,-0.028952593,-0.030452592983841897,-0.02108388090133667
2024-01-02,AAPL,183.404,-0.035786606,1.046207e+10,4.4634333340467265,-0.007649112,-0.020092491,-0.021592491060495378,-0.014039267539978027
2024-01-02,MU,81.67504,-0.03515355,1.2555544e+09,4.4634333340467265,-0.013844997,0.0044936575,0.002993657499551773,0.01709617233276367
2024-01-02,MDB,383.69,-0.06153847,9.1151635e+08,4.4634333340467265,-0.02588025,-0.055461437,-0.05696143651008606,-0.031867016792297365
2024-01-02,AFRM,46.6,-0.05168907,1.188632e+09,4.4634333340467265,-0.051716737,-0.0879828,-0.08948280358314514,-0.039743889808654786
2024-01-02,INTC,47.16828,-0.048756227,1.8876091e+09,4.4634333340467265,-0.014644297,-0.01945607,-0.02095606991648674,-0.006383289337158203
2024-01-02,PLTR,16.58,-0.034362268,9.7940365e+08,4.4634333340467265,-0.027744215,-0.019903494,-0.02140349404513836,0.006564508438110352
2024-01-02,COIN,156.88,-0.097976044,2.2659205e+09,4.4634333340467265,-0.0693524,-0.0081590945,-0.009659094490110874,0.06425345993041992
2024-01-02,AMD,138.58,-0.05990097,8.669992e+09,4.4634333340467265,-0.020710023,-0.018545298,-0.020045297905802728,0.0007106170654296875
2024-01-03,RIVN,20.32,-0.036966857,7.9862656e+08,2.200861670558865,-0.01968502,-0.06102361,-0.06252361157536507,-0.04366867685317993
2024-01-03,CME,183.48122,-0.037375107,3.7328912e+08,2.200861670558865,0.007397902,-0.011022215,-0.012522214777767658,-0.019784857273101808
2024-01-03,DKNG,32.21,-0.040798172,4.0742848e+08,2.200861670558865,-0.0062092757,0.03011491,0.0286149096339941,0.03505111789703369
2024-01-03,DLTR,136.72,-0.04083059,2.9389226e+08,2.200861670558865,0.0020479723,-0.003145172,-0.004645172027871012,-0.006682564258575439
2024-01-03,SOFI,8.31,-0.13886003,4.184083e+08,2.200861670558865,0.0048134727,-0.010830343,-0.012330342769622802,-0.017068852424621583
2024-01-03,MSTR,63.106,-0.078946225,7.598609e+08,2.200861670558865,0.011948177,3.1735748e-05,-0.001468264251947403,-0.013275791645050048
2024-01-03,TSLA,238.45,-0.04013365,2.82291e+10,2.200861670558865,0.003355014,-0.0040259655,-0.005525965463370084,-0.00885628604888916
2024-01-03,DOCU,55.03,-0.034900066,4.0439616e+08,2.200861670558865,-0.005088112,-0.0070870323,-0.008587032310664653,-0.0035092129707336426
2024-01-03,UPST,34.81,-0.102835,5.3499024e+08,2.200861670558865,0.01982185,-0.04510197,-0.046601970434188844,-0.06516199254989624
2024-01-03,AFRM,43.49,-0.06673813,1.1631461e+09,2.200861670558865,0.0,-0.011037096,-0.012537096381187439,-0.012537111282348632
2024-01-04,NXT,42.12,-0.09243699,1.387519e+08,1.4791977410429809,-0.0064102677,-0.0175688,-0.01906880059838295,-0.01273058795928955
2024-01-04,POWL,27.642021,-0.03739834,2.0642644e+07,1.4791977410429809,-0.009891543,-0.040757902,-0.04225790196657181,-0.03267471933364868
2024-01-04,VRRM,21.26,-0.030993633,2.3318944e+07,1.4791977410429809,-0.0065851077,0.001411133,-8.88670198619366e-05,0.006549249649047852
2024-01-04,SYNA,104.41,-0.030007392,3.8806144e+07,1.4791977410429809,0.0024901303,0.03725696,0.035756959825754164,0.03318048572540283
2024-01-04,RUN,17.06,-0.074837364,2.8065974e+08,1.4791977410429809,-0.029894505,-0.024618996,-0.02611899630725384,0.0039380893707275395
2024-01-04,MTSI,82.75,-0.034647703,3.3302182e+07,1.4791977410429809,-0.0026586251,0.023081616,0.021581615567207335,0.02430893039703369
2024-01-04,NXPI,198.8144,-0.03850432,4.642208e+08,1.4791977410429809,0.0011071031,0.021226369,0.019726368844509123,0.018597017288208006
2024-01-04,RIVN,19.5,-0.040354315,7.9829664e+08,1.4791977410429809,-0.006153889,0.00410256,0.0026025602258741855,0.008819948196411133
2024-02-21,AFRM,36.67,-0.034746077,5.83167e+08,9.889867208012461,0.030815411,0.008453815,0.006953815244138241,-0.023193050861358644
2024-02-21,COIN,162.41,-0.062839,1.861805e+09,9.889867208012461,0.01502372,0.021981357,0.020481356665492056,0.005354653358459473
2024-02-21,CRWD,73.09,-0.09684596,1.0313691e+09,9.889867208012461,0.042994965,0.06543305,0.06393304771184921,0.020013104438781737
2024-02-21,MARA,22.9,-0.0656875,1.5416684e+09,9.889867208012461,0.015720552,0.04759826,0.04609826138615608,0.02988422966003418
2024-02-21,SOFI,8.11,-0.04700359,5.452761e+08,9.889867208012461,0.016029608,0.007398326,0.005898325949907303,-0.009995032787322998
2024-02-21,SHOP,75.59,-0.03853989,1.02549626e+09,9.889867208012461,0.035586752,0.008599042,0.0070990419611334805,-0.027560283184051515
2024-02-21,PANW,130.985,-0.28441092,1.7701111e+09,9.889867208012461,0.04641754,0.07680267,0.07530267095565796,0.027537237167358397
2024-02-21,MDB,427.49,-0.03893799,5.6300794e+08,9.889867208012461,0.03848046,0.05621184,0.054711840361356734,0.015574227333068848
2024-02-21,SMCI,73.417,-0.06780355,1.0709546e+10,9.889867208012461,0.17818762,0.17140444,0.16990443623065948,-0.0072572722434997555
2024-02-21,MSTR,67.28,-0.045646716,7.7889376e+08,9.889867208012461,0.01620101,0.021759877,0.0202598769813776,0.00397027587890625
2024-04-04,MU,123.2067,-0.030622555,3.434522e+09,7.930682051380984,0.0024981191,-0.009186913,-0.010686913259327411,-0.013155926704406738
2024-04-04,KLAC,66.01902,-0.03552539,6.40686e+08,7.930682051380984,0.001961923,0.026859866,0.025359866455197333,0.02334917640686035
2024-04-04,BKNG,138.29993,-0.030407153,9.8089485e+08,7.930682051380984,0.0022911364,0.022499058,0.02099905839562416,0.01866186714172363
2024-04-04,NVDA,85.75659,-0.034384813,5.2227256e+10,7.930682051380984,0.011186991,0.014294919,0.01279491862654686,0.001573573112487793
2024-04-04,SMCI,95.799,-0.056697182,8.1007503e+09,7.930682051380984,0.010448955,-0.030783255,-0.03228325465321541,-0.042305816650390626
2024-04-04,AMD,165.83,-0.08264647,1.3866654e+10,7.930682051380984,0.013688743,0.024543159,0.023043158710002898,0.009207736015319825
2024-04-04,AVGO,128.90863,-0.03353098,4.9262577e+09,7.930682051380984,0.006451467,0.014117637,0.01261763671785593,0.006116996765136719
2024-04-04,MARA,18.47,-0.049408183,1.2214348e+09,7.930682051380984,-0.020032428,-0.028153686,-0.029653685852885248,-0.009787250995635986
2024-04-04,CRWD,77.2975,-0.03390203,1.3711636e+09,7.930682051380984,0.0017141524,0.014683556,0.0131835558116436,0.011447320938110352
2024-04-04,DJT,46.15,-0.054497026,5.051692e+08,7.930682051380984,-0.029252486,-0.19458295,-0.19608295404911041,-0.1718125238418579
2024-04-17,AMAT,196.00974,-0.04577996,8.937034e+08,5.88231066746053,-0.012106781,-0.05062786,-0.05212786117196083,-0.04049317979812622
2024-04-17,LRCX,89.51005,-0.05291582,7.605292e+08,5.88231066746053,-0.0033212695,-0.046050373,-0.04755037346482277,-0.044371475219726564
2024-04-17,MU,115.50194,-0.044674315,3.7888195e+09,5.88231066746053,-0.002836832,-0.08218015,-0.08368014985322952,-0.08106904172897339
2024-04-17,KLAC,64.66774,-0.049516026,5.567267e+08,5.88231066746053,-0.0048410064,-0.0467694,-0.0482693991959095,-0.043632318019866945
2024-04-17,NVDA,83.88983,-0.038666043,4.1542095e+10,5.88231066746053,0.01112626,-0.093235046,-0.09473504567146301,-0.10471289300918579
2024-04-17,MSTR,118.805,-0.05261437,3.787554e+09,5.88231066746053,0.0033247476,-0.011733489,-0.013233489111065864,-0.01650833034515381
2024-04-17,AVGO,125.496826,-0.034934428,3.4922685e+09,5.88231066746053,0.0041867895,-0.060750242,-0.062250242322683336,-0.0661662712097168
2024-04-17,AMD,154.02,-0.057751145,1.1056094e+10,5.88231066746053,0.009674004,-0.047915887,-0.04941588708758354,-0.058538068771362306
2024-04-17,ASML,889.14905,-0.07094757,9.938968e+08,5.88231066746053,-0.007150556,-0.052963182,-0.05446318233013153,-0.04764263772964478
2024-04-17,DKNG,42.21,-0.060747657,5.1034573e+08,5.88231066746053,0.0028429932,-0.036247306,-0.03774730557203293,-0.04047953033447266
2024-04-18,NTRA,87.28,-0.033765115,1.3238628e+08,3.757002809418779,-0.0030934538,0.015238334,0.01373833442479372,0.01688862895965576
2024-04-18,SMCI,92.848,-0.03291396,5.179163e+09,3.757002809418779,-0.061907645,-0.22774854,-0.2292485430240631,-0.17828523063659668
2024-04-18,NXPI,210.8097,-0.033359792,4.4492077e+08,3.757002809418779,-7.2381816e-08,-0.0031456414,-0.0046456414144486185,-0.0046455755233764644
2024-04-18,APGE,48.35,-0.06116508,3.4622556e+07,3.757002809418779,-0.0070320615,0.0059979507,0.004497950676828623,0.011622200965881348
2024-04-18,MU,111.13325,-0.037823524,3.865459e+09,3.757002809418779,-0.020280497,-0.02510487,-0.026604869157075883,-0.006424237728118896
2024-04-18,SAIA,522.53,-0.034657855,1.3949659e+08,3.757002809418779,-0.004841883,0.00017217349,-0.0013278265120461583,0.0035383806228637695
2024-04-18,KRYS,163.97,-0.03342371,4.5610948e+07,3.757002809418779,-0.0078062983,-0.040983114,-0.042483114391565324,-0.03493784809112549
2024-04-18,BRKR,77.80137,-0.05280913,5.1958144e+07,3.757002809418779,0.006873591,-0.0064919316,-0.00799193162098527,-0.014774312019348144
2024-04-18,ROOT,51.43,-0.04262846,3.7548292e+07,3.757002809418779,-0.015360702,0.059109487,0.05760948663949966,0.07413197612762451
2024-04-18,LYFT,16.71,-0.034662068,2.3966318e+08,3.757002809418779,-0.0065828073,0.0011969155,-0.00030308448337018493,0.006331215858459473
2024-04-19,AVGO,117.87286,-0.043114033,3.5056054e+09,1.0421762374113115,0.016427169,0.036921825,0.035421825259923934,0.01866341686248779
2024-04-19,META,477.3882,-0.041311227,6.53526e+09,1.0421762374113115,0.017980756,0.031242806,0.02974280646443367,0.01152778720855713
2024-04-19,AMD,146.64,-0.054423537,1.0523845e+10,1.0421762374113115,0.010297289,0.03839338,0.036893378257751464,0.026309739112854003
2024-04-19,COIN,211.01,-0.032419328,2.518877e+09,1.0421762374113115,0.027392061,0.12046822,0.11896822160482406,0.08909464931488037
2024-04-19,ASML,842.0569,-0.033171013,1.0879067e+09,1.0421762374113115,0.012169167,0.048898324,0.047398324370384215,0.034787665367126464
2024-04-19,NVDA,76.06836,-0.100046076,4.159797e+10,1.0421762374113115,0.024986882,0.08166667,0.08016667073965072,0.0537980899810791
2024-04-19,ARM,87.19,-0.16898586,1.1155955e+09,1.0421762374113115,0.031540312,0.10150245,0.10000244832038879,0.06632293319702148
2024-04-19,NFLX,55.504,-0.09093288,2.2097288e+09,1.0421762374113115,-0.007891318,0.040915966,0.039415966033935546,0.047695528030395506
2024-04-19,MU,106.00997,-0.046100296,3.8550444e+09,1.0421762374113115,0.0077738375,0.053292282,0.05179228192567825,0.04366732692718506
2024-04-19,SMCI,71.365,-0.23137818,5.438597e+09,1.0421762374113115,0.025600834,0.067554116,0.06605411624908447,0.03940607166290283
2024-06-24,COIN,212.31,-0.059992928,2.1301211e+09,7.477146474056298,0.022090351,0.010691933,0.00919193333387375,-0.012652088642120361
2024-06-24,CLSK,16.51,-0.04511282,5.414878e+08,7.477146474056298,0.00908538,-0.02604484,-0.02754483999311924,-0.03631394052505493
2024-06-24,AVGO,156.28185,-0.03699707,7.3265736e+09,7.477146474056298,0.004974084,-0.00013190671,-0.001631906708702445,-0.006580759525299072
2024-06-24,NVDA,117.91565,-0.066840515,5.4426624e+10,7.477146474056298,0.026162116,0.07018881,0.06868881291151047,0.041404138565063475
2024-06-24,ARM,151.07,-0.05757951,1.8330519e+09,7.477146474056298,0.003309724,0.09035542,0.08885541862249374,0.08525849437713623
2024-06-24,ASML,983.6704,-0.033368707,1.0948068e+09,7.477146474056298,0.0031436812,0.014560708,0.013060707844793797,0.009881268501281739
2024-06-24,SMCI,82.698,-0.08647243,5.761152e+09,7.477146474056298,0.023616085,0.005054527,0.003554526962339878,-0.019633342266082765
2024-06-24,MRVL,67.34785,-0.057309903,9.015287e+08,7.477146474056298,0.005311973,0.0073778094,0.005877809379249812,0.0005549297332763672
2024-06-24,MSTR,137.215,-0.07522113,1.9493189e+09,7.477146474056298,0.03033198,0.062369265,0.060869264662265776,0.029594074249267577
2024-06-24,QCOM,191.42274,-0.055003915,2.4587167e+09,7.477146474056298,0.011451899,-0.01747665,-0.018976649954915048,-0.030100990772247316
2024-07-17,MSTR,159.0,-0.04464335,1.8724689e+09,6.158673134937857,0.02761006,0.1185535,0.11705349689722061,0.08700002288818359
2024-07-17,NVDA,117.79584,-0.06623941,4.0454246e+10,6.158673134937857,0.032714743,-0.0005084284,-0.002008428376633674,-0.03367071294784546
2024-07-17,CRWD,88.735,-0.03823326,2.3095273e+09,6.158673134937857,-0.009015643,-0.14081256,-0.14231256091594696,-0.13449602270126343
2024-07-17,SMCI,81.631,-0.069159396,6.257191e+09,6.158673134937857,0.018056948,-0.023924679,-0.025424678564071657,-0.04273705625534058
2024-07-17,TSLA,248.5,-0.031415645,2.8180505e+10,6.158673134937857,0.01042252,-0.03742456,-0.03892456063628197,-0.04885350608825684
2024-07-17,MU,118.75315,-0.06267158,4.234485e+09,6.158673134937857,0.008368083,-0.043849383,-0.04534938254952431,-0.0532842173576355
2024-07-17,AMD,159.43,-0.10205582,8.995652e+09,6.158673134937857,0.024964005,-0.049237855,-0.05073785477876663,-0.07389454984664917
2024-07-17,AVGO,153.10065,-0.079112194,8.2879447e+09,6.158673134937857,0.018656407,0.008783384,0.00728338422626257,-0.011192192077636718
2024-07-17,QCOM,182.616,-0.08605238,2.1345344e+09,6.158673134937857,0.011377999,-0.02813145,-0.02963144959509373,-0.04056500339508057
2024-07-17,META,458.9094,-0.056759074,6.928094e+09,6.158673134937857,0.02816085,0.032035287,0.03053528746962547,0.002268324851989746
2024-07-18,CRWD,85.7625,-0.03349866,2.2936722e+09,4.809910230282696,-0.14149535,-0.2306952,-0.2321952029466629,-0.10540138626098633
2024-07-18,IREN,10.23,-0.0914743,2.4886627e+08,4.809910230282696,0.023460483,0.13196485,0.13046484744548797,0.10451711273193359
2024-07-18,INTU,626.34503,-0.03253853,8.839429e+08,4.809910230282696,0.0020551474,0.011059306,0.009559305630624295,0.007485638618469239
2024-07-18,MARA,23.65,-0.07436398,1.0390849e+09,4.809910230282696,0.0025369753,0.012685038,0.011185038149356842,0.008622418403625489
2024-07-18,TSCO,51.65406,-0.031884436,3.3595018e+08,4.809910230282696,-0.0006296525,0.0042603826,0.002760382615029812,0.003393183708190918
2024-07-18,CLSK,17.07,-0.10487677,5.5461946e+08,4.809910230282696,0.0029291825,0.062097218,0.06059721788764,0.05749512767791748
2024-07-18,Z,50.97,-0.033194233,1.6429803e+08,4.809910230282696,-0.000981029,0.011379204,0.009879203759133816,0.010872374534606934
2024-07-18,SOUN,5.0,-0.08925315,1.6385096e+08,4.809910230282696,0.0020000457,-0.003999996,-0.005499995999038219,-0.007488121032714843
2024-07-18,HOOD,22.83,-0.05583128,3.047091e+08,4.809910230282696,0.0048182486,0.025843196,0.024343195617198943,0.019424091339111327
2024-07-18,COIN,233.24,-0.06366921,1.7605987e+09,4.809910230282696,0.007974621,0.13681181,0.13531180775165558,0.12631786918640137
2024-07-19,AMAT,206.5543,-0.033953708,1.3133115e+09,2.6479425964118093,0.028393462,0.04465912,0.043159119099378584,0.014316569328308106
2024-07-19,ASML,878.9822,-0.031142252,1.2740227e+09,2.6479425964118093,0.036655374,0.041815277,0.04031527718901634,0.0034774646759033203
2024-07-19,TSLA,239.2,-0.040243946,2.8904718e+10,2.6479425964118093,0.020944858,0.030016756,0.028516755685210227,0.007385860443115235
2024-07-19,MCHP,83.57437,-0.030048138,5.0505306e+08,2.6479425964118093,0.027036149,0.010589305,0.009089305311441422,-0.01751386070251465
2024-07-19,TXN,187.18993,-0.032884978,8.835093e+08,2.6479425964118093,0.020090517,-0.0040683327,-0.005568332724273204,-0.02518295192718506
2024-07-19,LRCX,90.15417,-0.037256088,1.0296284e+09,2.6479425964118093,0.027139671,0.046428494,0.04492849415540695,0.01727915859222412
2024-07-19,DJT,34.99,-0.06393792,5.02267e+08,2.6479425964118093,0.008287999,-0.059445605,-0.06094560468196869,-0.06867687845230103
2024-07-19,KLAC,74.98362,-0.031141091,6.529166e+08,2.6479425964118093,0.033991188,0.059156496,0.057656496077775954,0.0228380069732666
2024-07-19,ADI,223.62234,-0.032511666,6.553129e+08,2.6479425964118093,0.025516683,-0.003892513,-0.005392512992024421,-0.030177403926849367
2024-07-19,CRWD,76.24,-0.11103337,2.8297943e+09,2.6479425964118093,-0.065418355,-0.118310556,-0.11981055581569672,-0.058094550609588624
2024-07-24,AVGO,148.54631,-0.07589921,6.1824195e+09,8.56050923715378,-0.00052870373,0.0019163584,0.00041635836381465193,0.0009464130401611328
2024-07-24,GOOG,172.93048,-0.050272368,2.8369375e+09,8.56050923715378,-0.0006882451,-0.032631904,-0.034131903886795045,-0.03346561336517334
2024-07-24,META,458.19418,-0.056109115,6.8831826e+09,8.56050923715378,0.0043143425,0.009604034,0.008104034014046193,0.003766904830932617
2024-07-24,NVDA,114.062,-0.06803167,3.43357e+10,8.56050923715378,-0.0105908,-0.010415687,-0.011915687225759029,-0.0013229742050170899
2024-07-24,SMCI,71.156,-0.0914941,5.4045967e+09,8.56050923715378,-0.016260017,0.0008854284,-0.0006145716048777104,0.01592887496948242
2024-07-24,MU,109.59076,-0.034748446,3.545534e+09,8.56050923715378,-0.031555984,-0.007888944,-0.009388943888247013,0.022938261985778807
2024-07-24,GOOGL,171.19905,-0.05038775,4.0246382e+09,8.56050923715378,-0.0006372719,-0.03261308,-0.03411307999491692,-0.03349619054794312
2024-07-24,MSFT,421.47034,-0.035854988,7.847892e+09,8.56050923715378,-0.00023300707,-0.008463486,-0.009963486097753048,-0.009732414722442627
2024-07-24,COIN,245.06,-0.048790928,1.8878486e+09,8.56050923715378,-0.023667686,-0.008691769,-0.01019176909327507,0.013838897705078125
2024-07-24,TSLA,215.99,-0.123346046,3.1595571e+10,8.56050923715378,0.0037501622,0.017639693,0.01613969287276268,0.012337575912475586
2024-07-25,ISRG,436.74,-0.038059995,8.105345e+08,5.761928566173992,0.004258863,0.015844699,0.014344698995351792,0.010036717414855957
2024-07-25,ARM,149.14,-0.054160286,1.5194843e+09,5.761928566173992,0.041705787,-0.05162932,-0.05312931978702545,-0.09109835767745972
2024-07-25,BKNG,144.0478,-0.03833649,8.088508e+08,5.761928566173992,0.010563205,0.026025398,0.024525397703051566,0.013800512313842774
2024-07-25,QCOM,167.16608,-0.031369068,1.6235471e+09,5.761928566173992,0.020639692,0.01853023,0.017030229106545447,-0.0035667314529418946
2024-07-25,GOOGL,165.89339,-0.0309912,4.1779374e+09,5.761928566173992,-0.0007770427,0.0134505285,0.011950528495013714,0.012738595962524414
2024-07-25,WDC,50.011894,-0.07665598,3.8137626e+08,5.761928566173992,0.019702192,-0.0009024953,-0.0024024952887557447,-0.021706570625305177
2024-07-25,HON,191.23486,-0.052422144,5.064635e+08,5.761928566173992,0.0028647303,-0.0051864837,-0.006686483729630708,-0.009528209209442138
2024-07-25,FISV,156.01,-0.031955875,4.0560717e+08,5.761928566173992,0.006281719,0.042946044,0.04144604435563087,0.03493548488616943
2024-07-25,COIN,231.52,-0.055251747,1.8967532e+09,5.761928566173992,0.05105387,0.011575642,0.010075642041862011,-0.03906058216094971
2024-07-25,MSTR,160.647,-0.03958889,2.0699087e+09,5.761928566173992,0.0582208,0.048790187,0.04729018664360046,-0.010411669254302978
2024-08-05,NVDA,100.2847,-0.06357795,3.8974267e+10,7.507646407518152,0.033748142,-0.015330956,-0.01683095631748438,-0.048976887702941896
2024-08-05,VRTX,476.91,-0.03549324,5.593172e+08,7.507646407518152,-0.0060807993,-0.023107061,-0.024607061162590982,-0.018630434513092042
2024-08-05,COIN,189.47,-0.073224425,2.0471898e+09,7.507646407518152,0.013300281,-0.055734403,-0.05723440343141556,-0.06962858581542969
2024-08-05,MPWR,758.80756,-0.031818684,5.3121283e+08,7.507646407518152,0.018586742,-0.017392755,-0.018892754554748536,-0.03682296419143677
2024-08-05,GOOGL,157.92998,-0.04446174,4.700716e+09,7.507646407518152,0.00050221744,-0.0019468413,-0.0034468412501737476,-0.003947843551635742
2024-08-05,MSTR,130.9,-0.09598825,2.1167264e+09,7.507646407518152,0.012987107,-0.047478966,-0.04897896641492844,-0.06119089269638062
2024-08-05,TXN,171.4603,-0.033447195,1.1188548e+09,7.507646407518152,0.012859597,0.015895152,0.01439515246450901,0.0014970407485961914
2024-08-05,AAPL,207.294,-0.048167013,1.2893532e+10,7.507646407518152,-0.018970838,0.0026281504,0.0011281503960490226,0.020516763687133788
2024-08-05,ADI,193.96977,-0.03558378,8.048713e+08,7.507646407518152,0.003988907,0.0037395365,0.0022395365070551634,-0.001748253345489502
2024-08-05,GOOG,159.31384,-0.046080675,3.168961e+09,7.507646407518152,0.0018987065,0.0006846224,-0.0008153776158578694,-0.002711822032928467
2024-09-06,KLAC,69.23469,-0.034695003,6.979877e+08,3.8816287167460217,0.017401842,0.015167836,0.013667836099863053,-0.0036957755088806153
2024-09-06,PYPL,68.130226,-0.043592844,7.263884e+08,3.8816287167460217,0.021802774,-0.0005807414,-0.00208074138360098,-0.023405899047851564
2024-09-06,MPWR,794.136,-0.04180683,4.640081e+08,3.8816287167460217,0.016581658,0.051332615,0.04983261531591415,0.03268409824371338
2024-09-06,ASTS,26.11,-0.08224957,8.137654e+08,3.8816287167460217,0.019915685,0.0,-0.0015,-0.021026839256286622
2024-09-06,META,496.9341,-0.0320976,5.8732186e+09,3.8816287167460217,0.011773732,0.009035199,0.007535198949277401,-0.0042065873146057125
2024-09-06,TSLA,210.73,-0.08445933,1.6183252e+10,3.8816287167460217,0.025957393,0.07326913,0.07176912879943848,0.04461480236053467
2024-09-06,AFRM,38.44,-0.030272473,4.139767e+08,3.8816287167460217,0.008064552,-0.030436998,-0.03193699823319912,-0.039693464279174806
2024-09-06,AVGO,134.47102,-0.10352049,3.8150034e+09,3.8816287167460217,0.015401421,0.08182505,0.08032504773139953,0.06391609764099121
2024-09-06,NVDA,102.6608,-0.040854283,4.079517e+10,3.8816287167460217,0.019935781,0.051249426,0.0497494258582592,0.029201637268066405
2024-09-06,ARM,117.29,-0.047119956,8.6115014e+08,3.8816287167460217,0.045570817,0.08466195,0.08316195315122604,0.03588737106323242
2024-10-31,META,564.3332,-0.04092594,6.72227e+09,9.50098347555543,5.277938e-05,-0.012156779,-0.013656778946518898,-0.013708938598632812
2024-10-31,NVDA,132.55287,-0.047222715,3.2811278e+10,9.50098347555543,0.01461301,0.024781555,0.02328155493736267,0.008522044181823731
2024-10-31,ARM,141.3,-0.08484451,7.977718e+08,9.50098347555543,0.02031136,-0.026680851,-0.028180851355195047,-0.04755668783187866
2024-10-31,PLTR,41.56,-0.048752513,1.9840754e+09,9.50098347555543,0.008902765,-0.0036092761,-0.0051092761438339945,-0.013901700019836425
2024-10-31,MRVL,79.743164,-0.03248809,7.75664e+08,9.50098347555543,0.051054735,0.053301655,0.05180165475606918,0.0006377801895141601
2024-10-31,AMZN,186.4,-0.032843884,6.001826e+09,9.50098347555543,0.0675966,0.050321918,0.048821917980909346,-0.017680872917175294
2024-10-31,AVGO,167.18417,-0.03889269,3.3501435e+09,9.50098347555543,-0.008894288,-0.0071860915,-0.008686091504991054,0.00022352790832519528
2024-10-31,DJT,35.34,-0.1171621,2.0734365e+09,9.50098347555543,-0.06281837,-0.028296547,-0.029796547010540964,0.035335789680480956
2024-10-31,ADI,216.62749,-0.030462157,5.1717386e+08,9.50098347555543,0.0034063072,0.004840564,0.0033405639827251434,-7.056140899658206e-05
2024-10-31,LIN,444.35327,-0.036438476,7.142918e+08,9.50098347555543,0.0007891862,0.0047573005,0.0032573004849255085,0.002465020179748535
2024-11-15,NVDA,141.75847,-0.032570455,2.9077545e+10,1.905575939015975,-0.017467175,0.035427768,0.033927767783403395,0.052335391998291014
2024-11-15,TEAM,240.04,-0.03980164,5.709256e+08,1.905575939015975,-0.003082779,0.032036338,0.030536338001489638,0.03372765636444092
2024-11-15,META,550.9104,-0.039988853,7.648112e+09,1.905575939015975,0.005342276,0.012651843,0.011151843018829823,0.0057706937789917
2024-11-15,VRTX,465.7,-0.037730347,6.028302e+08,1.905575939015975,-0.0010951465,-0.03798583,-0.03948583149909973,-0.03843109750747681
2024-11-15,AVGO,162.32927,-0.03251552,3.0999322e+09,1.905575939015975,0.0049746153,0.003094071,0.0015940710566937923,-0.0033712282180786133
2024-11-15,MRVL,87.42782,-0.03164269,8.2002157e+08,1.905575939015975,0.001935452,0.017192177,0.015692177474498747,0.013727198600769043
2024-11-15,GILD,84.243835,-0.040278047,6.247272e+08,1.905575939015975,-0.000113113485,-0.00735292,-0.008852919783443212,-0.008740653038024902
2024-11-15,DDOG,126.09,-0.040629968,5.45191e+08,1.905575939015975,0.006542982,0.058053833,0.05655383250117302,0.049675951957702635
2024-11-15,CDNS,289.71,-0.043987647,6.66204e+08,1.905575939015975,0.0056953295,0.034241185,0.03274118459224701,0.026884208679199217
2024-11-15,AMZN,202.61,-0.041942477,8.81073e+09,1.905575939015975,0.0076007764,0.009871181,0.008371181100606919,0.0007531747817993164
2024-12-19,QUBT,15.14,-0.41043612,8.3034157e+08,9.714991710833061,-0.044253636,0.20145312,0.19995311951637268,0.2555836544036865
2024-12-19,MARA,20.37,-0.05738083,2.0066414e+09,9.714991710833061,-0.024055064,-0.054982856,-0.056482855916023256,-0.03319006109237671
2024-12-19,HUT,23.8,-0.08916954,2.293717e+08,9.714991710833061,-0.029831896,-0.09033612,-0.09183612161874771,-0.06386469745635986
2024-12-19,IREN,11.415,-0.058944777,2.4931648e+08,9.714991710833061,-0.025843196,-0.014454662,-0.015954661868512632,0.010190616607666016
2024-12-19,UPST,67.23,-0.08306051,5.0875834e+08,9.714991710833061,-0.018295452,0.011453169,0.009953169398009777,0.028803001403808592
2024-12-19,RGTI,7.47,-0.3012161,8.831832e+08,9.714991710833061,-0.028112391,0.4672022,0.46570218658447265,0.5081418857574463
2024-12-19,QBTS,6.37,-0.28906253,4.2390762e+08,9.714991710833061,-0.07849294,0.2794348,0.27793480014801025,0.3869155750274658
2024-12-19,RIOT,11.19,-0.06359835,5.0115283e+08,9.714991710833061,-0.024128644,-0.034852494,-0.036352493554353715,-0.012489010334014892
2024-12-19,MSTR,326.46,-0.06629682,1.3928843e+10,9.714991710833061,-0.021717811,0.017674508,0.016174507573246955,0.03876687145233154
2024-12-19,SOUN,18.855,-0.09546653,1.4253053e+09,9.714991710833061,-0.03473873,0.08353226,0.08203225886821747,0.1210273609161377
2024-12-31,RGTI,15.26,-0.102352925,1.7044753e+09,6.527314265967988,0.057667047,0.24639581,0.24489581143856048,0.17693878269195557
2024-12-31,QUBT,16.55,-0.107335575,9.556825e+08,6.527314265967988,0.008459293,0.057401862,0.0559018619954586,0.04703200912475586
2024-12-31,TSLA,403.84,-0.03251002,3.814399e+10,6.527314265967988,-0.034023352,0.016343122,0.014843122348189354,0.050640474319458006
2024-12-31,APP,323.83,-0.034438603,2.0369509e+09,6.527314265967988,0.022326564,0.08282126,0.08132125741243362,0.05767346477508545
2024-12-31,QBTS,8.4,-0.09677425,6.2408806e+08,6.527314265967988,0.011904808,0.08809533,0.08659532970190048,0.0737941370010376
2024-12-31,MSTR,289.62,-0.044032205,9.205292e+09,6.527314265967988,0.036219843,0.17277816,0.1712781593799591,0.13028503513336182
2024-12-31,CRDO,67.21,-0.034339074,3.3937907e+08,6.527314265967988,0.021574238,0.07707187,0.07557186788320541,0.05282558059692383
2024-12-31,RKLB,25.47,-0.032294847,4.720296e+08,6.527314265967988,-0.0015704362,0.12838636,0.12688636338710785,0.12866128540039062
2024-12-31,SOUN,19.84,-0.12522046,1.8845628e+09,6.527314265967988,0.03200606,0.03931455,0.03781454941630363,0.005581866264343262
2024-12-31,LCID,30.2,-0.041269816,2.8740173e+08,6.527314265967988,0.0033112078,0.089403994,0.08790399438142776,0.08430875396728515
2025-01-02,AAOI,35.6,-0.034183454,1.3636946e+08,5.477945334121728,0.007022472,-0.046910062,-0.048410062432289125,-0.05505644226074219
2025-01-02,TCOM,64.45674,-0.05665608,2.2354658e+08,5.477945334121728,0.018990293,0.008800406,0.007300406008958817,-0.011499990463256836
2025-01-02,JBLU,7.48,-0.04834607,1.2786142e+08,5.477945334121728,0.0053475886,0.028074872,0.026574871748685835,0.021106372833251952
2025-01-02,TSLA,379.28,-0.060816158,3.879937e+10,5.477945334121728,0.0058004963,0.08376394,0.08226394212245941,0.07601381397247314
2025-01-02,NNE,23.93,-0.038762808,9.567228e+07,5.477945334121728,0.0029251857,0.36063522,0.3591352210044861,0.35516680335998535
2025-01-02,BILI,17.13,-0.054113828,1.1968178e+08,5.477945334121728,0.010507899,-0.008172761,-0.009672760717570781,-0.01998644018173218
2025-01-02,SOFI,14.13,-0.082467504,7.308812e+08,5.477945334121728,0.012031144,0.082094826,0.08059482580423355,0.06773067569732666
2025-01-02,WULF,5.46,-0.035335656,1.7676795e+08,5.477945334121728,0.020146545,0.19047618,0.1889761791229248,0.16546596145629883
2025-01-02,RUM,12.4,-0.046887055,1.5000408e+08,5.477945334121728,-0.004838667,0.110483944,0.10898394441604614,0.1143832311630249
2025-01-02,RCAT,11.93,-0.07159533,1.3684816e+08,5.477945334121728,0.032690644,0.18943833,0.1879383281469345,0.1502857313156128
2025-01-13,ULTA,403.94,-0.034167822,3.5132314e+08,8.7086638944739,0.012254326,0.008516123,0.007016122587025166,-0.005193044185638427
2025-01-13,AAL,17.6,-0.042437367,3.8578582e+08,8.7086638944739,0.010795484,0.026704505,0.025204505085945128,0.014239202499389649
2025-01-13,PLTR,64.98,-0.033898287,6.8427044e+09,8.7086638944739,0.033856522,0.048630286,0.04713028600811958,0.012789975166320801
2025-01-13,LUNR,16.91,-0.053721372,2.7110464e+08,8.7086638944739,0.055588443,0.13424012,0.13274012064933777,0.07300973987579346
2025-01-13,RKLB,23.91,-0.11148272,4.4255376e+08,8.7086638944739,0.02258473,0.040150605,0.038650605142116545,0.015678058624267577
2025-01-13,RGTI,6.05,-0.3225084,2.3308055e+09,8.7086638944739,0.085950404,0.8082643,0.8067643151283265,0.663644443511963
2025-01-13,CEG,276.45752,-0.085028954,9.4519686e+08,8.7086638944739,0.016670015,0.077102005,0.07560200548171997,0.05794108963012695
2025-01-13,QUBT,6.52,-0.27394205,1.0663653e+09,8.7086638944739,0.09662578,0.77147245,0.769972454071045,0.613884578704834
2025-01-13,CRDO,69.04,-0.06449867,2.7767632e+08,8.7086638944739,0.026651163,0.093279295,0.09177929466962814,0.06339849090576172
2025-01-13,SOUN,12.82,-0.09013488,1.7724897e+09,8.7086638944739,0.057722367,0.08346339,0.0819633931517601,0.02283633804321289
2025-01-14,RUM,10.21,-0.06501832,1.5694805e+08,7.731114430707649,0.0666014,0.19980411,0.19830411231517792,0.1233852014541626
2025-01-14,ALNY,240.51,-0.06876523,1.5625624e+08,7.731114430707649,0.014510854,0.03596528,0.03446527874469757,0.01964760875701904
2025-01-14,MDGL,274.12,-0.097428456,1.1184752e+08,7.731114430707649,0.0244783,-0.004851841,-0.0063518409021198746,-0.0301293625831604
2025-01-14,AAOI,27.79,-0.041393545,1.0150383e+08,7.731114430707649,0.036343947,0.11119101,0.10969101196527481,0.07072223281860351
2025-01-14,ENVX,10.56,-0.03999996,8.811083e+07,7.731114430707649,0.03693176,0.03693176,0.03543176060914993,-0.0015
2025-01-14,FTAI,150.9425,-0.06854242,2.6735502e+08,7.731114430707649,0.03568409,-0.21716999,-0.21866998517513275,-0.24564211511611939
2025-01-14,ACAD,16.9,-0.055865925,7.267991e+07,7.731114430707649,0.015976358,0.036686443,0.03518644279241562,0.01888443088531494
2025-01-14,ILMN,136.48,-0.053668045,2.9629917e+08,7.731114430707649,0.018537506,0.006521098,0.005021097850054503,-0.013297726154327392
2025-01-14,DJT,39.35,-0.082964376,4.1625782e+08,7.731114430707649,0.032274473,0.041931424,0.040431424289941786,0.007854948997497559
2025-01-14,AXSM,84.6,-0.05231319,7.828444e+07,7.731114430707649,0.017494129,0.10744686,0.10594685679674148,0.08690620517730713
2025-01-27,MRVL,99.92129,-0.19101751,1.2586634e+09,8.97165788413561,0.029602312,0.064387456,0.06288745558261871,0.03228498554229736
2025-01-27,AVGO,199.58464,-0.17396799,6.459319e+09,8.97165788413561,0.029090108,0.020877557,0.01937755687534809,-0.009480406284332275
2025-01-27,CEG,272.25977,-0.20849642,1.3867713e+09,8.97165788413561,0.02381799,0.06141822,0.05991822040081024,0.03522540187835693
2025-01-27,COIN,277.99,-0.06714769,2.2013292e+09,8.97165788413561,0.009029137,0.04680028,0.04530028185248375,0.03593314743041992
2025-01-27,GOOGL,190.69077,-0.041955937,4.367227e+09,8.97165788413561,0.004900733,0.018768579,0.017268578767776488,0.012300263404846192
2025-01-27,RGTI,12.45,-0.056818184,2.6242752e+09,8.97165788413561,0.07991967,0.016867474,0.015367473721504212,-0.05988596820831299
2025-01-27,GOOG,192.6416,-0.04026739,2.966757e+09,8.97165788413561,0.004541559,0.017598154,0.01609815402328968,0.011497627258300782
2025-01-27,APP,343.02,-0.055301614,1.2546488e+09,8.97165788413561,0.013439496,0.067984395,0.06648439472913742,0.05232144451141357
2025-01-27,SOUN,14.07,-0.11174245,1.2425028e+09,8.97165788413561,-0.03198293,-0.005685851,-0.007185850977897644,0.025665889739990233
2025-01-27,PLTR,75.44,-0.044821482,5.0858353e+09,8.97165788413561,0.0013255365,0.057264045,0.055764044880867,0.05436457252502441
2025-02-21,AVGO,215.90646,-0.03563549,6.2517704e+09,4.668314700868251,-0.00027435317,-0.07372184,-0.07522184097766876,-0.07496761226654053
2025-02-21,APP,415.31,-0.077109426,2.5253778e+09,4.668314700868251,-0.008307077,-0.092099875,-0.0935998752117157,-0.0859947099685669
2025-02-21,MRVL,103.38711,-0.04507402,1.5302276e+09,4.668314700868251,0.003949553,-0.104132526,-0.1056325256228447,-0.10915683650970459
2025-02-21,INTC,24.87,-0.046761185,2.6510203e+09,4.668314700868251,-0.012866972,-0.07559312,-0.07709312134981156,-0.06504373693466187
2025-02-21,MSTR,299.69,-0.07480245,4.8321746e+09,4.668314700868251,0.0143815195,-0.16410293,-0.1656029268503189,-0.1774539246559143
2025-02-21,TSLA,337.8,-0.046839748,2.6757798e+10,4.668314700868251,0.0010065923,-0.10361161,-0.10511161082983017,-0.10601298952102661
2025-02-21,SMCI,56.07,-0.053990226,4.377949e+09,4.668314700868251,-0.039058294,-0.18780094,-0.18930094385147095,-0.15628843450546265
2025-02-21,PLTR,101.35,-0.04629715,1.0555784e+10,4.668314700868251,-0.0539714,-0.13330047,-0.13480046832561493,-0.08535485410690308
2025-02-21,HOOD,51.6,-0.079557665,1.548056e+09,4.668314700868251,0.012403163,-0.11007753,-0.11157753014564514,-0.12248008394241333
2025-02-21,NVDA,134.2295,-0.04053965,3.7198262e+10,4.668314700868251,0.01584485,-0.05802266,-0.05952265927195549,-0.07421534204483032
2025-02-24,PLTR,90.68,-0.10527872,1.1142028e+10,2.380383427483892,-0.00033082024,-0.015108103,-0.016608102932572366,-0.016282190322875978
2025-02-24,CRWD,97.93,-0.03678566,1.4602252e+09,2.380383427483892,-0.011360186,0.0072500673,0.005750067312270403,0.017324100494384764
2025-02-24,HOOD,49.93,-0.032364305,1.6043757e+09,2.380383427483892,-0.048467893,-0.021630319,-0.023130318835377695,0.02670456027984619
2025-02-24,MSTR,282.76,-0.056491684,4.6601016e+09,2.380383427483892,-0.0518461,-0.06892779,-0.07042778724431992,-0.01951574230194092
2025-02-24,MRVL,97.51115,-0.056834564,1.553278e+09,2.380383427483892,-0.009294279,-0.030742476,-0.032242475762963296,-0.023149420261383058
2025-02-24,RGTI,10.12,-0.05860466,1.2906414e+09,2.380383427483892,-0.02025691,-0.08300397,-0.08450396800041199,-0.06554441595077515
2025-02-24,NVDA,130.08572,-0.030870885,3.7664043e+10,2.380383427483892,-0.0023027933,0.007675743,0.006175743196159602,0.008501540184020996
2025-02-24,SOUN,9.43,-0.08535403,6.450482e+08,2.380383427483892,-0.015906742,0.01484617,0.013346170321106911,0.02975
2025-02-24,AVGO,205.31158,-0.049071617,6.375445e+09,2.380383427483892,-0.004472736,0.024094744,0.022594743654131888,0.02719582176208496
2025-02-24,CEG,265.0523,-0.058782004,1.3685219e+09,2.380383427483892,-0.010981627,0.00903925,0.007539250202476979,0.018743167877197264
2025-02-25,MSTR,250.51,-0.114054374,4.6480236e+09,1.1703724991413935,-0.020438287,-0.041754786,-0.04325478592514992,-0.02326123857498169
2025-02-25,HOOD,45.92,-0.08031248,1.6865431e+09,1.1703724991413935,0.030270105,0.062282246,0.060782245606184004,0.02957154369354248
2025-02-25,SHOP,110.95,-0.039227627,1.2060648e+09,1.1703724991413935,0.008382157,-0.0010815243,-0.002581524300388992,-0.01088504934310913
2025-02-25,RGTI,9.03,-0.10770752,1.1813585e+09,1.1703724991413935,0.044850577,-0.11074197,-0.11224197292327881,-0.1504136815071106
2025-02-25,TSLA,302.8,-0.083895594,2.7802376e+10,1.1703724991413935,0.0030052962,-0.06885725,-0.07035725259780884,-0.07314722681045532
2025-02-25,CRWD,94.9375,-0.030557545,1.5009329e+09,1.1703724991413935,0.013008565,0.0012902969,-0.00020970309711992744,-0.013067771434783935
2025-02-25,APP,377.06,-0.08134977,2.7843482e+09,1.1703724991413935,-0.12886542,-0.1500292,-0.15152919733524323,-0.025794495582580568
2025-02-25,TEM,59.1,-0.15049592,1.3176767e+09,1.1703724991413935,0.01695436,-0.06429779,-0.06579778784513474,-0.08139746332168579
2025-02-25,MRVL,92.62115,-0.050148107,1.6040955e+09,1.1703724991413935,0.030645207,-0.057526752,-0.05902675235271454,-0.08705030822753906
2025-02-25,PLTR,87.84,-0.031318966,1.1403687e+10,1.1703724991413935,0.015027407,-0.034949906,-0.036449906170368196,-0.05073737049102783
2025-02-27,MSTR,240.05,-0.08819838,4.5739366e+09,3.627356949950027,-0.007206814,0.04528221,0.043782211154699324,0.05137003517150879
2025-02-27,CRWD,95.06,-0.03629361,1.3957325e+09,3.627356949950027,-0.0032610726,0.0065485504,0.005048550445586443,0.008341680526733399
2025-02-27,CEG,247.25145,-0.07551643,1.1599265e+09,3.627356949950027,-0.0132938605,-0.069872685,-0.07137268477678299,-0.05884109878540039
2025-02-27,TEM,55.3,-0.11178926,1.3696727e+09,3.627356949950027,-0.057142854,-0.07902349,-0.08052348786592484,-0.02470671081542969
2025-02-27,TSLA,281.95,-0.030433204,2.8528419e+10,3.627356949950027,-0.0086895265,0.009576101,0.00807610085606575,0.016925703048706053
2025-02-27,AVGO,195.30914,-0.07109996,5.517605e+09,3.627356949950027,-0.0103133805,-0.05272989,-0.05422988975048065,-0.044358541011810304
2025-02-27,MRVL,87.29295,-0.07639613,1.4784259e+09,3.627356949950027,-0.005476477,-0.020764466,-0.022264466375112535,-0.016872157096862794
2025-02-27,APP,320.49,-0.031752296,3.293834e+09,3.627356949950027,-0.023370434,0.052575763,0.051075763314962386,0.07626355743408203
2025-02-27,RGTI,8.03,-0.13469829,1.0821884e+09,3.627356949950027,-0.007471973,-0.041095883,-0.042595882654190065,-0.03537701511383057
2025-02-27,PLTR,84.77,-0.050834186,1.1682466e+10,3.627356949950027,-0.056505762,-0.015925428,-0.01742542789876461,0.041510711669921874
2025-03-11,ADP,281.61765,-0.034819636,5.590674e+08,9.725566443124421,0.0011627596,-0.006462906,-0.007962906021624803,-0.009116817951202392
2025-03-11,EBAY,63.653492,-0.04355464,4.0033194e+08,9.725566443124421,0.003986664,-0.014872728,-0.016372727915644647,-0.020284582614898683
2025-03-11,LULU,319.42,-0.042993605,5.9587654e+08,9.725566443124421,0.011176434,-0.030492831,-0.03199283102154732,-0.04270874404907227
2025-03-11,PCAR,101.51618,-0.05282214,2.8689814e+08,9.725566443124421,0.0006685741,-0.060160324,-0.0616603239774704,-0.06228821420669556
2025-03-11,TMUS,249.55614,-0.03735512,1.0338307e+09,9.725566443124421,-0.008415638,0.009467187,0.007967187337577343,0.01653469657897949
2025-03-11,FAST,37.472923,-0.030701725,2.3865179e+08,9.725566443124421,-0.002714973,-0.04731739,-0.04881738939881325,-0.04622380876541138
2025-03-11,PAYX,138.27153,-0.051902726,2.803264e+08,9.725566443124421,-0.00648461,-0.02006817,-0.02156817050278187,-0.015172173023223877
2025-03-11,CHTR,355.87,-0.047253143,3.895379e+08,9.725566443124421,-0.0060133873,-0.02942086,-0.03092086011171341,-0.025049079895019533
2025-03-11,CSGP,76.87,-0.038042806,3.411428e+08,9.725566443124421,0.00065038924,-0.018602839,-0.02010283873975277,-0.020740736961364747
2025-03-11,EXPE,161.84988,-0.07276342,4.3537725e+08,9.725566443124421,0.014900735,-0.040549565,-0.04204956510663033,-0.056136120796203615
2025-03-28,DASH,182.61,-0.058808386,1.8366121e+09,6.4267116015813315,-0.02519033,-0.0010404821,-0.002540482078678906,0.023273955345153807
2025-03-28,HOOD,41.92,-0.047056228,2.1565957e+09,6.4267116015813315,-0.051168814,0.005725231,0.004225231021642685,0.05846227264404297
2025-03-28,MSTR,289.41,-0.10838286,6.0024417e+09,6.4267116015813315,-0.026053034,0.057392575,0.055892574846744536,0.08417774295806885
2025-03-28,SHOP,96.68,-0.05696446,9.916814e+08,6.4267116015813315,-0.040959857,0.009929655,0.008429655119776726,0.05156291580200195
2025-03-28,QBTS,7.58,-0.059553407,7.457851e+08,6.4267116015813315,-0.04881265,-0.02110816,-0.022608159795403482,0.02762616729736328
2025-03-28,META,574.414,-0.04288226,1.0427657e+10,6.4267116015813315,-0.022956692,0.016055552,0.014555552288889885,0.03842891311645508
2025-03-28,PDD,120.45,-0.031441007,1.1291785e+09,6.4267116015813315,-0.013366547,0.014445874,0.01294587390869856,0.02668918228149414
2025-03-28,JD,38.998947,-0.030543089,5.7433984e+08,6.4267116015813315,-0.017316064,-0.0062531424,-0.00775314237549901,0.00975788688659668
2025-03-28,PLTR,85.85,-0.047064025,9.086358e+09,6.4267116015813315,-0.06814209,-0.013628401,-0.015128400862216949,0.057000051498413085
2025-03-28,NFLX,93.385,-0.04389175,5.07755e+09,6.4267116015813315,-0.0142635405,-0.005857522,-0.007357522133737802,0.007027636528015137
2025-03-31,ZS,198.42,-0.04209714,4.9700515e+08,6.412059946225668,0.007962916,0.043443177,0.04194317689538002,0.033699999809265135
2025-03-31,WGS,88.565,-0.039425105,6.871452e+07,6.412059946225668,-0.006379523,-0.041720767,-0.043220766574144365,-0.03706811809539795
2025-03-31,KTOS,29.69,-0.032268573,1.3641706e+08,6.412059946225668,-0.00033682145,0.049511597,0.04801159656047821,0.048365126609802245
2025-03-31,RKLB,17.88,-0.039742302,3.0069414e+08,6.412059946225668,-0.010626322,0.08165554,0.08015553957223892,0.09177292442321777
2025-03-31,ACMR,23.34,-0.051605057,4.5630276e+07,6.412059946225668,-0.0047129653,0.0021422124,0.0006422123536467552,0.005387555122375489
2025-03-31,QUBT,8.0,-0.053254418,1.864718e+08,6.412059946225668,0.024999976,-0.018750012,-0.020250011920928956,-0.044182945728302
2025-03-31,MELI,1950.87,-0.04745935,9.422941e+08,6.412059946225668,0.0024963196,-0.0086320285,-0.010132028475403785,-0.012600649833679199
2025-03-31,INOD,35.9,-0.03985017,7.820351e+07,6.412059946225668,0.0,0.054317463,0.05281746318936348,0.052817474365234374
2025-03-31,SMMT,19.29,-0.05068892,4.5530212e+07,6.412059946225668,-0.0051840525,0.06065309,0.059153090476989745,0.06468022918701172
2025-03-31,PTCT,50.96,-0.060472023,4.79129e+07,6.412059946225668,-0.004513335,-0.05082418,-0.052324180245399476,-0.04802082920074463
2025-04-03,CRWD,86.8475,-0.06487382,1.5867881e+09,9.36640251742655,-0.05575873,-0.06629445,-0.06779444658756256,-0.012657870292663574
2025-04-03,APP,261.98,-0.097833954,3.0483873e+09,9.36640251742655,-0.070997804,-0.11359649,-0.11509649151563645,-0.04735421085357666
2025-04-03,FISV,216.9,-0.040902056,7.139858e+08,9.36640251742655,-0.03457815,-0.08510831,-0.08660830998420715,-0.05383997106552124
2025-04-03,MSTR,282.28,-0.09681964,5.517774e+09,9.36640251742655,0.00970664,-0.050092053,-0.051592052668333055,-0.06072377109527588
2025-04-03,BKNG,176.22415,-0.05091814,1.3190908e+09,9.36640251742655,-0.02883031,-0.046252992,-0.047752992004156114,-0.019439865589141847
2025-04-03,DASH,173.99,-0.08063405,1.8408486e+09,9.36640251742655,-0.047933854,-0.044197954,-0.04569795423746109,0.0024240121841430664
2025-04-03,RGTI,8.15,-0.04004713,5.2817914e+08,9.36640251742655,-0.046625726,0.022085927,0.02058592742681503,0.07057202911376953
2025-04-03,HOOD,38.26,-0.10356143,2.0853682e+09,9.36640251742655,-0.06887084,-0.074490294,-0.07599029386043549,-0.007535089492797851
2025-04-03,PLTR,83.6,-0.04402514,8.683036e+09,9.36640251742655,-0.042224865,-0.06889955,-0.07039954954385758,-0.0293506875038147
2025-04-03,CSCO,55.811764,-0.06676434,1.4462033e+09,9.36640251742655,-0.011341889,-0.050602023,-0.0521020225584507,-0.04121052169799805
2025-04-04,DASH,163.16,-0.062244967,1.8478441e+09,3.2149910363036014,-0.043086533,0.015873967,0.014373966738581658,0.0601152286529541
2025-04-04,HOOD,34.51,-0.098013595,2.1312269e+09,3.2149910363036014,-0.11118511,-0.009852221,-0.011352221235632896,0.11250902271270752
2025-04-04,GILD,103.79005,-0.045733556,1.0916052e+09,3.2149910363036014,-0.023310035,-0.037855495,-0.039355494767427446,-0.016392578125
2025-04-04,QBTS,6.34,-0.1145251,7.568083e+08,3.2149910363036014,-0.07255521,-0.018927502,-0.020427501514554025,0.0563230619430542
2025-04-04,CME,243.81462,-0.051795892,7.740656e+08,3.2149910363036014,-0.00047162978,0.0022401162,0.0007401162423193454,0.0012129650115966797
2025-04-04,FISV,198.6,-0.08437062,7.287097e+08,3.2149910363036014,-0.032225624,-0.0151561415,-0.016656141482293607,0.01613784885406494
2025-04-04,TMUS,241.23337,-0.07383629,1.0892429e+09,3.2149910363036014,-0.01995089,-0.0072952476,-0.008795247633010149,0.011413227081298829
2025-04-04,EXE,95.831215,-0.09534149,6.994013e+08,3.2149910363036014,-0.019298151,0.0,-0.0015,0.01817787742614746
2025-04-04,NFLX,85.586,-0.06672486,4.9937357e+09,3.2149910363036014,-0.032727256,0.016988788,0.015488787800073624,0.04989815807342529
2025-04-04,PLTR,74.01,-0.11471288,8.752663e+09,3.2149910363036014,-0.09944603,0.044723652,0.04322365230321884,0.15858996963500976
2025-04-07,ONC,220.54,-0.07534276,1.2383161e+08,7.636128249419727,0.04049156,-0.06447804,-0.06597803974151611,-0.10238461637496948
2025-04-07,HSAI,14.26,-0.066142775,1.32984744e+08,7.636128249419727,0.064516135,-0.05189339,-0.053393390715122224,-0.11085449600219727
2025-04-07,NTES,89.29922,-0.06585065,1.3684808e+08,7.636128249419727,0.02587985,0.015267979,0.013767979353666306,-0.011844207286834716
2025-04-07,OLLI,108.07,-0.04607645,1.5770954e+08,7.636128249419727,0.028500063,0.018136384,0.016636383965611456,-0.011576522827148437
2025-04-07,MSTR,268.14,-0.08674763,5.550601e+09,7.636128249419727,0.037331164,0.10710811,0.10560810869932175,0.06576586818695068
2025-04-07,SRRK,26.04,-0.031970214,4.2709116e+07,7.636128249419727,0.04569887,0.03917045,0.03767045146226883,-0.007743050098419189
2025-04-07,QFIN,32.53687,-0.056732133,1.0068605e+08,7.636128249419727,0.0726166,0.019678533,0.01817853307723999,-0.05085407638549805
2025-04-07,ORLY,88.92267,-0.040313073,5.968902e+08,7.636128249419727,0.012220307,0.010953327,0.009453326709568501,-0.0027516379356384278
2025-04-07,KC,12.57,-0.05772117,5.8909236e+07,7.636128249419727,0.02505971,0.03261733,0.03111733055114746,0.005872856140136719
2025-04-07,LKQ,37.211517,-0.043109894,1.18778e+08,7.636128249419727,0.015692417,0.053151093,0.051651093423366545,0.035379897117614745
2025-04-08,HOOD,34.17,-0.035018403,2.1059958e+09,4.53612293303415,-0.013462075,0.18554288,0.18404288148880005,0.2002204761505127
2025-04-08,QUBT,6.21,-0.082717866,1.9977005e+08,4.53612293303415,-0.017713387,0.10305956,0.1015595600605011,0.12145079231262207
2025-04-08,PODD,247.04,-0.035866283,2.3480168e+08,4.53612293303415,-0.0127914045,0.017932352,0.016432351678609847,0.029621730804443358
2025-04-08,RGTI,7.72,-0.073229305,4.8370227e+08,4.53612293303415,0.03367879,0.2202073,0.2187073037624359,0.1789511547088623
2025-04-08,MNST,27.505,-0.036771182,3.6742586e+08,4.53612293303415,0.0021814716,0.050172735,0.04867273500561714,0.04638672924041748
2025-04-08,OLLI,103.49,-0.042379957,1.597467e+08,4.53612293303415,-0.020968191,0.09430865,0.09280865198373794,0.11624575710296631
2025-04-08,CORT,70.49,-0.055726774,1.8771067e+08,4.53612293303415,-0.013477046,-0.039154414,-0.04065441408753395,-0.02752815628051758
2025-04-08,HSAI,13.21,-0.07363255,1.3260201e+08,4.53612293303415,-0.012869044,-0.04693413,-0.04843413153290749,-0.03600918197631836
2025-04-08,ONC,209.41,-0.05046699,1.2313379e+08,4.53612293303415,-0.0008117958,-0.0052528824,-0.006752882372587919,-0.0059447183609008785
2025-04-08,QBTS,6.22,-0.057575777,7.630869e+08,4.53612293303415,0.008038616,0.15755628,0.15605628049373627,0.1468253240585327
2025-04-21,COST,949.6596,-0.03693299,2.6769705e+09,5.749346634032079,0.012508079,0.018866623,0.017366622820496558,0.0047800645828247074
2025-04-21,EXE,97.968025,-0.03972956,7.0058406e+08,5.749346634032079,0.016529728,0.02719108,0.025691080152988433,0.008988033294677735
2025-04-21,ZS,193.7,-0.036749713,5.2325392e+08,5.749346634032079,0.016778523,0.03557047,0.03407046875357628,0.016981969833374022
2025-04-21,CRWD,90.6725,-0.03442307,1.5529622e+09,5.749346634032079,0.016956612,0.06358046,0.0620804608464241,0.04434658145904541
2025-04-21,PLTR,90.8,-0.031776454,9.758993e+09,5.749346634032079,0.024394233,0.11035238,0.10885238206386566,0.08241118049621582
2025-04-21,DASH,171.82,-0.05197527,1.5134144e+09,5.749346634032079,0.019293372,0.054533783,0.053033783346414565,0.03307331657409668
2025-04-21,TMUS,246.45453,-0.03266678,1.2015122e+09,5.749346634032079,-0.0013414115,0.023157643,0.021657643154263495,0.02303196048736572
2025-04-21,FTNT,92.72,-0.035472758,5.3694624e+08,5.749346634032079,0.008520286,0.04616047,0.04466047069430351,0.03582216358184814
2025-04-21,HOOD,39.85,-0.032297276,2.1017239e+09,5.749346634032079,0.029611051,0.12070268,0.11920267647504806,0.08697177028656006
2025-04-21,TTWO,205.16,-0.035766322,4.2524288e+08,5.749346634032079,0.014476512,0.039676346,0.038176345884799956,0.02334011650085449
2025-05-21,SHOP,102.32,-0.038616937,1.7638922e+09,9.27874484741325,0.0009773112,-0.007916317,-0.00941631732136011,-0.010384906768798828
2025-05-21,QBTS,15.36,-0.07246376,1.02446957e+09,9.27874484741325,0.0013021132,0.22395831,0.2224583134651184,0.2208665714263916
2025-05-21,TTWO,226.76,-0.045221075,6.3491834e+08,9.27874484741325,0.005600654,-0.007805561,-0.009305561181157827,-0.014831592082977295
2025-05-21,MSTR,402.69,-0.034131274,5.6472873e+09,9.27874484741325,0.026099505,-0.08239587,-0.08389586651325226,-0.10723577880859375
2025-05-21,TEM,58.14,-0.06871698,8.39664e+08,9.27874484741325,0.0030099628,0.07602343,0.07452342963218689,0.07129443740844726
2025-05-21,IDXX,500.87,-0.031498916,3.828475e+08,9.27874484741325,-0.0032543472,0.0013975926,-0.00010240740235894922,0.0031671628952026367
2025-05-21,PLTR,120.58,-0.039891668,1.1994883e+10,9.27874484741325,0.011361711,0.022640536,0.021140535607933997,0.009652148246765137
2025-05-21,RGTI,10.96,-0.08053692,5.5380346e+08,9.27874484741325,0.006569302,0.27919713,0.2776971266269684,0.26934851264953613
2025-05-21,RIVN,16.34,-0.034278955,5.5592845e+08,9.27874484741325,-0.009179903,-0.043451656,-0.04495165565609932,-0.036089290618896486
2025-05-21,SOFI,12.8,-0.035418257,9.0438464e+08,9.27874484741325,0.0,0.022656247,0.02115624701976776,0.02115620231628418
2025-05-23,ASST,209.2,-0.19600312,2.2829402e+08,9.195663120549852,0.12332698,-0.3173996,-0.3188995912075043,-0.3938404812812805
2025-05-23,BTDR,14.46,-0.04111405,6.806633e+07,9.195663120549852,0.040110644,-0.011064996,-0.012564996011555194,-0.0507020845413208
2025-05-23,ABTC,95.25,-0.03787879,3.932027e+07,9.195663120549852,0.047244094,-0.13385826,-0.13535826349258423,-0.17443232679367066
2025-05-23,MELI,2507.83,-0.037674427,9.85907e+08,9.195663120549852,0.005406991,0.0170984,0.015598400741815567,0.01012862777709961
2025-05-23,SITM,197.59,-0.031563997,5.174958e+07,9.195663120549852,0.024748214,0.00035430602,-0.001145693984348327,-0.02530478382110596
2025-05-23,CVCO,472.79,-0.052961566,3.796499e+07,9.195663120549852,-0.002601601,-0.07986634,-0.08136634224653244,-0.07896624946594238
2025-05-23,ZM,79.28,-0.033995382,1.9416552e+08,9.195663120549852,0.008135775,0.004919266,0.0034192658625543117,-0.004690577030181884
2025-05-23,COIN,263.16,-0.03232215,3.6035776e+09,9.195663120549852,0.022267766,-0.03370577,-0.03520577096939087,-0.056254316806793214
2025-05-23,PEGA,47.739586,-0.03389992,1.1869215e+08,9.195663120549852,0.016034972,0.003227818,0.0017278180588036775,-0.014105011463165283
2025-05-23,MSTR,369.51,-0.074976176,5.8841236e+09,9.195663120549852,0.031419948,-0.014235094,-0.01573509418964386,-0.04576431655883789
2025-08-01,SMCI,56.64,-0.039511647,2.0354487e+09,2.9674148210432634,0.026836166,0.010946309,0.009446309193968773,-0.01697461748123169
2025-08-01,SOFI,21.23,-0.05978744,1.738287e+09,2.9674148210432634,0.013188916,0.014602044,0.01310204366594553,-0.0001052513122558594
2025-08-01,MSTR,366.63,-0.0876673,4.926914e+09,2.9674148210432634,0.016747085,0.02408419,0.022584189906716345,0.005716215133666993
2025-08-01,MU,104.71194,-0.039032437,2.498663e+09,2.9674148210432634,0.010869519,0.039855,0.038354999631643294,0.027173887252807616
2025-08-01,DDOG,135.6,-0.03129011,1.5794423e+09,2.9674148210432634,0.011799342,-0.019616546,-0.021116546109318735,-0.03254948997497559
2025-08-01,META,747.5599,-0.03029323,9.240249e+09,2.9674148210432634,0.013319785,0.0179331,0.016433100461959838,0.0030527219772338867
2025-08-01,SBET,17.14,-0.08878257,1.3398825e+09,2.9674148210432634,0.046674512,0.18028006,0.17878005957603454,0.1261477575302124
2025-08-01,HOOD,99.9,-0.0305677,4.812727e+09,2.9674148210432634,0.013303251,0.055655632,0.05415563216805458,0.040296326637268065
2025-08-01,COIN,314.69,-0.16695787,5.4056376e+09,2.9674148210432634,0.015412012,-0.05306814,-0.0545681386590004,-0.06894074821472168
2025-08-01,AMZN,214.75,-0.08269617,9.758508e+09,2.9674148210432634,0.012339902,-0.0046565775,-0.006156577482819557,-0.018289317131042482
2025-08-19,APP,412.6,-0.059150822,2.4370074e+09,3.4616853878166864,-0.018371345,0.014929723,0.013429722994565964,0.032424341201782225
2025-08-19,NVDA,175.40637,-0.034997992,2.7690035e+10,3.4616853878166864,-0.0026759326,-0.0037577534,-0.005257753409445285,-0.002584744930267334
2025-08-19,SOFI,22.75,-0.061081287,1.635789e+09,3.4616853878166864,-0.014505492,0.025494503,0.02399450285732746,0.03908873653411865
2025-08-19,HOOD,107.5,-0.06537991,4.3404964e+09,3.4616853878166864,-0.0077674333,-0.0111627625,-0.012662762530148029,-0.004921902656555175
2025-08-19,AMD,166.55,-0.054445308,1.2080554e+10,3.4616853878166864,-0.014710278,-0.017051915,-0.01855191470682621,-0.0038766160011291504
2025-08-19,SBET,18.38,-0.08648119,1.1146685e+09,3.4616853878166864,0.011969599,-0.018498274,-0.019998273566365243,-0.031607498168945314
2025-08-19,COIN,302.07,-0.05817979,4.245987e+09,3.4616853878166864,0.0072830194,-0.0059258067,-0.007425806704908609,-0.014613319873809814
2025-08-19,AVGO,292.7649,-0.035485372,5.1421957e+09,3.4616853878166864,0.0018648392,-0.01800555,-0.019505549907684328,-0.02133332633972168
2025-08-19,SMCI,43.24,-0.057130374,2.1715505e+09,3.4616853878166864,0.0013875476,-0.021507869,-0.02300786854326725,-0.02436374568939209
2025-08-19,PLTR,157.75,-0.09354708,1.0954655e+10,3.4616853878166864,-0.034548316,-0.009952503,-0.011452503256499767,0.023975978851318358
2025-08-20,SOUN,12.44,-0.0646617,6.79018e+08,1.9752654723729535,0.011254047,0.00964637,0.008146370075643063,-0.0030897750854492188
2025-08-20,INTC,23.54,-0.06993277,3.0503624e+09,1.9752654723729535,-0.00042481854,0.05352584,0.05202583900094032,0.05247355556488037
2025-08-20,ODD,59.84,-0.030145876,7.633051e+07,1.9752654723729535,-0.005848905,0.011196493,0.009696493171155453,0.015645633697509764
2025-08-20,PONY,14.89,-0.044900566,1.2479356e+08,1.9752654723729535,-0.022834126,-0.006715942,-0.008215942174196243,0.014994870185852051
2025-08-20,BULL,14.34,-0.03951776,2.2110389e+08,1.9752654723729535,-0.011854956,0.07461643,0.0731164321899414,0.08600879764556885
2025-08-20,USAR,14.27,-0.038409684,1.0779117e+08,1.9752654723729535,0.010511535,0.11352487,0.11202486908435821,0.10044182395935058
2025-08-20,CAR,147.94,-0.05542072,2.1409656e+08,1.9752654723729535,-0.012167115,0.051034223,0.04953422328829765,0.062479744911193846
2025-08-20,PGY,30.29,-0.030409696,1.235341e+08,1.9752654723729535,-0.007923462,0.11455917,0.11305917358398437,0.12196088886260986
2025-08-20,SYM,44.5,-0.049145285,1.4136326e+08,1.9752654723729535,-0.0006741299,0.038876396,0.03737639567255974,0.03807724571228027
2025-08-20,MU,117.02218,-0.039655883,2.2423524e+09,1.9752654723729535,-0.0017916552,0.0040098885,0.002509888507425785,0.0043119297027587895
2025-08-21,WMT,97.142105,-0.04494492,1.6983543e+09,1.185846422645568,0.0011228648,-0.01929361,-0.020793610006570817,-0.021893550395965578
2025-08-21,PONY,14.36,-0.035594404,1.1528841e+08,1.185846422645568,0.004874697,0.015320353,0.013820353209972382,0.008894930839538575
2025-08-21,RUN,14.74,-0.047188137,2.4452786e+08,1.185846422645568,0.015603833,0.11126183,0.10976182973384857,0.09268833255767822
2025-08-21,SEDG,30.21,-0.057704374,1.2839696e+08,1.185846422645568,0.018536955,0.058920912,0.05742091244459152,0.03814900970458984
2025-08-21,NXT,64.04,-0.03160436,1.771054e+08,1.185846422645568,0.009993744,0.05543403,0.053934029549360274,0.04349053955078125
2025-08-21,SBET,18.04,-0.07344625,1.05033165e+09,1.185846422645568,0.019955581,0.06263853,0.0611385286450386,0.040347825050354
2025-08-21,HUT,21.37,-0.04213351,1.0137014e+08,1.185846422645568,0.0018717364,0.0973327,0.09583270108699798,0.0937826738357544
2025-08-21,WING,316.22668,-0.03185934,3.0243318e+08,1.185846422645568,0.0038272105,0.004078221,0.0025782210417091846,-0.001249898910522461
2025-08-21,FSLR,192.0,-0.0699477,6.6741766e+08,1.185846422645568,0.011197885,0.03875001,0.03725001147389412,0.025747071266174315
2025-08-21,RGTI,14.27,-0.033197816,5.8925357e+08,1.185846422645568,-0.005956555,0.014015404,0.01251540357619524,0.01859165287017822
2025-10-10,PLTR,175.44,-0.05407882,9.970996e+09,8.66270216859644,0.018467797,0.024509821,0.023009821087121962,0.004432450294494629
2025-10-10,NVDA,182.9267,-0.04886533,3.2450198e+10,8.66270216859644,0.02626114,-0.017089019,-0.018589018598198892,-0.043740798473358156
2025-10-10,AMZN,216.37,-0.049925398,1.0788564e+10,8.66270216859644,0.006146887,9.245401e-05,-0.0014075459927553311,-0.00751738691329956
2025-10-10,AAPL,244.36731,-0.034522098,1.37121e+10,8.66270216859644,0.016757065,0.010192849,0.00869284874200821,-0.007955957889556884
2025-10-10,AVGO,322.82086,-0.05909794,8.0143596e+09,8.66270216859644,0.086683325,0.060068384,0.05856838381290436,-0.025991846561431886
2025-10-10,AMD,214.9,-0.07724679,1.2910703e+10,8.66270216859644,0.02466265,0.014844125,0.013344125136733056,-0.011082102298736572
2025-10-10,APP,569.89,-0.05068962,6.9608873e+09,8.66270216859644,0.035287485,0.03534018,0.03384017875790596,-0.0014490976333618164
2025-10-10,TSLA,413.49,-0.050626848,4.4099383e+10,8.66270216859644,0.02428114,0.0380904,0.036590400397777556,0.011981855392456055
2025-10-10,HOOD,138.96,-0.08854781,5.511384e+09,8.66270216859644,0.04073106,-0.028857294,-0.030357294470071794,-0.06836490774154663
2025-10-10,META,703.4704,-0.038458943,9.646723e+09,8.66270216859644,0.010931436,0.0047497503,0.003249750252813101,-0.007614900112152099
2025-11-17,QBTS,22.83,-0.033036876,1.5398418e+09,7.191104342477843,-0.026719255,0.026719255,0.025219255372881888,0.05340553379058838
2025-11-17,SHOP,139.93,-0.04183786,1.532828e+09,7.191104342477843,-0.017365774,0.043378886,0.04187888583540916,0.06031812286376953
2025-11-17,APP,539.27,-0.033046428,2.791986e+09,7.191104342477843,-0.010968603,-0.017097246,-0.018597245901823045,-0.007696558475494384
2025-11-17,RGTI,24.69,-0.031004671,2.5653373e+09,7.191104342477843,-0.013770763,0.031186655,0.029686655163764952,0.044085155487060546
2025-11-17,QCOM,163.3483,-0.041556396,2.4106527e+09,7.191104342477843,-0.011154398,-0.0038381368,-0.005338136792182922,0.0058988437652587895
2025-11-17,RKLB,43.31,-0.048967928,1.0547882e+09,7.191104342477843,-0.0251674,0.007157644,0.005657643791288138,0.031659613609313964
2025-11-17,OPEN,7.84,-0.034482725,1.075403e+09,7.191104342477843,-0.04974494,-0.14668368,-0.1481836780309677,-0.10351340913772583
2025-11-17,APLD,22.935,-0.030232565,8.641414e+08,7.191104342477843,-0.029212996,0.00675826,0.005258260075002909,0.035553704261779784
2025-11-17,MRVL,83.32771,-0.03470216,1.4119825e+09,7.191104342477843,-0.03570999,-0.025524244,-0.027024243712425233,0.009062896728515625
2025-11-17,HOOD,115.97,-0.053306114,3.7365105e+09,7.191104342477843,-0.017763194,0.018884216,0.017384215503931044,0.035810123443603514
2025-11-18,AMZN,222.55,-0.044316538,1.2870138e+10,2.7968450671396283,0.005347124,-0.02430916,-0.025809160187840463,-0.030998577117919923
2025-11-18,PDD,119.58,-0.07331054,9.4631814e+08,2.7968450671396283,-0.00025086786,-0.05561132,-0.05711131983995438,-0.05687432432174683
2025-11-18,MRVL,78.564705,-0.057159953,1.4337594e+09,2.7968450671396283,0.0052109063,-0.025419435,-0.026919434532523157,-0.031971503734588624
2025-11-18,OPEN,7.52,-0.040816348,1.0973152e+09,2.7968450671396283,-0.02061173,-0.18085109,-0.18235108697414398,-0.16511171007156372
2025-11-18,MU,228.2767,-0.055590067,5.6062136e+09,2.7968450671396283,-0.00695833,-0.11873091,-0.12023091012239456,-0.11405580186843872
2025-11-18,SNDK,244.93,-0.078794986,2.698587e+09,2.7968450671396283,0.025231732,-0.19993462,-0.20143461668491364,-0.2211248173713684
2025-11-18,WDC,152.57536,-0.059033465,1.5133688e+09,2.7968450671396283,-1.0000821e-07,-0.08262468,-0.08412468129396439,-0.08412455463409424
2025-11-18,CRDO,139.56,-0.041351862,8.3229216e+08,2.7968450671396283,0.007237101,-0.034608785,-0.03610878506302834,-0.04304521226882935
2025-11-18,CRWD,128.4175,-0.030408936,1.1486408e+09,2.7968450671396283,-0.0005840088,-0.024062114,-0.025562113836407663,-0.024991799831390382
2025-11-18,AMD,230.29,-0.04253289,1.3519849e+10,2.7968450671396283,-0.00013026524,-0.10538881,-0.1068888127207756,-0.10677229309082031
2025-11-20,MU,201.1732,-0.10866688,6.10016e+09,9.817668128772326,0.015692554,0.11203264,0.11053263700008392,0.09335161304473877
2025-11-20,AMD,206.02,-0.07841645,1.3536962e+10,9.817668128772326,0.013542342,0.04383069,0.042330689042806624,0.028383623123168944
2025-11-20,IREN,43.47,-0.051494665,2.3573612e+09,9.817668128772326,-0.01403268,0.11548195,0.11398195034265518,0.12985790824890137
2025-11-20,SOFI,24.91,-0.0677395,2.4443103e+09,9.817668128772326,-0.0112404935,0.09995985,0.0984598503112793,0.1109645471572876
2025-11-20,HOOD,106.21,-0.10113409,3.7214705e+09,9.817668128772326,0.0153469285,0.08247813,0.08097812837362289,0.0646165714263916
2025-11-20,QCOM,156.33437,-0.039251015,2.457054e+09,9.817668128772326,0.007268634,0.03427534,0.032775341778993605,0.025311718940734862
2025-11-20,SNDK,195.96,-0.20328508,3.0050337e+09,9.817668128772326,0.048019942,0.15819554,0.15669554030895233,0.10362745380401611
2025-11-20,INTC,33.62,-0.042438097,3.7080481e+09,9.817668128772326,-0.0032718803,0.064544976,0.06304497575759888,0.0665394172668457
2025-11-20,NVDA,180.4099,-0.031524785,3.937826e+10,9.817668128772326,0.0033215648,0.010573574,0.009073574341833592,0.005728136062622071
2025-11-20,PLTR,155.745,-0.058487505,1.1341974e+10,9.817668128772326,0.0017014954,0.041767024,0.040267023503780364,0.038497458457946776
2025-12-12,NVDA,174.8068,-0.03266449,3.7618848e+10,6.155793438107452,0.016683808,0.01542684,0.013926839701831341,-0.0027363195419311524
2025-12-12,MRVL,84.30629,-0.05590959,1.9734038e+09,6.155793438107452,0.0052114017,-0.0042639975,-0.0057639975436031814,-0.010926236152648925
2025-12-12,AVGO,357.92413,-0.11428007,1.0964732e+10,6.155793438107452,0.005445558,-0.051760003,-0.0532600029706955,-0.05839579248428345
2025-12-12,HOOD,119.5,-0.031447537,3.6010191e+09,6.155793438107452,0.0075313933,-0.0008368073,-0.0023368073031306267,-0.009805668830871582
2025-12-12,MU,240.90436,-0.06701229,5.9521423e+09,6.155793438107452,0.024757365,-0.035788402,-0.0372884019613266,-0.06058304452896118
2025-12-12,AMD,210.78,-0.048096437,9.077085e+09,6.155793438107452,0.007116425,-0.007638299,-0.009138298906385898,-0.016150464057922365
2025-12-12,APP,670.67,-0.064590365,2.4410934e+09,6.155793438107452,0.017743487,0.009885645,0.008385644540190697,-0.009220828056335449
2025-12-12,AMAT,258.28946,-0.040353954,1.972489e+09,6.155793438107452,0.016280368,-0.0014274019,-0.0029274019049480558,-0.018924166202545167
2025-12-12,SNDK,206.18,-0.14664131,3.29441e+09,6.155793438107452,0.040086403,0.015180934,0.013680934220552445,-0.02544556999206543
2025-12-12,INTC,37.81,-0.043027006,3.3164134e+09,6.155793438107452,0.013752987,-0.013224014,-0.014724014081060886,-0.02811097049713135
2025-12-15,HOOD,115.26,-0.035481155,3.5444692e+09,4.267419208592855,0.012450092,0.0046850676,0.0031850675716996193,-0.009169568061828613
2025-12-15,ONDS,7.69,-0.12114285,8.8428634e+08,4.267419208592855,-0.009102753,-0.041612506,-0.04311250591278076,-0.03430836343765259
2025-12-15,IREN,35.48,-0.11587345,1.7715832e+09,4.267419208592855,-0.01662909,-0.04791434,-0.04941434109210968,-0.033314277172088624
2025-12-15,RGTI,23.53,-0.08939626,1.06674874e+09,4.267419208592855,-0.018274555,-0.04504893,-0.04654892975091934,-0.028772820472717286
2025-12-15,ALAB,143.66,-0.03486733,1.01175315e+09,4.267419208592855,-0.01468746,-0.023806196,-0.025306195706129075,-0.010754634380340576
2025-12-15,AVGO,337.91626,-0.05589976,1.1660952e+10,4.267419208592855,-0.011153236,-0.040581457,-0.04208145731687546,-0.03126018190383911
2025-12-15,SOFI,25.82,-0.053519096,1.7961674e+09,4.267419208592855,-0.0030983705,-0.021301288,-0.022801288157701494,-0.01975946569442749
2025-12-15,CRWD,121.8675,-0.03429216,1.2496632e+09,4.267419208592855,-0.0020226731,-0.0357971,-0.03729710051417351,-0.03534286165237427
2025-12-15,RKLB,55.41,-0.09887789,9.953442e+08,4.267419208592855,-0.022017708,-0.026168576,-0.027668575510382654,-0.005744327545166015
2025-12-15,NBIS,81.14,-0.07469498,1.7013304e+09,4.267419208592855,-0.019287681,-0.07012574,-0.07162573629617691,-0.05333786153793335
2025-12-17,MU,225.29962,-0.03006316,5.824619e+09,4.926473218327956,0.13750434,0.1791416,0.1776415959596634,0.03510404682159424
2025-12-17,INTC,36.05,-0.033771165,3.204222e+09,4.926473218327956,0.036893256,0.021359237,0.019859236910939215,-0.016481329441070558
2025-12-17,AVGO,324.20312,-0.04477002,1.3190804e+10,4.926473218327956,0.03061151,0.04398499,0.042484990566968917,0.011476288795471192
2025-12-17,NVDA,170.73177,-0.038149916,3.6995805e+10,4.926473218327956,0.021001464,0.058792517,0.05729251658916473,0.03551364994049072
2025-12-17,GOOG,297.4779,-0.03142358,8.957208e+09,4.926473218327956,0.016775142,0.035395533,0.033895532846450804,0.016813169479370116
2025-12-17,TSLA,467.26,-0.046174563,3.4447786e+10,4.926473218327956,0.02332747,0.029833501,0.028333501204848288,0.004857789039611817
2025-12-17,GOOGL,296.14392,-0.03212968,1.4165744e+10,4.926473218327956,0.016850913,0.03518471,0.03368471121788025,0.01652992820739746
2025-12-17,AMD,198.11,-0.05287564,8.1373404e+09,4.926473218327956,0.028822405,0.07733074,0.07583073830604553,0.045649300575256346
2025-12-17,HOOD,115.8,-0.030150741,3.455572e+09,4.926473218327956,0.052417956,0.04792742,0.04642742058634758,-0.005766977310180664
2025-12-17,PLTR,177.29,-0.05571242,7.0787727e+09,4.926473218327956,0.023802817,0.09075533,0.08925532853603363,0.06389595127105713
2025-12-31,RUN,18.4,-0.036144607,1.022725e+08,4.986841756041187,0.039402194,-0.004347822,-0.005847822163254022,-0.04359154844284058
2025-12-31,XMTR,59.47,-0.058124773,4.2585092e+07,4.986841756041187,0.012947712,0.14023872,0.13873871719837189,0.12416399574279785
2025-12-31,AAOI,34.86,-0.032204326,1.6800016e+08,4.986841756041187,0.042598985,0.003729233,0.0022292330525815487,-0.038781572818756105
2025-12-31,OSIS,255.06,-0.030005759,5.775579e+07,4.986841756041187,0.011605079,0.063984975,0.06248497521877289,0.05027903175354004
2025-12-31,PLAB,32.0,-0.050445125,7.309996e+07,4.986841756041187,0.034062505,0.043125033,0.04162503337860107,0.007264028549194336
2025-12-31,COGT,35.52,-0.043103408,1.0131578e+08,4.986841756041187,0.0033783482,-0.035473034,-0.03697303378582001,-0.04022060775756836
2025-12-31,CHRN,8.64,-0.1833648,5.9567224e+07,4.986841756041187,-0.010416684,-0.010416684,-0.011916683740913868,-0.0015
2025-12-31,VICR,109.6,-0.036059793,4.1905068e+07,4.986841756041187,0.01697081,0.21934308,0.21784308111667633,0.19749523258209228
2025-12-31,MRNA,29.49,-0.03025321,3.0532176e+08,4.986841756041187,0.011529338,0.09087821,0.0893782109618187,0.07694448089599609
2025-12-31,FROG,62.46,-0.045975287,1.3393472e+08,4.986841756041187,0.008325336,-0.05747679,-0.05897678875923157,-0.06675880098342896
2026-01-02,WVE,15.95,-0.061764717,2.4154029e+08,3.7180919911048704,-0.013166146,-0.050156754,-0.05165675351023674,-0.03898416900634766
2026-01-02,APP,618.32,-0.08236621,2.3802888e+09,3.7180919911048704,-0.0010027091,-0.001746696,-0.0032466959543526173,-0.002244760036468506
2026-01-02,ZM,83.32,-0.034418833,1.9901307e+08,3.7180919911048704,0.002760482,0.029284716,0.02778471565246582,0.02495111083984375
2026-01-02,PEGA,55.820686,-0.060814176,6.5910932e+07,3.7180919911048704,0.0019621325,0.071173705,0.06967370516061783,0.06757594203948974
2026-01-02,KYMR,72.76,-0.06490163,1.234181e+08,3.7180919911048704,-0.0023365282,0.009620628,0.008120628319680691,0.010485182762145996
2026-01-02,MDB,399.65,-0.04774955,6.435727e+08,3.7180919911048704,0.010909585,0.09060426,0.0891042605638504,0.0773346529006958
2026-01-02,VERA,48.62,-0.039889425,7.727821e+07,3.7180919911048704,-0.0082270205,-0.04319207,-0.0446920699775219,-0.036755134105682374
2026-01-02,BRZE,32.55,-0.050743703,8.237858e+07,3.7180919911048704,0.013210455,-0.035637476,-0.037137475550174714,-0.04971103811264038
2026-01-02,PLTR,167.86,-0.05563994,6.625331e+09,3.7180919911048704,0.04182059,0.07059458,0.06909457898139953,0.026118885040283202
2026-01-02,FROG,59.57,-0.046269603,1.3848253e+08,3.7180919911048704,-0.0036931545,-0.0065469095,-0.00804690945520997,-0.004364301204681396
2026-01-20,QBTS,27.04,-0.06208807,1.115832e+09,4.565382605261078,0.019600546,0.014423054,0.012923053711652756,-0.0065779581069946285
2026-01-20,NVDA,177.85307,-0.043816764,2.9833214e+10,4.565382605261078,0.005503536,0.038018737,0.036518736988306044,0.030837188720703124
2026-01-20,KLAC,148.06859,-0.052072305,1.337025e+09,4.565382605261078,0.014177299,0.009299016,0.007799015626311303,-0.006310094833374023
2026-01-20,APLD,35.46,-0.05187172,1.1083894e+09,4.565382605261078,0.024534766,-0.020304495,-0.021804495468735696,-0.04526554489135742
2026-01-20,TSLA,419.25,-0.041714285,3.0125117e+10,4.565382605261078,0.005748369,0.07181869,0.07031868702173233,0.06419266319274902
2026-01-20,AAPL,246.03032,-0.03455563,1.2209303e+10,4.565382605261078,0.008107,0.006688294,0.005188294000923634,-0.002907325267791748
2026-01-20,IREN,54.26,-0.061570413,1.5694067e+09,4.565382605261078,0.030593436,-0.036859564,-0.03835956448316574,-0.06695060873031616
2026-01-20,AMZN,231.0,-0.033957824,9.122286e+09,4.565382605261078,0.00038959453,0.014458858,0.012958858408033848,0.01256383514404297
2026-01-20,AVGO,331.3793,-0.054334518,1.0669961e+10,4.565382605261078,0.008749257,-0.021377085,-0.02287708477675915,-0.031365026473999025
2026-01-20,RKLB,89.16,-0.07414329,2.3761748e+09,4.565382605261078,0.009645502,-0.013234638,-0.014734637677669525,-0.02416150712966919
2026-02-04,AMAT,296.54315,-0.06611865,2.5749217e+09,7.027932647079453,0.008299779,0.083703145,0.08220314538478851,0.0732826099395752
2026-02-04,TSLA,406.01,-0.03779975,2.7033885e+10,7.027932647079453,-0.022142362,0.012561207,0.011061206705868245,0.03398932075500488
2026-02-04,LRCX,209.38145,-0.08830952,3.1809055e+09,7.027932647079453,-0.0078653125,0.10120133,0.09970133310556412,0.10843123054504394
2026-02-04,WDC,269.12454,-0.071768075,2.7057377e+09,7.027932647079453,-0.049515612,0.048884567,0.047384566873311995,0.10202623462677002
2026-02-04,AVGO,306.91937,-0.038335543,8.779483e+09,7.027932647079453,0.02041884,0.080733836,0.07923383569717407,0.05760801887512207
2026-02-04,AMD,200.19,-0.17314443,9.747458e+09,7.027932647079453,0.008342066,0.04121085,0.039710848838090895,0.031096945762634276
2026-02-04,SNDK,584.55,-0.15953763,9.968452e+09,7.027932647079453,-0.035582907,0.02292366,0.02142365953326225,0.059165249824523924
2026-02-04,ASML,1332.7278,-0.04065524,3.0900104e+09,7.027932647079453,-0.007475105,0.055170108,0.05367010763287544,0.06161690807342529
2026-02-04,NVDA,173.9778,-0.03410222,3.1168043e+10,7.027932647079453,0.004248098,0.06441241,0.06291240757703781,0.05840970134735107
2026-02-04,MU,379.18237,-0.09546061,1.4774311e+10,7.027932647079453,-0.025777606,0.040300447,0.03880044749379158,0.066326509475708
2026-02-05,ECHO,107.02,-0.033155713,8.7047814e+08,3.573067316518703,0.029994458,0.07634093,0.0748409286737442,0.04349673843383789
2026-02-05,WDC,259.9143,-0.03422295,2.6584566e+09,3.573067316518703,0.03958648,0.099158354,0.09765835410356521,0.05580354785919189
2026-02-05,IREN,39.79,-0.114597194,2.4286318e+09,3.573067316518703,0.0041467934,0.15983917,0.15833916819095611,0.15354932403564453
2026-02-05,STX,404.4556,-0.03148365,2.0334337e+09,3.573067316518703,0.051325638,0.04821801,0.0467180118560791,-0.004455973148345947
2026-02-05,USAR,20.6,-0.124521896,6.990345e+08,3.573067316518703,0.040776707,0.13786408,0.13636408305168152,0.09178353404998779
2026-02-05,ONDS,8.48,-0.123967014,1.322205e+09,3.573067316518703,0.057193473,0.21933971,0.21783971345424652,0.15187419509887695
2026-02-05,RKLB,66.32,-0.09287377,2.0664417e+09,3.573067316518703,0.04041014,0.14354639,0.14204638755321503,0.09763027286529541
2026-02-05,ASTS,93.27,-0.09884061,1.8367954e+09,3.573067316518703,0.04803263,0.094885886,0.09338588571548462,0.04320586776733398
2026-02-05,AMD,192.5,-0.038413517,9.908967e+09,3.573067316518703,0.024051974,0.12207792,0.12057791954278946,0.09422362899780273
2026-02-05,APLD,27.845,-0.11715287,1.4424073e+09,3.573067316518703,0.063027516,0.37403482,0.3725348219871521,0.2910676107406616
2026-03-12,INTC,45.25,-0.0568987,3.6194698e+09,9.387223103770793,0.01591163,0.011270681,0.009770681396126748,-0.006068219184875488
2026-03-12,LITE,616.09,-0.08319937,3.7113633e+09,9.387223103770793,0.030385122,0.01420247,0.01270246995985508,-0.01720546627044678
2026-03-12,LRCX,209.34254,-0.042856425,2.2866158e+09,9.387223103770793,0.013604458,0.04730524,0.04580524122714996,0.031748543739318846
2026-03-12,ADI,305.49985,-0.037435114,1.5639913e+09,9.387223103770793,0.00849428,0.011878986,0.010378985911607743,0.0018562183380126953
2026-03-12,MU,405.11746,-0.031861328,1.3342572e+10,9.387223103770793,0.020722961,0.08992233,0.08842233127355575,0.06629444217681885
2026-03-12,AMD,197.74,-0.034614053,7.2206075e+09,9.387223103770793,0.0018711191,-0.0058663073,-0.00736630729958415,-0.009222973823547363
2026-03-12,MRVL,87.60452,-0.0306281,1.6413087e+09,9.387223103770793,0.0010266928,0.044599086,0.04309908604621887,0.04202760314941406
2026-03-12,TSLA,395.01,-0.03141091,2.3838159e+10,9.387223103770793,0.010531388,0.0013923389,-0.00010766110941767696,-0.010543812751770019
2026-03-12,AMAT,336.49142,-0.03930844,2.782225e+09,9.387223103770793,0.015417982,0.026417922,0.02491792222857475,0.009333024978637696
2026-03-12,SNDK,618.82,-0.05585644,1.2176864e+10,9.387223103770793,0.019278616,0.13705115,0.13555115020275116,0.11404491519927978
2026-03-13,CENX,54.73,-0.05163749,1.4233891e+08,5.961253472933336,0.004933317,0.032157905,0.030657905399799346,0.02559090709686279
2026-03-13,FIVE,210.36,-0.03073307,1.9749208e+08,5.961253472933336,0.01654305,0.017303666,0.015803666099905966,-0.0007517232894897461
2026-03-13,RGLD,258.02637,-0.03972884,2.439894e+08,5.961253472933336,-0.014163736,-0.012697149,-0.014197149068117141,-1.2387275695800812e-05
2026-03-13,FTAI,221.3726,-0.061288223,5.4323795e+08,5.961253472933336,0.033477265,0.06483982,0.06333981758356094,0.02884663200378418
2026-03-13,HYMC,37.93,-0.05458621,1.9319568e+08,5.961253472933336,0.028737152,0.061956193,0.060456193298101424,0.03079105472564697
2026-03-13,SSRM,28.15344,-0.043773264,1.4623093e+08,5.961253472933336,-0.004613255,0.0028388584,0.0013388584032654762,0.005986701011657715
2026-03-13,PRAX,293.95,-0.031051137,1.3015281e+08,5.961253472933336,0.025548492,0.03208026,0.030580259174108504,0.004869113922119141
2026-03-13,AAOI,96.81,-0.08833228,9.4149126e+08,5.961253472933336,0.03295117,-0.10825324,-0.10975324058532715,-0.13819991493225098
2026-03-13,XENE,55.23,-0.046114024,1.105673e+08,5.961253472933336,-0.004164395,-0.00054316095,-0.002043160946108401,0.0021363601684570312
2026-03-13,ALM,19.675,-0.065764494,9.068255e+07,5.961253472933336,0.05209665,-0.077001244,-0.07850124382972717,-0.12420528078079224
2026-03-20,RKLB,67.23,-0.065341264,1.4277192e+09,5.305963421073017,0.012717472,-0.017254256,-0.01875425571203232,-0.031095315456390382
2026-03-20,LITE,706.35,-0.08519295,4.87907e+09,5.305963421073017,0.051525477,0.13540033,0.13390032505989075,0.07826484298706055
2026-03-20,AAOI,87.54,-0.14109103,1.1991148e+09,5.305963421073017,0.02810143,0.3011195,0.29961950635910034,0.26405562019348144
2026-03-20,MU,422.6574,-0.04810135,1.6026614e+10,5.305963421073017,0.007684966,-0.064719744,-0.06621974402666092,-0.07335250520706177
2026-03-20,WDC,292.9296,-0.07518998,2.6081247e+09,5.305963421073017,0.018798867,0.027123729,0.02562372876703739,0.006671200752258301
2026-03-20,NBIS,117.62,-0.03209343,1.8996324e+09,5.305963421073017,-0.0077368105,-0.02304029,-0.0245402909219265,-0.016922821044921876
2026-03-20,SNDK,709.71,-0.08079369,1.2419288e+10,5.305963421073017,0.008862744,-0.010187318,-0.011687317617237567,-0.020382691860198976
2026-03-20,INTC,43.87,-0.050021686,3.8354836e+09,5.305963421073017,0.014360636,0.0043310337,0.0028310336768627166,-0.0113876953125
2026-03-20,ASML,1312.6814,-0.035963405,2.1907333e+09,5.305963421073017,0.032248985,0.06238005,0.060880049377679823,0.027689705848693846
2026-03-20,STX,410.22144,-0.05377352,1.3990314e+09,5.305963421073017,0.021326223,0.03338755,0.031887549221515654,0.010309468269348145
2026-03-27,ASTS,78.67,-0.104598254,1.2297768e+09,6.814231339971016,0.011008071,0.053387627,0.051887627005577086,0.040418158531188964
2026-03-27,ARM,144.13,-0.06892764,9.3955424e+08,6.814231339971016,-0.00020813695,0.049607947,0.04810794746875763,0.04832650279998779
2026-03-27,RKLB,60.93,-0.07597819,1.5693527e+09,6.814231339971016,0.008534391,0.053996403,0.05249640277028084,0.04357732391357422
2026-03-27,FSLY,27.43,-0.040573623,3.0711542e+08,6.814231339971016,0.036456436,0.059423957,0.057923957020044325,0.020659576416015624
2026-03-27,MRNA,49.56,-0.0748553,4.7416304e+08,6.814231339971016,0.0023203765,0.025020134,0.023520133703947066,0.02114714241027832
2026-03-27,CIFR,13.745,-0.042160314,3.5274605e+08,6.814231339971016,0.020734802,-0.06365951,-0.06515951150655747,-0.08417992734909058
2026-03-27,RCAT,12.68,-0.09428569,3.5172352e+08,6.814231339971016,0.043375332,0.032334372,0.030834372401237486,-0.012082029819488525
2026-03-27,NBIS,100.82,-0.048598673,1.9811708e+09,6.814231339971016,0.014084489,0.029160906,0.027660905629396437,0.013366948127746582
2026-03-27,ON,58.35,-0.041399714,4.460281e+08,6.814231339971016,0.004627257,0.061182514,0.05968251383304596,0.05479479885101318
2026-03-27,ONDS,8.8,-0.06779655,9.9385786e+08,6.814231339971016,0.0011363897,0.027272701,0.025772701263427733,0.02460659599304199
2026-03-30,INTC,41.19,-0.044980347,3.8221668e+09,4.805608699900887,0.018451134,0.16605973,0.1645597324371338,0.14343441581726074
2026-03-30,MRVL,87.744415,-0.074515186,2.069136e+09,4.805608699900887,0.09782489,0.21523748,0.21373748338222504,0.10545016384124756
2026-03-30,SNDK,572.5,-0.070360355,1.2047726e+10,4.805608699900887,0.02709172,0.2100087,0.20850869572162628,0.1765921220779419
2026-03-30,AMAT,322.37408,-0.041670408,2.3866772e+09,4.805608699900887,0.01767142,0.0949492,0.09344920074939728,0.07443584060668945
2026-03-30,ASML,1249.611,-0.03724456,2.2744054e+09,4.805608699900887,0.024219159,0.08437265,0.08287264710664749,0.0572310791015625
2026-03-30,LITE,654.79,-0.06821966,5.1681137e+09,4.805608699900887,0.036973722,0.16777906,0.16627905821800232,0.12464142894744873
2026-03-30,MU,321.7505,-0.098776266,1.8163e+10,4.805608699900887,-0.00040386527,0.14310138,0.14160137927532196,0.1420631513595581
2026-03-30,WDC,251.52365,-0.085966386,2.4751212e+09,4.805608699900887,0.02912547,0.18301752,0.1815175220966339,0.14803672885894775
2026-03-30,NBIS,92.26,-0.08490376,1.9548369e+09,4.805608699900887,0.06199871,0.1050292,0.10352920299768448,0.03901840305328369
2026-03-30,LRCX,199.78926,-0.05430209,2.4291594e+09,4.805608699900887,0.030360589,0.11043864,0.10893863743543625,0.07621837711334228
2026-06-05,NVDA,205.1,-0.062014073,3.871233e+10,2.311869022710539,0.02476834,0.015065803,0.013565803192555905,-0.01096807861328125
2026-06-05,AVGO,385.12048,-0.07920554,1.1751447e+10,2.311869022710539,0.04378703,0.016669666,0.015169666394591332,-0.027479816913604738
2026-06-05,MU,863.87714,-0.1325201,4.702517e+10,2.311869022710539,0.085948095,0.083193496,0.08169349586963653,-0.004036535263061523
2026-06-05,AMZN,246.03,-0.03057644,1.0577901e+10,2.311869022710539,0.0026419295,-0.007478748,-0.008978747982531786,-0.011594046592712402
2026-06-05,MRVL,263.40503,-0.16736716,1.0345908e+10,2.311869022710539,0.09572245,0.012942612,0.011442612171173096,-0.07704823160171509
2026-06-05,AMD,466.38,-0.10860093,1.6276034e+10,2.311869022710539,0.039924514,0.019576322,0.01807632228732109,-0.021067012786865236
2026-06-05,LITE,863.66,-0.08615148,5.944345e+09,2.311869022710539,0.0418336,-0.048514422,-0.05001442202925682,-0.08822022819519043
2026-06-05,SNDK,1559.32,-0.113861665,1.9051776e+10,2.311869022710539,0.04789271,0.0559347,0.05443470111489296,0.006174455642700196
2026-06-05,QCOM,214.7711,-0.10978276,6.012925e+09,2.311869022710539,0.023571394,-0.048717253,-0.05021725291013718,-0.07212393426895142
2026-06-05,INTC,99.17,-0.11281089,1.5403439e+10,2.311869022710539,0.11929013,0.08823233,0.08673233097791672,-0.029247809886932374
2026-07-17,NVMI,437.46,-0.030301716,2.7696576e+08,6.70953576383674,0.022516359,0.035751875,0.03425187548995018,0.01144398307800293
2026-07-17,MXL,71.84,-0.03440867,3.5222006e+08,6.70953576383674,0.037861936,0.19793989,0.1964398876428604,0.15273822402954101
2026-07-17,PENG,60.41,-0.08428075,3.6000746e+08,6.70953576383674,-0.02466482,-0.038238727,-0.03973872655630112,-0.015417148113250732
2026-07-17,AAL,14.98,-0.039743643,2.595555e+09,6.70953576383674,0.014018695,0.020026715,0.018526715472340582,0.00442494010925293
2026-07-17,KLAC,212.50981,-0.030177291,3.7081633e+09,6.70953576383674,0.022091623,0.022608675,0.0211086750626564,-0.0009941949844360352
2026-07-17,ALAB,303.62,-0.050415948,2.406731e+09,6.70953576383674,0.019004082,0.053257406,0.05175740575790405,0.032114516258239745
2026-07-17,AMAT,529.0942,-0.05574677,7.557931e+09,6.70953576383674,0.030151537,0.06587255,0.06437255001068115,0.03317559814453125
2026-07-17,CDNS,330.11,-0.09472099,8.9444205e+08,6.70953576383674,0.008815255,0.04401572,0.04251572048664093,0.03339291667938232
2026-07-17,AFRM,76.07,-0.0472194,3.3513322e+08,6.70953576383674,-0.0026291173,-0.017746791,-0.019246791243553163,-0.016657580375671388
2026-07-17,SNDK,1354.82,-0.03987018,2.444217e+10,6.70953576383674,0.039828233,0.17314483,0.17164483225345611,0.12671030616760254
2026-07-24,NBIS,187.77,-0.15024662,3.8849044e+09,9.662704648458245,0.047691334,-0.09628802,-0.09778801792860031,-0.13892536306381226
2026-07-24,INTC,92.32,-0.078918524,1.2352432e+10,9.662704648458245,0.0015164579,-0.065207936,-0.06670793586969376,-0.06812338972091675
2026-07-24,MRVL,194.23,-0.07209063,6.591497e+09,9.662704648458245,0.023116952,-0.10173503,-0.10323503309488297,-0.12353103303909302
2026-07-24,STX,851.69,-0.06751991,4.470313e+09,9.662704648458245,0.005048771,-0.122568086,-0.12406808578968048,-0.12847577476501465
2026-07-24,MU,920.95,-0.06994477,4.865776e+10,9.662704648458245,0.012487105,-0.10903956,-0.1105395599603653,-0.12152778053283692
2026-07-24,LRCX,305.21,-0.0455626,4.383996e+09,9.662704648458245,0.003604096,-0.11664102,-0.11814102226495743,-0.12131326341629028
2026-07-24,SNDK,1436.56,-0.1079095,2.3743883e+10,9.662704648458245,0.018398069,-0.23699677,-0.23849676990509033,-0.25228094005584717
2026-07-24,AMD,521.95,-0.032870702,1.5000679e+10,9.662704648458245,0.010652357,-0.12899706,-0.1304970576763153,-0.13967745447158814
2026-07-24,AMAT,535.6772,-0.047174785,6.603252e+09,9.662704648458245,0.006135223,-0.11149651,-0.11299650812149048,-0.11841445112228394
2026-07-24,WDC,519.6332,-0.068959385,4.7278065e+09,9.662704648458245,0.006156217,-0.1082916,-0.10979160362482071,-0.11524759674072266
2026-07-27,SNDK,1278.23,-0.11021473,2.3367674e+10,7.793082933555141,-0.08185539,-0.20523691,-0.20673691177368164,-0.13588135385513306
2026-07-27,KLAC,203.13042,-0.034011018,3.2082606e+09,7.793082933555141,-0.049616463,-0.16310976,-0.16460976445674896,-0.1209184422492981
2026-07-27,AMAT,516.3379,-0.036102515,6.2766413e+09,7.793082933555141,-0.0502428,-0.15562308,-0.15712307834625244,-0.11245499992370606
2026-07-27,LITE,711.96,-0.06688157,3.442616e+09,7.793082933555141,-0.048331413,-0.15395534,-0.155455340385437,-0.11248814010620117
2026-07-27,ASML,1653.1221,-0.057953715,3.7177938e+09,7.793082933555141,-0.04393025,-0.061962835,-0.06346283549070358,-0.02036117458343506
2026-07-27,WDC,497.76022,-0.04209307,4.4984335e+09,7.793082933555141,-0.063925944,-0.072059795,-0.07355979526042938,-0.010189343929290771
2026-07-27,STX,816.99,-0.04074254,4.379957e+09,7.793082933555141,-0.05162853,-0.06433371,-0.0658337070941925,-0.014896799564361572
2026-07-27,LRCX,291.61,-0.044559505,4.2581204e+09,7.793082933555141,-0.056376573,-0.13463181,-0.13613181257247925,-0.0844305648803711
2026-07-27,AMD,494.95,-0.05172909,1.5064656e+10,7.793082933555141,-0.056470376,-0.13211438,-0.13361438059806824,-0.08167134666442871
2026-07-27,NVDA,196.51,-0.049941994,2.6980626e+10,7.793082933555141,-0.0076840594,-0.0330772,-0.03457719901204109,-0.02708976411819458
2026-07-28,AMAT,475.95105,-0.07821785,5.6617943e+09,3.5167969738259615,-0.027368492,0.053120922,0.0516209222972393,0.08125437355041504
2026-07-28,MU,820.53,-0.088502534,4.367827e+10,3.5167969738259615,0.015197458,0.06596948,0.06446948206424713,0.048511873245239256
2026-07-28,LRCX,269.61,-0.07544323,4.1085612e+09,3.5167969738259615,-0.018916123,0.10426178,0.10276177829504013,0.12405289268493652
2026-07-28,AMD,454.62,-0.081483014,1.454179e+10,3.5167969738259615,-0.0042673056,0.067682944,0.06618294423818588,0.07075871086120605
2026-07-28,INTC,86.3,-0.058579635,1.2184902e+10,3.5167969738259615,0.0031285821,0.055967487,0.05446748739480972,0.051174174308776854
2026-07-28,SNDK,1096.1,-0.1424861,2.3078238e+10,3.5167969738259615,0.021191522,0.16774017,0.16624016618728638,0.1420074806213379
2026-07-28,MRVL,174.47,-0.077707864,5.971706e+09,3.5167969738259615,-0.0025219375,0.05061043,0.049110430538654326,0.05176664447784424
2026-07-28,WDC,463.36127,-0.06910748,4.0769907e+09,3.5167969738259615,0.03643928,0.15000743,0.148507426738739,0.10807539081573486
2026-07-28,STX,747.3,-0.08530092,4.299135e+09,3.5167969738259615,0.052923843,0.13967618,0.13817618346214294,0.08089197731018066
2026-07-28,NBIS,169.69,-0.09681713,3.95333e+09,3.5167969738259615,0.004478723,0.11043662,0.10893661832809448,0.10398555850982666
2026-07-29,SNDK,1015.89,-0.0731776,2.3164492e+10,1.0729537655966226,0.11725678,0.19582823,0.19432822918891907,0.06882537460327148
2026-07-29,MRVL,163.4,-0.063449346,5.7519283e+09,1.0729537655966226,0.091676936,0.14785804,0.14635803854465484,0.04996312713623047
2026-07-29,AMD,429.56,-0.055122957,1.4517417e+10,1.0729537655966226,0.07086322,0.10845981,0.10695980793237686,0.03360868549346924
2026-07-29,LRCX,252.35,-0.064018324,4.0271562e+09,1.0729537655966226,0.26130375,0.16116498,0.15966498410701752,-0.08089308881759644
2026-07-29,MU,739.0,-0.09936264,4.2826613e+10,1.0729537655966226,0.07326119,0.11370775,0.1122077510356903,0.036185751914978026
2026-07-29,LITE,602.35,-0.07605114,3.2189327e+09,1.0729537655966226,0.09887939,0.18525779,0.18375779247283935,0.0771060094833374
2026-07-29,NBIS,148.22,-0.12652485,4.0562511e+09,1.0729537655966226,0.16165154,0.28464445,0.2831444547176361,0.10437775707244873
2026-07-29,AMAT,435.9838,-0.08397346,5.40481e+09,1.0729537655966226,0.10546455,0.16318026,0.16168026185035705,0.05070937728881836
2026-07-29,INTC,81.88,-0.05121675,1.2109172e+10,1.0729537655966226,0.056546226,0.10161211,0.10011211341619491,0.041153918266296385
2026-07-29,KLAC,169.99786,-0.10801886,3.0829842e+09,1.0729537655966226,0.09794937,0.07421116,0.07271115785837173,-0.02312057161331177
2026-08-18,MRVL,216.0,-0.07822303,4.4457267e+09,9.939807747359069,0.111712985,0.16208331,0.16058331286907196,0.043808709144592284
2026-08-18,SNDK,1625.78,-0.09014184,2.3527823e+10,9.939807747359069,0.034829434,-0.015475669,-0.01697566894441843,-0.05011193895339966
2026-08-18,WDC,496.0008,-0.07434564,4.1980826e+09,9.939807747359069,-0.003789096,-0.054639667,-0.05613966727256775,-0.0525440468788147
2026-08-18,STX,903.68,-0.091587156,4.645548e+09,9.939807747359069,0.008542882,-0.05913598,-0.06063598090410233,-0.06860559129714966
2026-08-18,LITE,873.31,-0.0986583,4.300466e+09,9.939807747359069,0.021630365,0.0068360968,0.00533609675616026,-0.01598112726211548
2026-08-18,MU,940.76,-0.070165545,3.6944687e+10,9.939807747359069,0.019771222,0.035683922,0.034183922469615935,0.014104138374328614
2026-08-18,INTC,96.69,-0.06570679,1.1497692e+10,9.939807747359069,0.0074464907,-0.047161084,-0.048661083668470384,-0.05570398712158203
2026-08-18,AVGO,380.0,-0.031674422,7.3952005e+09,9.939807747359069,-0.020000016,-0.04202632,-0.04352631860971451,-0.02397583866119385
2026-08-18,NBIS,248.43,-0.075953186,5.7159956e+09,9.939807747359069,-0.064847186,-0.113995865,-0.11549586498737335,-0.05405681276321411
2026-08-18,AMD,484.39,-0.04270748,1.3883281e+10,9.939807747359069,0.0034888661,-0.030822318,-0.03232231804728508,-0.03569196605682373
2026-08-19,INTC,92.8,-0.04023166,1.1455568e+10,8.331579944503048,-0.010021554,-0.029418139,-0.030918138787150384,-0.021092881202697755
2026-08-19,WDC,461.9417,-0.0686674,4.1571942e+09,8.331579944503048,0.0028133886,-0.0057347915,-0.0072347915135324,-0.010024179458618164
2026-08-19,LITE,827.6,-0.05234112,4.3129646e+09,8.331579944503048,0.0028999813,0.047257185,0.0457571849822998,0.04272891139984131
2026-08-19,AMD,466.42,-0.037098207,1.3556907e+10,8.331579944503048,-0.0016079928,0.014643425,0.01314342512190342,0.014777670860290528
2026-08-19,STX,832.56,-0.07870042,4.624765e+09,8.331579944503048,0.0013452425,0.020947441,0.019447441458702086,0.01807583427429199
2026-08-19,LRCX,307.17,-0.063277625,3.2222228e+09,8.331579944503048,-0.0063157286,0.0222352,0.0207351998090744,0.0272322998046875
2026-08-19,NBIS,223.9,-0.098740086,5.988995e+09,8.331579944503048,-0.0040196246,-0.021304104,-0.02280410447716713,-0.018854249954223634
2026-08-19,KLAC,187.27,-0.038605623,2.285305e+09,8.331579944503048,-0.009131237,-0.017514812,-0.019014811828732492,-0.009960819721221923
2026-08-19,SNDK,1568.87,-0.035004757,2.366209e+10,8.331579944503048,8.28653e-05,0.017343668,0.01584366826713085,0.01575935935974121
2026-08-19,AMAT,495.64,-0.03530811,4.0586719e+09,8.331579944503048,-0.012226672,-0.006698425,-0.0081984249278903,0.004096756935119629
2026-08-20,BIIB,214.35,-0.032541938,1.9937494e+08,3.8475937708658847,0.015908506,0.017588004,0.01608800446987152,0.00015319442749023434
2026-08-20,MRNA,133.32,-0.23546275,2.5749243e+09,3.8475937708658847,-0.0015752078,0.041779116,0.04027911579608917,0.041922818183898924
2026-08-20,OKTA,134.16,-0.049925663,3.6138826e+08,3.8475937708658847,0.011627888,-0.023777597,-0.025277596652507783,-0.03649853610992432
2026-08-20,MDB,420.37,-0.045763068,5.677308e+08,3.8475937708658847,0.0132740615,-0.04205817,-0.04355816984176636,-0.056107391357421876
2026-08-20,STLD,219.0,-0.051989067,2.9463056e+08,3.8475937708658847,0.028538812,0.046894997,0.04539499735832214,0.01634682273864746
2026-08-20,AXON,614.26,-0.04872075,5.484996e+08,3.8475937708658847,0.01562852,-0.027138317,-0.02863831700384617,-0.043608774185180665
2026-08-20,CRWD,190.34,-0.05599369,1.513653e+09,3.8475937708658847,0.003152286,0.001786258,0.0002862579552456736,-0.0028617277145385742
2026-08-20,CHYM,31.95,-0.033867523,2.7420515e+08,3.8475937708658847,0.0015649213,0.023474177,0.021974177345633505,0.02037502384185791
2026-08-20,UAL,111.71,-0.035152875,4.1554218e+08,3.8475937708658847,0.024975391,0.016650261,0.015150261357426644,-0.009622265338897705
2026-08-20,SITM,598.81,-0.032163735,3.0937142e+08,3.8475937708658847,0.027053677,-0.029792467,-0.03129246713221073,-0.05684881353378296
